5119
5631
5887
6015
6079
6111
6127
6135
6141
6142
6655
7151
7166
8167
12799
13055
13183
13247
13279
13295
13303
13307
13309
13310
13567
13695
13791
13815
13819
13822
13951
14015
14047
14063
14071
14075
14077
14078
14175
14191
14206
14239
14255
14270
14287
14295
14299
14301
14302
14311
14315
14317
14318
14323
14325
14326
14329
14330
14332
15071
15095
15099
15102
15311
15319
15325
15326
16079
16087
16091
16093
16094
16117
16118
16122
16327
16334
16342
20991
21375
21439
21471
21495
21501
21887
21951
22007
22011
22143
22207
22255
22263
22267
22335
22367
22383
22391
22395
22397
22398
22431
22447
22455
22459
22461
22462
22479
22487
22491
22493
22494
22503
22507
22509
22510
22515
22517
22518
22521
22522
22524
24351
24367
24375
24379
24381
24382
24407
24435
24437
24438
24444
24487
24499
24501
24502
24561
28927
29055
29119
29151
29167
29175
29179
29181
29182
29503
29535
29559
29565
29599
29615
29623
29627
29629
29630
29655
29661
29685
29686
29692
29823
29887
29919
29935
29943
29947
29949
29950
30047
30063
30071
30075
30077
30078
30111
30127
30135
30139
30141
30142
30167
30171
30173
30174
30183
30187
30189
30190
30195
30198
30201
30202
30204
30271
30303
30319
30327
30331
30333
30334
30367
30383
30391
30395
30397
30398
30415
30423
30427
30429
30430
30439
30443
30445
30446
30451
30453
30457
30458
30460
30495
30511
30519
30523
30525
30526
30543
30551
30555
30557
30558
30567
30571
30573
30574
30579
30581
30582
30585
30586
30588
30607
30615
30619
30621
30622
30631
30635
30637
30638
30643
30645
30646
30650
30652
30663
30667
30669
30670
30675
30677
30678
30681
30682
30691
30693
30697
30698
30700
30705
30706
30708
30712
31807
31839
31863
31869
31903
31919
31927
31931
31933
31934
31959
31965
31987
31989
31990
32031
32047
32055
32059
32061
32062
32079
32087
32091
32093
32094
32103
32107
32109
32110
32115
32117
32118
32121
32122
32124
32143
32151
32155
32157
32158
32167
32171
32173
32174
32179
32181
32182
32186
32188
32199
32203
32205
32206
32211
32213
32214
32217
32218
32227
32229
32233
32234
32236
32241
32242
32244
32248
32535
32539
32541
32542
32551
32557
32563
32566
32570
32572
32595
32597
32598
32625
32628
32647
32653
32659
32661
32662
32675
32677
32684
32690
32692
32721
32752
61687
61759
61791
61807
61815
61819
61821
61822
61911
61915
61917
61918
61942
61946
62239
62255
62263
62267
62269
62270
62295
62301
62325
62326
62332
62359
62363
62365
62366
62375
62381
62390
62394
62396
62421
62422
62452
62807
62811
62823
62827
62829
62838
62842
62844
62962
63255
63259
63261
63262
63271
63275
63277
63278
63286
63290
63292
63317
63318
63321
63322
63333
63337
63348
63352
63379
63381
63410
63412
63472
82431
82687
82815
82879
82911
82927
82935
82939
82941
82942
83423
83439
83447
83451
83453
83454
83647
83707
83902
83934
84351
84471
84951
86271
86399
86463
86495
86511
86519
86523
86525
86526
86655
86719
86751
86775
86779
86781
86782
86847
86879
86895
86903
86907
86909
86910
86943
86959
86967
86971
86973
86974
86991
86999
87003
87005
87006
87015
87019
87021
87022
87029
87030
87033
87034
87036
87391
87407
87415
87419
87421
87422
87455
87471
87479
87483
87485
87486
87511
87515
87517
87518
87527
87531
87533
87534
87539
87542
87545
87546
87548
87615
87647
87671
87675
87677
87678
87735
87739
87795
87797
87801
87839
87855
87863
87867
87869
87870
87887
87895
87899
87901
87902
87911
87915
87917
87918
87923
87925
87926
87929
87930
87932
87951
87959
87963
87965
87966
87975
87979
87981
87982
87987
87989
87990
87994
87996
88007
88011
88013
88014
88019
88021
88022
88025
88026
88028
88035
88037
88041
88042
88044
88049
88050
88052
88056
88383
88415
88431
88439
88443
88445
88446
88495
88503
88507
88551
88555
88563
88565
88566
88863
88879
88887
88891
88893
88894
88911
88919
88923
88925
88926
88935
88939
88941
88942
88947
88949
88950
88953
88954
88956
88975
88983
88987
88989
88990
88999
89003
89005
89006
89011
89013
89014
89018
89020
89031
89035
89037
89038
89043
89045
89046
89049
89050
89052
89059
89061
89065
89066
89068
89073
89074
89076
89080
89879
89883
89895
89899
89901
89902
89907
89910
89914
89916
89927
89931
89939
89941
89942
89945
89955
89957
89961
89964
89969
89970
89972
89976
90019
90021
90034
90081
90096
94335
94399
94431
94455
94459
94461
94462
94527
94559
94575
94583
94587
94589
94590
94623
94639
94647
94651
94653
94654
94679
94683
94685
94686
94695
94699
94701
94702
94710
94714
94716
94815
94839
94843
94845
94846
94903
94907
94909
94910
94935
94939
94941
94942
94965
94969
94972
95055
95063
95067
95069
95070
95079
95083
95085
95086
95091
95093
95094
95097
95098
95100
95127
95133
95134
95149
95150
95175
95179
95181
95182
95189
95190
95193
95194
95205
95209
95212
95220
95224
95327
95351
95355
95357
95358
95391
95415
95419
95421
95422
95447
95451
95453
95454
95475
95481
95482
95575
95579
95581
95582
95591
95595
95597
95598
95603
95606
95610
95612
95639
95643
95645
95646
95655
95659
95661
95662
95670
95674
95676
95699
95705
95706
95715
95721
95722
95730
95736
95831
95835
95837
95838
95859
95861
95865
95868
95895
95899
95901
95902
95925
95930
95932
95955
95961
95962
95985
95992
96071
96075
96077
96078
96083
96085
96086
96089
96090
96099
96101
96105
96108
96113
96114
96116
96120
96135
96141
96142
96150
96172
96195
96201
96202
96209
96210
96225
96232
96240
96351
96375
96379
96381
96382
96463
96471
96475
96477
96478
96487
96491
96493
96494
96499
96501
96502
96599
96605
96606
96621
96622
96711
96715
96717
96718
96723
96725
96726
96739
96741
96746
96748
96754
96756
96967
96971
96973
96974
96979
96981
96982
96997
97001
97004
97012
97359
97367
97371
97373
97374
97383
97387
97389
97390
97397
97398
97402
97479
97483
97485
97486
97491
97493
97494
97497
97498
97507
97513
97514
97521
97522
97607
97613
97614
97622
97644
97731
97737
97738
97745
97746
97761
97768
97776
97987
97993
97994
98002
98024
106751
106879
106943
106975
106991
106999
107003
107005
107006
107135
107199
107231
107255
107259
107261
107262
107359
107375
107390
107423
107439
107447
107453
107454
107471
107479
107483
107485
107486
107495
107499
107501
107502
107509
107510
107513
107514
107516
107887
107895
107899
107901
107902
107951
107959
107966
108007
108011
108013
108014
108019
108022
108026
108127
108151
108155
108157
108158
108215
108275
108277
108281
108367
108375
108382
108391
108398
108455
108462
108470
108487
108491
108494
108502
108517
108518
108524
108975
109031
109046
109542
110719
110783
110839
110843
110911
110943
110959
110967
110971
110973
110974
111007
111023
111031
111037
111038
111063
111067
111069
111070
111079
111083
111085
111086
111094
111098
111100
111199
111223
111227
111229
111230
111287
111293
111294
111319
111323
111325
111326
111349
111353
111356
111439
111447
111453
111454
111463
111470
111511
111518
111527
111533
111534
111542
111559
111563
111565
111566
111573
111574
111577
111578
111589
111593
111596
111604
111608
111975
111979
111981
111982
111990
111994
111996
112039
112046
112054
112099
112106
112114
112215
112219
112245
112252
112369
112455
112462
112470
112579
113063
123007
123071
123127
123131
123199
123231
123247
123255
123259
123261
123262
123295
123311
123319
123323
123325
123326
123351
123355
123357
123358
123367
123371
123373
123374
123382
123386
123388
123455
123487
123511
123515
123517
123518
123575
123579
123581
123582
123607
123611
123613
123614
123637
123641
123644
123679
123695
123703
123707
123709
123710
123727
123735
123739
123741
123742
123751
123755
123757
123758
123765
123766
123769
123770
123772
123799
123803
123805
123806
123815
123819
123821
123822
123830
123834
123836
123847
123851
123853
123854
123861
123862
123865
123866
123877
123878
123881
123884
123892
123896
124247
124251
124253
124254
124263
124267
124269
124270
124278
124282
124284
124311
124315
124317
124318
124327
124331
124333
124334
124342
124346
124348
124371
124377
124378
124387
124390
124393
124394
124402
124408
124471
124475
124477
124478
124503
124507
124533
124537
124540
124595
124597
124657
124695
124699
124701
124702
124711
124715
124717
124718
124726
124730
124732
124743
124747
124749
124750
124757
124758
124761
124762
124773
124774
124777
124780
124788
124792
124807
124811
124813
124814
124819
124821
124822
124835
124837
124838
124842
124844
124850
124852
124867
124870
124873
124874
124881
124882
124897
124898
124900
124904
124912
125215
125231
125239
125243
125245
125246
125271
125275
125287
125291
125293
125294
125302
125306
125308
125351
125355
125363
125365
125366
125411
125413
125414
125426
125719
125723
125725
125726
125735
125739
125741
125742
125750
125754
125756
125767
125771
125773
125774
125781
125782
125785
125786
125797
125798
125801
125804
125812
125816
125831
125835
125837
125838
125843
125845
125846
125859
125861
125862
125866
125868
125874
125876
125891
125894
125897
125898
125905
125906
125921
125922
125924
125928
125936
126758
126790
126820
126882
126944
127039
127071
127095
127099
127101
127102
127159
127163
127263
127279
127287
127291
127293
127294
127319
127323
127325
127326
127335
127339
127341
127342
127350
127354
127356
127383
127387
127389
127390
127399
127403
127405
127406
127414
127418
127420
127543
127547
127549
127550
127575
127579
127581
127582
127605
127609
127612
127767
127771
127773
127774
127783
127787
127789
127790
127798
127802
127804
127815
127819
127821
127822
127829
127830
127833
127834
127845
127849
127852
127860
127864
129303
129307
129319
129323
129325
129326
129334
129338
129340
129443
129445
129458
245887
246007
246011
246014
246079
246111
246127
246135
246139
246141
246142
246231
246235
246237
246238
246262
246266
246367
246391
246395
246397
246398
246455
246459
246461
246462
246487
246491
246493
246494
246517
246521
246524
246607
246615
246621
246622
246631
246638
246679
246685
246686
246701
246702
246727
246731
246733
246741
246745
246746
246757
246761
246903
246907
246909
246910
247027
247034
247127
247131
247133
247143
247147
247149
247162
247251
247257
247383
247387
247389
247447
247451
247482
249919
249975
249979
249981
249982
250039
250043
250045
250046
250143
250159
250174
250199
250203
250205
250206
250215
250219
250221
250222
250230
250234
250236
250263
250267
250269
250270
250279
250283
250285
250286
250294
250298
250300
250332
250455
250459
250461
250462
250485
250492
250588
250695
250701
250702
250710
250716
250780
250828
250836
250840
251228
251292
251352
251484
251548
251608
251724
251788
251796
251848
251856
252071
252075
252077
252078
252085
252086
252295
252301
252302
252310
252316
252364
252372
252620
252628
253324
253384
253392
253640
258103
258107
258110
258327
258333
258334
368767
368887
368991
369007
369015
369021
369022
369111
369115
369117
369118
369131
369133
369134
369142
369146
369148
369501
369559
369566
369581
369590
369621
372831
372855
372859
372861
372862
373079
373083
373085
373086
373095
373099
373101
373102
373110
373114
373116
373335
373339
373341
373342
373365
373372
373575
373581
373582
373590
389207
512348
1053183
1053439
1053567
1053631
1053663
1053679
1053687
1053691
1053693
1053694
1053951
1054079
1054143
1054175
1054191
1054199
1054203
1054205
1054206
1054335
1054399
1054431
1054447
1054455
1054459
1054461
1054462
1054559
1054575
1054590
1054623
1054639
1054647
1054651
1054653
1054654
1054671
1054679
1054683
1054685
1054686
1054695
1054699
1054701
1054702
1054707
1054709
1054710
1054713
1054714
1054716
1054975
1055167
1055199
1055215
1055223
1055227
1055229
1055230
1055455
1055471
1055479
1055483
1055485
1055486
1055695
1055703
1055709
1055710
1055719
1055726
1055935
1055967
1055983
1055991
1055995
1055997
1055998
1056159
1056175
1056190
1056207
1056215
1056219
1056221
1056222
1056231
1056235
1056237
1056238
1056243
1056245
1056246
1056249
1056250
1056252
1056463
1056471
1056475
1056477
1056478
1056487
1056491
1056493
1056494
1056501
1056502
1056506
1056508
1056711
1056717
1056718
1056726
1056732
1061247
1061343
1061367
1061371
1061374
1061503
1061567
1061599
1061615
1061623
1061627
1061629
1061630
1061727
1061743
1061758
1061791
1061807
1061822
1061839
1061847
1061851
1061853
1061854
1061863
1061867
1061869
1061870
1061877
1061878
1061881
1061882
1061884
1062015
1062111
1062135
1062139
1062142
1062239
1062255
1062263
1062267
1062269
1062270
1062359
1062363
1062365
1062366
1062387
1062390
1062394
1062495
1062511
1062519
1062523
1062525
1062526
1062559
1062575
1062583
1062587
1062589
1062590
1062607
1062615
1062619
1062621
1062622
1062631
1062635
1062637
1062638
1062643
1062645
1062646
1062649
1062650
1062652
1062735
1062743
1062749
1062750
1062759
1062766
1062799
1062807
1062813
1062814
1062829
1062830
1062855
1062859
1062861
1062862
1062867
1062869
1062870
1062873
1062874
1062876
1062883
1062885
1062886
1062889
1062890
1062892
1062897
1062898
1062900
1062904
1063631
1063639
1063643
1063645
1063646
1063669
1063670
1063674
1063879
1063886
1063894
1063900
1064647
1064651
1064654
1064659
1064661
1064662
1064665
1064666
1064668
1064692
1064902
1069439
1069503
1069535
1069551
1069559
1069563
1069565
1069566
1069695
1069759
1069791
1069807
1069815
1069819
1069821
1069822
1069887
1069919
1069935
1069943
1069947
1069949
1069950
1069983
1069999
1070007
1070011
1070013
1070014
1070031
1070039
1070043
1070045
1070046
1070055
1070059
1070061
1070062
1070069
1070070
1070073
1070074
1070076
1070207
1070271
1070303
1070319
1070327
1070331
1070333
1070334
1070431
1070447
1070455
1070459
1070461
1070462
1070495
1070511
1070519
1070523
1070525
1070526
1070551
1070555
1070557
1070558
1070567
1070571
1070573
1070574
1070579
1070582
1070585
1070586
1070588
1070655
1070687
1070703
1070711
1070715
1070717
1070718
1070751
1070767
1070775
1070779
1070781
1070782
1070799
1070807
1070811
1070813
1070814
1070823
1070827
1070829
1070830
1070835
1070837
1070841
1070842
1070844
1070879
1070895
1070903
1070907
1070909
1070910
1070927
1070935
1070939
1070941
1070942
1070951
1070955
1070957
1070958
1070963
1070965
1070966
1070969
1070970
1070972
1070991
1070999
1071003
1071005
1071006
1071015
1071019
1071021
1071022
1071027
1071029
1071030
1071034
1071036
1071047
1071051
1071053
1071054
1071059
1071061
1071062
1071065
1071066
1071068
1071075
1071077
1071081
1071082
1071084
1071089
1071090
1071092
1071096
1071231
1071295
1071327
1071343
1071351
1071355
1071357
1071358
1071423
1071455
1071471
1071479
1071483
1071485
1071486
1071519
1071535
1071543
1071547
1071549
1071550
1071567
1071575
1071579
1071581
1071582
1071591
1071595
1071597
1071598
1071603
1071605
1071606
1071610
1071612
1071679
1071711
1071735
1071739
1071741
1071742
1071791
1071799
1071803
1071805
1071806
1071823
1071831
1071835
1071837
1071838
1071847
1071851
1071853
1071854
1071859
1071861
1071862
1071865
1071868
1071903
1071919
1071927
1071931
1071933
1071934
1071951
1071959
1071963
1071965
1071966
1071975
1071979
1071981
1071982
1071987
1071989
1071990
1071993
1071994
1071996
1072015
1072023
1072027
1072029
1072030
1072039
1072043
1072045
1072046
1072051
1072053
1072054
1072058
1072060
1072071
1072075
1072077
1072078
1072083
1072085
1072086
1072089
1072090
1072092
1072099
1072101
1072105
1072106
1072108
1072113
1072114
1072116
1072120
1072191
1072223
1072239
1072247
1072251
1072253
1072254
1072287
1072303
1072311
1072315
1072317
1072318
1072335
1072343
1072347
1072349
1072350
1072359
1072363
1072365
1072366
1072371
1072373
1072374
1072377
1072378
1072415
1072431
1072439
1072443
1072445
1072446
1072463
1072471
1072475
1072477
1072478
1072487
1072491
1072493
1072494
1072499
1072501
1072502
1072505
1072506
1072508
1072527
1072535
1072539
1072541
1072542
1072551
1072555
1072557
1072558
1072563
1072565
1072566
1072570
1072572
1072583
1072587
1072589
1072590
1072595
1072597
1072598
1072601
1072602
1072604
1072611
1072613
1072617
1072618
1072620
1072625
1072626
1072628
1072632
1072671
1072687
1072695
1072699
1072701
1072702
1072719
1072727
1072731
1072733
1072734
1072743
1072747
1072749
1072750
1072755
1072757
1072758
1072761
1072762
1072764
1072783
1072791
1072795
1072797
1072798
1072807
1072811
1072813
1072814
1072819
1072821
1072822
1072826
1072828
1072839
1072843
1072845
1072846
1072851
1072853
1072854
1072857
1072858
1072860
1072867
1072869
1072873
1072874
1072876
1072881
1072882
1072884
1072888
1072919
1072923
1072925
1072926
1072935
1072939
1072941
1072942
1072947
1072950
1072954
1072956
1072967
1072971
1072973
1072974
1072979
1072981
1072982
1072985
1072986
1072988
1072995
1072997
1073001
1073004
1073009
1073010
1073012
1073016
1073031
1073035
1073037
1073038
1073043
1073045
1073046
1073052
1073059
1073061
1073066
1073068
1073074
1073076
1073091
1073097
1073098
1073100
1073105
1073106
1073108
1073112
1073121
1073128
1073136
1073535
1073599
1073631
1073647
1073655
1073659
1073661
1073662
1073791
1073855
1073887
1073903
1073911
1073915
1073917
1073918
1073983
1074015
1074031
1074039
1074043
1074045
1074046
1074079
1074095
1074103
1074107
1074109
1074110
1074127
1074135
1074139
1074141
1074142
1074151
1074155
1074157
1074158
1074165
1074166
1074169
1074170
1074172
1074303
1074367
1074399
1074415
1074423
1074427
1074429
1074430
1074527
1074543
1074551
1074555
1074557
1074558
1074591
1074607
1074615
1074619
1074621
1074622
1074647
1074651
1074653
1074654
1074663
1074667
1074669
1074670
1074675
1074678
1074681
1074682
1074684
1074751
1074783
1074799
1074807
1074811
1074813
1074814
1074847
1074863
1074871
1074875
1074877
1074878
1074895
1074903
1074907
1074909
1074910
1074919
1074923
1074925
1074926
1074931
1074933
1074937
1074938
1074940
1074975
1074991
1074999
1075003
1075005
1075006
1075023
1075031
1075035
1075037
1075038
1075051
1075053
1075054
1075059
1075061
1075062
1075065
1075066
1075068
1075087
1075095
1075099
1075101
1075102
1075111
1075115
1075117
1075118
1075123
1075125
1075126
1075130
1075132
1075143
1075147
1075149
1075150
1075155
1075157
1075158
1075161
1075162
1075171
1075173
1075174
1075177
1075178
1075180
1075185
1075186
1075188
1075192
1075327
1075391
1075423
1075439
1075447
1075451
1075453
1075454
1075519
1075551
1075567
1075575
1075579
1075581
1075582
1075615
1075631
1075639
1075643
1075645
1075646
1075663
1075671
1075675
1075677
1075678
1075687
1075691
1075693
1075694
1075699
1075701
1075702
1075706
1075708
1075775
1075807
1075831
1075835
1075837
1075838
1075887
1075895
1075899
1075901
1075902
1075919
1075927
1075931
1075933
1075934
1075943
1075947
1075949
1075950
1075955
1075957
1075958
1075961
1075964
1075999
1076015
1076023
1076027
1076029
1076030
1076047
1076055
1076059
1076061
1076062
1076071
1076075
1076077
1076078
1076083
1076085
1076086
1076089
1076090
1076092
1076111
1076119
1076123
1076125
1076126
1076135
1076139
1076141
1076142
1076147
1076149
1076150
1076154
1076156
1076167
1076171
1076173
1076174
1076179
1076181
1076182
1076185
1076186
1076195
1076197
1076198
1076201
1076202
1076204
1076209
1076210
1076212
1076216
1076287
1076319
1076335
1076343
1076347
1076349
1076350
1076383
1076399
1076407
1076411
1076413
1076414
1076431
1076439
1076443
1076445
1076446
1076455
1076459
1076461
1076462
1076467
1076469
1076470
1076473
1076474
1076511
1076527
1076535
1076539
1076541
1076542
1076559
1076567
1076571
1076573
1076574
1076583
1076587
1076589
1076590
1076595
1076597
1076598
1076601
1076602
1076604
1076623
1076631
1076635
1076637
1076638
1076647
1076651
1076653
1076654
1076659
1076661
1076662
1076666
1076668
1076679
1076683
1076685
1076686
1076691
1076693
1076694
1076697
1076698
1076707
1076709
1076710
1076713
1076714
1076716
1076721
1076722
1076724
1076728
1076767
1076783
1076791
1076795
1076797
1076798
1076815
1076823
1076827
1076829
1076830
1076839
1076843
1076845
1076846
1076851
1076853
1076854
1076857
1076858
1076860
1076879
1076887
1076891
1076893
1076894
1076903
1076907
1076909
1076910
1076915
1076917
1076918
1076922
1076924
1076935
1076939
1076941
1076942
1076947
1076949
1076950
1076953
1076954
1076963
1076965
1076966
1076969
1076970
1076972
1076977
1076978
1076980
1076984
1077015
1077019
1077021
1077022
1077031
1077035
1077037
1077038
1077043
1077046
1077050
1077052
1077063
1077067
1077069
1077070
1077075
1077077
1077078
1077081
1077082
1077091
1077093
1077094
1077097
1077100
1077105
1077106
1077108
1077112
1077127
1077131
1077133
1077134
1077139
1077141
1077142
1077155
1077157
1077158
1077162
1077164
1077170
1077172
1077187
1077190
1077193
1077194
1077201
1077202
1077217
1077218
1077220
1077224
1077232
1077623
1077627
1077629
1077630
1077687
1077691
1077694
1077719
1077723
1077725
1077726
1077735
1077739
1077741
1077742
1077750
1077754
1077756
1077879
1077885
1077943
1077947
1077949
1077950
1077975
1077979
1077981
1077982
1077991
1077995
1077997
1077998
1078005
1078006
1078009
1078010
1078012
1078047
1078063
1078071
1078075
1078077
1078078
1078095
1078103
1078107
1078109
1078110
1078119
1078123
1078125
1078126
1078131
1078133
1078134
1078137
1078138
1078140
1078167
1078171
1078173
1078174
1078183
1078187
1078189
1078190
1078198
1078202
1078204
1078215
1078219
1078221
1078222
1078229
1078230
1078233
1078234
1078236
1078245
1078246
1078249
1078250
1078252
1078260
1078264
1078391
1078395
1078397
1078398
1078455
1078459
1078461
1078462
1078487
1078491
1078503
1078507
1078509
1078515
1078518
1078521
1078522
1078524
1078615
1078619
1078621
1078622
1078631
1078635
1078637
1078638
1078643
1078646
1078650
1078652
1078679
1078683
1078685
1078686
1078695
1078699
1078701
1078702
1078710
1078714
1078716
1078739
1078742
1078745
1078746
1078748
1078755
1078758
1078761
1078762
1078764
1078770
1078776
1078831
1078839
1078843
1078845
1078846
1078863
1078871
1078875
1078877
1078878
1078887
1078891
1078893
1078894
1078899
1078901
1078902
1078905
1078906
1078908
1078927
1078935
1078939
1078941
1078942
1078951
1078955
1078957
1078958
1078963
1078965
1078966
1078970
1078972
1078983
1078987
1078989
1078990
1078995
1078998
1079001
1079002
1079004
1079011
1079013
1079014
1079017
1079018
1079020
1079025
1079026
1079028
1079032
1079063
1079067
1079069
1079070
1079079
1079083
1079085
1079086
1079091
1079094
1079098
1079100
1079111
1079115
1079117
1079118
1079123
1079125
1079126
1079129
1079130
1079132
1079139
1079141
1079142
1079145
1079146
1079148
1079153
1079154
1079156
1079160
1079175
1079179
1079181
1079182
1079187
1079189
1079190
1079194
1079196
1079203
1079205
1079206
1079210
1079212
1079218
1079220
1079235
1079238
1079241
1079242
1079244
1079249
1079250
1079252
1079256
1079265
1079266
1079268
1079272
1079280
1079415
1079419
1079421
1079422
1079511
1079515
1079527
1079531
1079533
1079534
1079539
1079541
1079542
1079546
1079548
1079583
1079599
1079607
1079611
1079613
1079614
1079639
1079643
1079645
1079646
1079655
1079659
1079661
1079662
1079667
1079670
1079674
1079676
1079695
1079703
1079707
1079709
1079710
1079719
1079723
1079725
1079726
1079731
1079733
1079734
1079738
1079740
1079751
1079755
1079757
1079758
1079763
1079765
1079766
1079770
1079772
1079779
1079781
1079782
1079786
1079788
1079794
1079796
1079863
1079867
1079869
1079870
1079895
1079899
1079901
1079902
1079923
1079925
1079926
1079929
1079930
1079932
1079975
1079979
1079981
1079982
1079987
1079989
1079990
1079994
1079996
1080007
1080011
1080013
1080014
1080019
1080021
1080022
1080026
1080028
1080037
1080038
1080041
1080042
1080044
1080049
1080050
1080052
1080056
1080087
1080091
1080093
1080094
1080103
1080107
1080109
1080110
1080115
1080118
1080122
1080124
1080135
1080139
1080141
1080142
1080147
1080149
1080150
1080153
1080154
1080156
1080163
1080165
1080166
1080169
1080170
1080172
1080177
1080178
1080180
1080184
1080199
1080203
1080205
1080206
1080211
1080213
1080214
1080218
1080220
1080227
1080229
1080230
1080234
1080236
1080242
1080244
1080259
1080262
1080265
1080266
1080268
1080273
1080274
1080276
1080280
1080289
1080290
1080292
1080296
1080304
1080351
1080375
1080379
1080381
1080382
1080399
1080407
1080411
1080413
1080414
1080423
1080427
1080429
1080430
1080435
1080437
1080438
1080441
1080442
1080444
1080463
1080471
1080475
1080477
1080478
1080487
1080491
1080493
1080494
1080499
1080501
1080502
1080506
1080508
1080519
1080523
1080525
1080526
1080531
1080533
1080534
1080537
1080538
1080540
1080547
1080550
1080553
1080554
1080556
1080561
1080562
1080564
1080568
1080599
1080603
1080605
1080606
1080615
1080619
1080621
1080622
1080627
1080630
1080634
1080636
1080647
1080651
1080653
1080654
1080659
1080661
1080662
1080665
1080666
1080668
1080675
1080677
1080678
1080681
1080682
1080684
1080689
1080690
1080692
1080696
1080711
1080715
1080717
1080718
1080723
1080725
1080726
1080730
1080732
1080739
1080741
1080742
1080746
1080748
1080754
1080756
1080771
1080774
1080777
1080778
1080780
1080785
1080786
1080788
1080792
1080801
1080802
1080804
1080808
1080816
1080855
1080859
1080861
1080862
1080871
1080875
1080877
1080878
1080883
1080886
1080890
1080892
1080903
1080907
1080909
1080910
1080915
1080917
1080918
1080921
1080922
1080924
1080931
1080933
1080934
1080937
1080938
1080940
1080945
1080946
1080948
1080952
1080967
1080971
1080973
1080974
1080979
1080981
1080982
1080986
1080988
1080995
1080997
1080998
1081002
1081004
1081010
1081012
1081027
1081030
1081033
1081034
1081036
1081041
1081042
1081044
1081048
1081057
1081058
1081060
1081064
1081072
1081107
1081110
1081114
1081116
1081123
1081126
1081130
1081132
1081138
1081155
1081158
1081162
1081164
1081169
1081170
1081172
1081176
1081185
1081186
1081188
1081192
1081200
1081222
1081226
1081228
1081234
1081236
1081250
1081252
1081282
1081288
1081296
1081312
1102295
1102299
1102301
1102302
1102311
1102315
1102318
1102326
1102330
1102332
1102519
1102523
1102525
1102526
1102551
1102557
1102581
1102585
1102588
1102623
1102639
1102647
1102651
1102653
1102654
1102671
1102679
1102683
1102685
1102686
1102695
1102699
1102701
1102702
1102709
1102710
1102713
1102714
1102716
1102743
1102747
1102749
1102750
1102759
1102763
1102765
1102766
1102774
1102778
1102780
1102791
1102795
1102797
1102798
1102805
1102806
1102809
1102810
1102812
1102821
1102825
1102828
1102836
1102840
1102967
1102971
1103031
1103035
1103037
1103091
1103097
1103098
1103191
1103195
1103197
1103198
1103207
1103211
1103213
1103214
1103222
1103226
1103228
1103255
1103259
1103261
1103262
1103271
1103275
1103277
1103278
1103286
1103290
1103292
1103315
1103321
1103322
1103324
1103331
1103337
1103338
1103346
1103352
1103407
1103415
1103419
1103421
1103422
1103439
1103447
1103451
1103453
1103454
1103463
1103467
1103469
1103470
1103477
1103481
1103484
1103503
1103511
1103515
1103517
1103518
1103527
1103531
1103533
1103534
1103539
1103541
1103546
1103548
1103559
1103563
1103565
1103566
1103571
1103577
1103578
1103580
1103587
1103589
1103593
1103594
1103596
1103601
1103608
1103639
1103643
1103645
1103646
1103655
1103659
1103661
1103662
1103670
1103674
1103676
1103687
1103691
1103693
1103694
1103701
1103702
1103705
1103706
1103708
1103717
1103721
1103724
1103732
1103736
1103751
1103755
1103757
1103758
1103763
1103765
1103766
1103772
1103779
1103781
1103786
1103788
1103794
1103796
1103811
1103817
1103818
1103820
1103825
1103826
1103828
1103832
1103841
1103848
1103856
1103991
1103995
1104115
1104117
1104118
1104159
1104175
1104183
1104187
1104189
1104190
1104215
1104219
1104221
1104222
1104231
1104235
1104237
1104238
1104246
1104250
1104252
1104271
1104279
1104283
1104285
1104286
1104295
1104299
1104301
1104302
1104307
1104309
1104310
1104314
1104316
1104327
1104331
1104333
1104334
1104339
1104341
1104342
1104348
1104355
1104357
1104362
1104364
1104370
1104372
1104439
1104443
1104445
1104446
1104471
1104475
1104477
1104478
1104501
1104505
1104508
1104551
1104555
1104557
1104558
1104563
1104565
1104566
1104583
1104587
1104589
1104590
1104595
1104597
1104598
1104604
1104613
1104617
1104620
1104625
1104628
1104663
1104667
1104669
1104670
1104679
1104683
1104685
1104686
1104694
1104698
1104700
1104711
1104715
1104717
1104718
1104725
1104726
1104729
1104730
1104732
1104741
1104745
1104748
1104756
1104760
1104775
1104779
1104781
1104782
1104787
1104789
1104790
1104796
1104803
1104805
1104810
1104812
1104818
1104820
1104835
1104841
1104842
1104844
1104849
1104850
1104852
1104856
1104865
1104872
1104880
1104927
1104951
1104955
1104957
1104958
1104975
1104983
1104987
1104989
1104990
1104999
1105003
1105005
1105006
1105013
1105014
1105017
1105018
1105039
1105047
1105051
1105053
1105054
1105063
1105067
1105069
1105070
1105075
1105077
1105078
1105095
1105099
1105101
1105102
1105107
1105109
1105110
1105113
1105114
1105116
1105123
1105129
1105130
1105137
1105138
1105175
1105179
1105181
1105182
1105191
1105195
1105197
1105198
1105206
1105210
1105212
1105223
1105227
1105229
1105230
1105237
1105238
1105241
1105242
1105244
1105253
1105257
1105260
1105268
1105272
1105287
1105291
1105293
1105294
1105299
1105301
1105302
1105308
1105315
1105317
1105322
1105324
1105330
1105332
1105347
1105353
1105354
1105356
1105361
1105362
1105364
1105368
1105377
1105384
1105392
1105431
1105435
1105437
1105438
1105447
1105451
1105453
1105454
1105462
1105466
1105468
1105479
1105483
1105485
1105486
1105493
1105494
1105497
1105498
1105500
1105509
1105513
1105516
1105524
1105528
1105543
1105547
1105549
1105550
1105555
1105557
1105558
1105564
1105571
1105573
1105578
1105580
1105586
1105588
1105603
1105609
1105610
1105612
1105617
1105618
1105620
1105624
1105633
1105640
1105648
1105692
1105740
1105748
1105752
1105804
1105812
1105864
1105872
1110772
1110807
1110811
1110813
1110814
1110823
1110827
1110829
1110830
1110838
1110842
1110844
1110855
1110859
1110861
1110862
1110869
1110870
1110873
1110874
1110876
1110885
1110886
1110889
1110890
1110892
1110900
1110904
1110934
1110938
1110940
1110950
1110954
1110956
1110982
1110986
1110988
1110996
1111000
1111012
1111016
1111282
1111382
1111386
1111388
1111398
1111402
1111404
1111506
1111512
1111591
1111595
1111597
1111598
1111606
1111610
1111612
1111623
1111627
1111629
1111630
1111638
1111642
1111644
1111653
1111654
1111657
1111658
1111660
1111668
1111672
1111687
1111691
1111693
1111694
1111702
1111706
1111708
1111715
1111717
1111718
1111722
1111724
1111730
1111732
1111747
1111750
1111753
1111754
1111756
1111762
1111768
1111777
1111778
1111780
1111784
1111792
1111830
1111834
1111836
1111846
1111850
1111852
1111878
1111882
1111884
1111892
1111896
1111908
1111912
1111942
1111946
1111948
1111954
1111956
1111970
1111972
1112002
1112008
1112016
1112032
1112630
1112634
1112662
1112666
1112668
1112692
1112696
1112774
1112778
1112786
1112788
1112816
1112854
1112858
1112860
1112902
1112906
1112908
1112916
1112920
1112932
1112936
1113026
1113040
1113622
1113626
1113628
1113670
1113674
1113676
1113684
1113688
1113700
1113704
1113794
1113808
1134719
1134783
1134815
1134839
1134843
1134845
1134846
1134911
1134943
1134959
1134967
1134971
1134973
1134974
1135007
1135023
1135031
1135035
1135037
1135038
1135063
1135067
1135069
1135070
1135079
1135083
1135085
1135086
1135094
1135098
1135100
1135167
1135199
1135223
1135227
1135229
1135230
1135287
1135291
1135293
1135294
1135319
1135323
1135325
1135326
1135349
1135353
1135356
1135391
1135407
1135415
1135419
1135421
1135422
1135439
1135447
1135451
1135453
1135454
1135463
1135467
1135469
1135470
1135475
1135477
1135478
1135481
1135482
1135484
1135511
1135515
1135517
1135518
1135527
1135531
1135533
1135534
1135542
1135546
1135548
1135559
1135563
1135565
1135566
1135573
1135574
1135577
1135578
1135580
1135589
1135593
1135596
1135604
1135608
1135711
1135735
1135739
1135741
1135742
1135775
1135799
1135803
1135805
1135806
1135831
1135835
1135837
1135838
1135859
1135865
1135866
1135959
1135963
1135965
1135966
1135975
1135979
1135981
1135982
1135987
1135990
1135994
1135996
1136023
1136027
1136029
1136030
1136039
1136043
1136045
1136046
1136054
1136058
1136060
1136083
1136089
1136090
1136092
1136099
1136105
1136106
1136114
1136120
1136183
1136187
1136189
1136190
1136215
1136219
1136221
1136222
1136243
1136245
1136249
1136252
1136279
1136283
1136285
1136286
1136307
1136309
1136314
1136316
1136339
1136345
1136346
1136348
1136369
1136376
1136407
1136411
1136413
1136414
1136423
1136427
1136429
1136430
1136435
1136438
1136442
1136444
1136455
1136459
1136461
1136462
1136467
1136469
1136470
1136473
1136474
1136476
1136483
1136485
1136489
1136492
1136497
1136498
1136500
1136504
1136519
1136523
1136525
1136526
1136531
1136533
1136534
1136540
1136547
1136549
1136554
1136556
1136562
1136564
1136579
1136585
1136586
1136588
1136593
1136594
1136596
1136600
1136609
1136616
1136624
1136703
1136735
1136759
1136763
1136765
1136766
1136799
1136815
1136823
1136827
1136829
1136830
1136847
1136855
1136859
1136861
1136862
1136871
1136875
1136877
1136878
1136883
1136885
1136886
1136927
1136943
1136951
1136955
1136957
1136958
1136983
1136987
1136989
1136990
1136999
1137003
1137005
1137006
1137011
1137014
1137018
1137020
1137039
1137047
1137051
1137053
1137054
1137063
1137067
1137069
1137070
1137075
1137077
1137078
1137082
1137084
1137095
1137099
1137101
1137102
1137107
1137109
1137110
1137116
1137123
1137125
1137130
1137132
1137138
1137140
1137207
1137211
1137213
1137214
1137239
1137243
1137245
1137246
1137267
1137269
1137273
1137276
1137319
1137323
1137325
1137326
1137331
1137333
1137334
1137351
1137355
1137357
1137358
1137363
1137365
1137366
1137372
1137381
1137385
1137388
1137393
1137396
1137431
1137435
1137437
1137438
1137447
1137451
1137453
1137454
1137459
1137462
1137466
1137468
1137479
1137483
1137485
1137486
1137491
1137493
1137494
1137497
1137498
1137500
1137507
1137509
1137513
1137516
1137521
1137522
1137524
1137528
1137543
1137547
1137549
1137550
1137555
1137557
1137558
1137564
1137571
1137573
1137578
1137580
1137586
1137588
1137603
1137609
1137610
1137612
1137617
1137618
1137620
1137624
1137633
1137640
1137648
1137695
1137719
1137723
1137725
1137726
1137743
1137751
1137755
1137757
1137758
1137767
1137771
1137773
1137774
1137779
1137781
1137782
1137785
1137786
1137807
1137815
1137819
1137821
1137822
1137831
1137835
1137837
1137838
1137843
1137845
1137846
1137863
1137867
1137869
1137870
1137875
1137877
1137878
1137881
1137882
1137884
1137891
1137897
1137898
1137905
1137906
1137943
1137947
1137949
1137950
1137959
1137963
1137965
1137966
1137971
1137974
1137978
1137980
1137991
1137995
1137997
1137998
1138003
1138005
1138006
1138009
1138010
1138012
1138019
1138021
1138025
1138028
1138033
1138034
1138036
1138040
1138055
1138059
1138061
1138062
1138067
1138069
1138070
1138076
1138083
1138085
1138090
1138092
1138098
1138100
1138115
1138121
1138122
1138124
1138129
1138130
1138132
1138136
1138145
1138152
1138160
1138199
1138203
1138205
1138206
1138215
1138219
1138221
1138222
1138227
1138230
1138234
1138236
1138247
1138251
1138253
1138254
1138259
1138261
1138262
1138265
1138266
1138268
1138275
1138277
1138281
1138284
1138289
1138290
1138292
1138296
1138311
1138315
1138317
1138318
1138323
1138325
1138326
1138332
1138339
1138341
1138346
1138348
1138354
1138356
1138371
1138377
1138378
1138380
1138385
1138386
1138388
1138392
1138401
1138408
1138416
1138451
1138460
1138467
1138482
1138499
1138508
1138513
1138514
1138516
1138520
1138529
1138544
1138572
1138580
1138632
1138640
1142879
1142903
1142907
1142909
1142910
1142967
1142971
1142973
1142974
1142999
1143003
1143005
1143006
1143030
1143034
1143036
1143071
1143087
1143102
1143127
1143131
1143133
1143134
1143143
1143147
1143149
1143150
1143155
1143158
1143162
1143164
1143191
1143195
1143197
1143198
1143207
1143211
1143213
1143214
1143222
1143226
1143228
1143254
1143258
1143260
1143270
1143274
1143276
1143383
1143387
1143389
1143390
1143411
1143413
1143414
1143417
1143418
1143420
1143478
1143482
1143484
1143510
1143514
1143516
1143540
1143544
1143623
1143627
1143629
1143630
1143635
1143637
1143638
1143641
1143642
1143644
1143651
1143653
1143654
1143657
1143658
1143660
1143665
1143666
1143668
1143672
1143702
1143708
1143724
1143750
1143754
1143756
1143764
1143768
1143780
1143784
1143895
1143899
1143901
1143902
1143923
1143926
1143930
1143932
1143959
1143963
1143965
1143966
1143990
1143994
1143996
1144019
1144022
1144025
1144026
1144028
1144050
1144056
1144147
1144150
1144154
1144156
1144163
1144166
1144170
1144172
1144178
1144214
1144218
1144220
1144230
1144234
1144236
1144274
1144280
1144290
1144296
1144403
1144406
1144410
1144412
1144433
1144434
1144436
1144440
1144470
1144474
1144476
1144500
1144530
1144536
1144560
1144643
1144646
1144650
1144652
1144657
1144658
1144660
1144664
1144673
1144674
1144676
1144680
1144688
1144710
1144716
1144770
1144776
1144784
1144800
1144919
1144923
1144925
1144926
1144950
1144954
1144956
1145031
1145035
1145037
1145038
1145043
1145045
1145046
1145050
1145052
1145062
1145066
1145068
1145074
1145076
1145174
1145180
1145196
1145286
1145290
1145292
1145298
1145300
1145314
1145316
1145542
1145546
1145548
1145554
1145556
1145572
1145576
1145927
1145931
1145933
1145934
1145939
1145941
1145942
1145945
1145946
1145948
1145958
1145962
1145964
1145972
1146051
1146054
1146057
1146058
1146060
1146065
1146066
1146068
1146072
1146082
1146088
1146096
1146182
1146188
1146306
1146312
1146320
1146336
1146562
1146568
1151103
1151167
1151199
1151223
1151227
1151229
1151230
1151295
1151327
1151343
1151351
1151355
1151357
1151358
1151391
1151407
1151415
1151419
1151421
1151422
1151447
1151451
1151453
1151454
1151463
1151467
1151469
1151470
1151478
1151482
1151484
1151583
1151607
1151611
1151613
1151614
1151671
1151675
1151677
1151678
1151703
1151707
1151709
1151710
1151733
1151737
1151740
1151823
1151831
1151837
1151838
1151847
1151854
1151895
1151899
1151901
1151902
1151911
1151915
1151917
1151918
1151926
1151929
1151930
1151932
1151943
1151947
1151949
1151950
1151957
1151958
1151961
1151962
1151964
1151973
1151977
1151980
1151988
1151992
1152095
1152119
1152123
1152125
1152126
1152183
1152187
1152189
1152190
1152215
1152219
1152221
1152222
1152243
1152249
1152250
1152343
1152347
1152349
1152350
1152359
1152363
1152365
1152366
1152374
1152378
1152380
1152407
1152411
1152414
1152423
1152427
1152429
1152430
1152438
1152442
1152444
1152467
1152473
1152474
1152476
1152483
1152489
1152490
1152498
1152504
1152599
1152603
1152605
1152606
1152629
1152636
1152663
1152667
1152669
1152670
1152691
1152693
1152697
1152698
1152700
1152723
1152729
1152730
1152732
1152753
1152760
1152839
1152845
1152846
1152854
1152860
1152903
1152907
1152909
1152910
1152915
1152917
1152918
1152921
1152924
1152931
1152933
1152937
1152938
1152940
1152945
1152946
1152948
1152952
1152963
1152969
1152970
1152972
1152977
1152978
1152980
1152984
1152993
1153000
1153008
1153199
1153207
1153211
1153214
1153231
1153239
1153243
1153245
1153246
1153255
1153259
1153261
1153262
1153267
1153269
1153270
1153423
1153431
1153438
1153447
1153454
1153479
1153483
1153485
1153486
1153491
1153493
1153494
1153500
1153507
1153509
1153514
1153516
1153522
1153524
1153735
1153739
1153741
1153742
1153747
1153749
1153750
1153756
1153765
1153772
1153780
1153996
1154215
1154219
1154221
1154222
1154229
1154230
1154247
1154251
1154253
1154254
1154259
1154261
1154262
1154265
1154266
1154268
1154275
1154281
1154282
1154289
1154290
1154439
1154446
1154454
1154499
1154505
1154506
1154508
1154513
1154514
1154516
1154520
1154529
1154536
1154544
1154755
1154761
1154762
1154764
1154770
1154772
1154776
1155199
1155295
1155319
1155323
1155325
1155326
1155391
1155423
1155439
1155447
1155451
1155453
1155454
1155487
1155503
1155511
1155515
1155517
1155518
1155543
1155547
1155549
1155550
1155559
1155563
1155565
1155566
1155574
1155578
1155580
1155679
1155703
1155707
1155709
1155710
1155767
1155771
1155773
1155774
1155799
1155803
1155805
1155806
1155829
1155833
1155836
1155919
1155927
1155933
1155934
1155943
1155950
1155991
1155995
1155997
1155998
1156007
1156011
1156013
1156014
1156022
1156025
1156026
1156028
1156039
1156043
1156045
1156046
1156053
1156054
1156057
1156058
1156069
1156070
1156073
1156076
1156084
1156088
1156191
1156215
1156219
1156221
1156222
1156255
1156279
1156283
1156285
1156286
1156311
1156315
1156317
1156318
1156339
1156345
1156346
1156439
1156443
1156445
1156446
1156455
1156459
1156461
1156462
1156470
1156474
1156476
1156503
1156507
1156509
1156510
1156519
1156523
1156525
1156526
1156534
1156537
1156538
1156540
1156563
1156569
1156570
1156579
1156582
1156585
1156586
1156594
1156600
1156695
1156699
1156701
1156702
1156725
1156732
1156759
1156763
1156765
1156766
1156787
1156789
1156793
1156794
1156796
1156819
1156825
1156826
1156849
1156856
1156935
1156941
1156942
1156950
1156966
1156999
1157003
1157005
1157006
1157011
1157013
1157014
1157017
1157027
1157029
1157030
1157033
1157034
1157036
1157041
1157042
1157044
1157048
1157059
1157062
1157065
1157066
1157073
1157074
1157089
1157090
1157092
1157096
1157104
1157279
1157295
1157303
1157307
1157309
1157310
1157327
1157335
1157339
1157341
1157342
1157351
1157355
1157357
1157358
1157363
1157365
1157366
1157519
1157527
1157533
1157534
1157543
1157550
1157575
1157579
1157581
1157582
1157587
1157589
1157590
1157603
1157605
1157606
1157610
1157612
1157618
1157620
1157831
1157835
1157837
1157838
1157843
1157845
1157846
1157861
1157862
1157868
1157876
1158086
1158287
1158295
1158299
1158301
1158302
1158311
1158315
1158317
1158318
1158325
1158326
1158343
1158347
1158349
1158350
1158355
1158357
1158358
1158361
1158362
1158371
1158374
1158377
1158378
1158385
1158386
1158535
1158541
1158542
1158550
1158566
1158595
1158598
1158601
1158602
1158609
1158610
1158625
1158626
1158628
1158632
1158640
1158851
1158854
1158857
1158858
1158866
1158882
1158884
1159263
1159287
1159291
1159293
1159294
1159383
1159387
1159389
1159390
1159414
1159418
1159420
1159455
1159471
1159486
1159511
1159515
1159517
1159518
1159527
1159531
1159533
1159534
1159542
1159546
1159548
1159575
1159579
1159581
1159582
1159591
1159595
1159597
1159598
1159606
1159609
1159610
1159612
1159638
1159642
1159644
1159654
1159658
1159660
1159767
1159771
1159773
1159774
1159797
1159798
1159802
1159804
1159862
1159865
1159866
1159868
1159894
1159898
1159900
1159924
1159928
1160007
1160013
1160014
1160022
1160028
1160038
1160086
1160089
1160090
1160092
1160102
1160105
1160106
1160108
1160120
1160134
1160138
1160140
1160148
1160152
1160164
1160168
1160279
1160283
1160285
1160286
1160310
1160314
1160316
1160343
1160347
1160349
1160350
1160374
1160377
1160378
1160380
1160403
1160406
1160409
1160410
1160412
1160434
1160440
1160534
1160538
1160540
1160550
1160554
1160556
1160598
1160601
1160602
1160604
1160614
1160617
1160618
1160620
1160632
1160658
1160664
1160674
1160680
1160790
1160794
1160796
1160820
1160854
1160857
1160858
1160860
1160881
1160882
1160884
1160888
1160914
1160920
1160944
1161030
1161036
1161094
1161097
1161098
1161100
1161105
1161106
1161108
1161112
1161121
1161122
1161124
1161128
1161136
1161154
1161160
1161168
1161184
1161359
1161367
1161371
1161374
1161383
1161387
1161389
1161390
1161397
1161398
1161402
1161404
1161415
1161419
1161421
1161422
1161427
1161429
1161430
1161434
1161436
1161446
1161450
1161452
1161458
1161460
1161607
1161613
1161614
1161622
1161638
1161670
1161674
1161676
1161682
1161684
1161698
1161700
1161926
1161930
1161932
1161938
1161940
1161956
1162375
1162379
1162381
1162382
1162387
1162389
1162390
1162393
1162394
1162396
1162406
1162410
1162412
1162420
1162435
1162438
1162441
1162442
1162444
1162449
1162450
1162452
1162456
1162466
1162472
1162480
1162630
1162636
1162690
1162696
1162704
1162720
1162946
1162952
1167455
1167479
1167483
1167485
1167486
1167575
1167579
1167581
1167582
1167647
1167663
1167671
1167675
1167677
1167678
1167703
1167707
1167709
1167710
1167719
1167723
1167725
1167726
1167734
1167738
1167740
1167767
1167771
1167773
1167774
1167783
1167787
1167789
1167790
1167798
1167802
1167804
1167836
1167927
1167931
1167933
1167934
1167959
1167963
1167965
1167966
1167989
1167993
1167996
1168092
1168151
1168155
1168157
1168158
1168167
1168171
1168173
1168174
1168182
1168186
1168188
1168199
1168203
1168205
1168206
1168213
1168214
1168217
1168218
1168220
1168229
1168233
1168236
1168244
1168248
1168284
1168332
1168340
1168344
1168471
1168475
1168477
1168478
1168535
1168539
1168541
1168542
1168595
1168601
1168602
1168604
1168732
1168796
1168856
1168988
1169052
1169112
1169180
1169228
1169236
1169240
1169292
1169300
1169352
1169360
1169439
1169463
1169467
1169469
1169470
1169495
1169499
1169501
1169502
1169551
1169559
1169563
1169566
1169575
1169579
1169581
1169582
1169587
1169589
1169590
1169607
1169611
1169613
1169614
1169619
1169621
1169622
1169628
1169687
1169691
1169693
1169694
1169703
1169707
1169709
1169710
1169718
1169722
1169724
1169756
1169799
1169803
1169805
1169806
1169811
1169813
1169814
1169820
1169827
1169829
1169834
1169836
1169842
1169844
1169868
1169876
1170012
1170124
1170132
1170204
1170252
1170260
1170264
1170316
1170324
1170376
1170384
1170455
1170459
1170461
1170462
1170503
1170507
1170509
1170510
1170517
1170518
1170521
1170522
1170524
1170567
1170571
1170574
1170579
1170581
1170582
1170627
1170633
1170634
1170636
1170641
1170642
1170644
1170648
1170716
1170764
1170772
1170776
1170828
1170836
1170888
1170896
1170972
1171020
1171028
1171032
1171084
1171092
1171144
1171152
1171551
1171575
1171579
1171581
1171582
1171671
1171675
1171677
1171678
1171743
1171759
1171767
1171771
1171773
1171774
1171799
1171803
1171805
1171806
1171815
1171819
1171821
1171822
1171830
1171834
1171836
1171863
1171867
1171869
1171870
1171879
1171883
1171885
1171886
1171894
1171898
1171900
1171942
1172023
1172027
1172029
1172030
1172055
1172059
1172061
1172062
1172085
1172089
1172092
1172247
1172251
1172253
1172254
1172263
1172267
1172269
1172270
1172278
1172282
1172284
1172295
1172299
1172301
1172302
1172309
1172310
1172313
1172314
1172325
1172326
1172329
1172332
1172340
1172344
1172390
1172422
1172452
1172567
1172571
1172573
1172574
1172631
1172635
1172637
1172638
1172691
1172697
1172698
1172838
1172902
1172962
1173286
1173318
1173348
1173382
1173410
1173412
1173442
1173472
1173535
1173559
1173563
1173565
1173566
1173591
1173595
1173597
1173598
1173647
1173655
1173659
1173661
1173662
1173671
1173675
1173677
1173678
1173683
1173685
1173686
1173703
1173707
1173709
1173710
1173715
1173717
1173718
1173734
1173783
1173787
1173789
1173790
1173799
1173803
1173805
1173806
1173814
1173818
1173820
1173862
1173895
1173899
1173901
1173902
1173907
1173909
1173910
1173923
1173925
1173926
1173930
1173932
1173938
1173940
1173958
1173986
1173988
1174182
1174214
1174244
1174310
1174342
1174372
1174406
1174434
1174436
1174466
1174496
1174551
1174555
1174557
1174558
1174599
1174603
1174605
1174606
1174613
1174614
1174617
1174618
1174630
1174663
1174667
1174669
1174670
1174675
1174677
1174678
1174694
1174723
1174726
1174729
1174730
1174737
1174738
1174754
1174822
1174854
1174884
1174918
1174946
1174948
1174978
1175008
1175078
1175110
1175140
1175174
1175202
1175204
1175234
1175264
1175639
1175643
1175645
1175646
1175670
1175674
1175676
1175766
1175770
1175772
1175831
1175835
1175837
1175838
1175847
1175851
1175853
1175854
1175862
1175866
1175868
1175894
1175898
1175900
1175910
1175914
1175916
1175958
1175962
1175964
1175974
1175978
1175980
1176118
1176122
1176124
1176150
1176154
1176156
1176180
1176184
1176342
1176346
1176348
1176358
1176362
1176364
1176390
1176394
1176396
1176404
1176408
1176420
1176424
1176662
1176666
1176668
1176726
1176730
1176732
1176786
1176792
1177623
1177627
1177629
1177630
1177654
1177658
1177660
1177686
1177690
1177692
1177735
1177739
1177741
1177742
1177747
1177749
1177750
1177754
1177756
1177766
1177770
1177772
1177778
1177780
1177798
1177802
1177804
1177810
1177812
1177878
1177882
1177884
1177894
1177898
1177900
1177990
1177994
1177996
1178002
1178004
1178018
1178020
1178646
1178650
1178652
1178694
1178698
1178700
1178708
1178712
1178758
1178762
1178764
1178770
1178772
1178818
1178824
1178832
1298487
1298491
1298493
1298494
1298711
1298717
1298718
1298727
1298734
1298780
1298844
1299036
1299276
1300876
1306678
1306682
1306902
1306908
1315071
1315199
1315295
1315311
1315319
1315323
1315325
1315326
1315455
1315519
1315551
1315567
1315575
1315579
1315581
1315582
1315679
1315695
1315710
1315743
1315759
1315767
1315771
1315773
1315774
1315791
1315799
1315803
1315805
1315806
1315815
1315819
1315821
1315822
1315829
1315830
1315833
1315834
1315836
1315967
1316031
1316063
1316079
1316087
1316091
1316093
1316094
1316191
1316207
1316215
1316219
1316221
1316222
1316255
1316271
1316279
1316283
1316285
1316286
1316311
1316315
1316317
1316318
1316327
1316331
1316333
1316334
1316339
1316342
1316345
1316346
1316348
1316447
1316463
1316471
1316475
1316477
1316478
1316511
1316527
1316535
1316539
1316541
1316542
1316559
1316567
1316571
1316573
1316574
1316583
1316587
1316589
1316590
1316595
1316597
1316601
1316602
1316604
1316687
1316695
1316701
1316702
1316711
1316718
1316751
1316759
1316763
1316765
1316766
1316775
1316779
1316781
1316782
1316787
1316789
1316790
1316793
1316794
1316796
1316807
1316811
1316813
1316814
1316819
1316821
1316822
1316825
1316826
1316828
1316835
1316837
1316841
1316842
1316844
1316849
1316850
1316852
1316856
1317087
1317103
1317111
1317115
1317117
1317118
1317327
1317335
1317339
1317341
1317342
1317351
1317355
1317357
1317358
1317363
1317365
1317366
1317370
1317372
1317583
1317591
1317595
1317597
1317598
1317607
1317611
1317613
1317614
1317621
1317622
1317628
1317831
1317837
1317838
1317846
1317852
1318047
1318063
1318071
1318075
1318077
1318078
1318095
1318103
1318107
1318109
1318110
1318119
1318123
1318125
1318126
1318131
1318133
1318134
1318137
1318138
1318287
1318295
1318301
1318302
1318311
1318318
1318343
1318347
1318349
1318350
1318355
1318357
1318358
1318361
1318362
1318364
1318371
1318373
1318377
1318378
1318380
1318385
1318386
1318388
1318392
1318599
1318603
1318605
1318606
1318611
1318613
1318614
1318617
1318618
1318620
1318627
1318629
1318634
1318636
1318644
1318860
1319167
1319295
1319391
1319407
1319415
1319419
1319421
1319422
1319551
1319615
1319647
1319663
1319671
1319675
1319677
1319678
1319775
1319806
1319839
1319855
1319863
1319867
1319869
1319870
1319887
1319895
1319899
1319901
1319902
1319911
1319915
1319917
1319918
1319925
1319926
1319929
1319930
1319932
1320063
1320127
1320159
1320175
1320183
1320187
1320189
1320190
1320287
1320315
1320317
1320318
1320351
1320367
1320375
1320379
1320381
1320382
1320407
1320411
1320413
1320414
1320423
1320427
1320429
1320430
1320435
1320438
1320441
1320442
1320444
1320543
1320571
1320573
1320574
1320607
1320623
1320631
1320635
1320637
1320638
1320655
1320663
1320667
1320669
1320670
1320679
1320683
1320685
1320686
1320691
1320693
1320697
1320698
1320700
1320797
1320798
1320847
1320855
1320859
1320861
1320862
1320871
1320875
1320877
1320878
1320883
1320885
1320886
1320889
1320890
1320892
1320903
1320907
1320909
1320910
1320915
1320917
1320918
1320921
1320922
1320931
1320933
1320934
1320937
1320938
1320940
1320945
1320946
1320948
1320952
1321183
1321199
1321207
1321211
1321213
1321214
1321423
1321431
1321435
1321437
1321438
1321447
1321451
1321453
1321454
1321459
1321461
1321462
1321466
1321468
1321679
1321687
1321691
1321693
1321694
1321703
1321707
1321709
1321710
1321717
1321718
1321724
1321927
1321933
1321934
1321942
1321958
1322143
1322159
1322167
1322171
1322173
1322174
1322191
1322199
1322203
1322205
1322206
1322215
1322219
1322221
1322222
1322227
1322229
1322230
1322233
1322234
1322383
1322391
1322397
1322398
1322407
1322414
1322439
1322443
1322445
1322446
1322451
1322453
1322454
1322457
1322458
1322467
1322469
1322470
1322473
1322474
1322476
1322481
1322482
1322484
1322488
1322695
1322699
1322701
1322702
1322707
1322709
1322710
1322713
1322714
1322723
1322725
1322726
1322730
1322732
1322740
1322950
1323135
1323231
1323255
1323259
1323261
1323262
1323359
1323375
1323383
1323387
1323389
1323390
1323479
1323483
1323485
1323486
1323495
1323499
1323501
1323502
1323510
1323514
1323516
1323615
1323631
1323639
1323643
1323645
1323646
1323695
1323703
1323707
1323709
1323710
1323727
1323735
1323739
1323741
1323742
1323751
1323755
1323757
1323758
1323765
1323766
1323769
1323770
1323772
1323855
1323863
1323869
1323870
1323886
1323927
1323931
1323933
1323934
1323943
1323947
1323949
1323950
1323958
1323961
1323962
1323964
1323975
1323979
1323981
1323982
1323989
1323990
1323993
1323994
1323996
1324005
1324006
1324009
1324010
1324012
1324020
1324024
1324127
1324143
1324151
1324155
1324157
1324158
1324191
1324207
1324215
1324219
1324221
1324222
1324239
1324247
1324251
1324253
1324254
1324263
1324267
1324269
1324270
1324275
1324278
1324281
1324282
1324284
1324375
1324379
1324381
1324382
1324391
1324395
1324397
1324398
1324403
1324406
1324410
1324412
1324439
1324443
1324445
1324446
1324455
1324459
1324461
1324462
1324470
1324473
1324474
1324476
1324499
1324502
1324505
1324506
1324508
1324515
1324518
1324521
1324522
1324524
1324530
1324536
1324623
1324631
1324635
1324637
1324638
1324647
1324651
1324653
1324654
1324661
1324662
1324666
1324668
1324687
1324695
1324699
1324701
1324702
1324711
1324715
1324717
1324718
1324723
1324725
1324726
1324729
1324730
1324732
1324743
1324747
1324749
1324750
1324755
1324758
1324761
1324762
1324764
1324771
1324773
1324774
1324777
1324778
1324780
1324785
1324786
1324788
1324792
1324871
1324877
1324878
1324886
1324892
1324902
1324935
1324939
1324941
1324942
1324947
1324949
1324950
1324953
1324954
1324956
1324963
1324965
1324966
1324969
1324970
1324972
1324977
1324978
1324980
1324984
1324995
1324998
1325001
1325002
1325004
1325009
1325010
1325012
1325016
1325025
1325026
1325028
1325032
1325040
1325263
1325271
1325275
1325277
1325278
1325287
1325291
1325293
1325294
1325299
1325301
1325302
1325306
1325308
1325511
1325515
1325517
1325518
1325523
1325525
1325526
1325530
1325532
1325539
1325541
1325542
1325546
1325548
1325554
1325556
1325767
1325771
1325773
1325774
1325779
1325781
1325782
1325786
1325788
1325797
1325798
1325802
1325804
1325812
1326022
1326028
1326223
1326231
1326235
1326237
1326238
1326247
1326251
1326253
1326254
1326261
1326262
1326266
1326268
1326279
1326283
1326285
1326286
1326291
1326293
1326294
1326297
1326298
1326300
1326307
1326310
1326313
1326314
1326316
1326321
1326322
1326324
1326328
1326471
1326477
1326478
1326486
1326492
1326502
1326531
1326534
1326537
1326538
1326540
1326545
1326546
1326548
1326552
1326561
1326562
1326564
1326568
1326576
1326787
1326790
1326793
1326794
1326796
1326802
1326804
1326808
1326818
1326820
1331327
1331423
1331447
1331451
1331453
1331454
1331551
1331567
1331575
1331579
1331581
1331582
1331671
1331675
1331677
1331678
1331687
1331691
1331693
1331694
1331702
1331706
1331708
1331775
1331807
1331823
1331831
1331835
1331837
1331838
1331887
1331895
1331899
1331901
1331902
1331919
1331927
1331931
1331933
1331934
1331943
1331947
1331949
1331950
1331957
1331961
1331964
1331999
1332015
1332023
1332027
1332029
1332030
1332047
1332055
1332059
1332061
1332062
1332075
1332077
1332078
1332083
1332085
1332086
1332089
1332090
1332092
1332119
1332123
1332125
1332126
1332135
1332139
1332141
1332142
1332150
1332154
1332156
1332167
1332171
1332173
1332174
1332181
1332182
1332185
1332186
1332188
1332197
1332201
1332204
1332212
1332216
1332319
1332335
1332343
1332347
1332349
1332350
1332383
1332399
1332407
1332411
1332413
1332414
1332431
1332439
1332443
1332445
1332446
1332455
1332459
1332461
1332462
1332467
1332473
1332474
1332567
1332571
1332573
1332574
1332583
1332587
1332589
1332590
1332595
1332598
1332602
1332604
1332631
1332635
1332637
1332638
1332647
1332651
1332653
1332654
1332662
1332666
1332668
1332691
1332697
1332698
1332700
1332707
1332713
1332714
1332722
1332728
1332783
1332791
1332795
1332797
1332798
1332815
1332823
1332827
1332829
1332830
1332839
1332843
1332845
1332846
1332851
1332853
1332857
1332860
1332879
1332887
1332891
1332893
1332894
1332903
1332907
1332909
1332910
1332915
1332917
1332922
1332924
1332935
1332939
1332941
1332942
1332947
1332953
1332954
1332956
1332963
1332965
1332969
1332970
1332972
1332977
1332984
1333015
1333019
1333021
1333022
1333031
1333035
1333037
1333038
1333043
1333046
1333050
1333052
1333063
1333067
1333069
1333070
1333075
1333077
1333078
1333081
1333082
1333084
1333091
1333093
1333097
1333100
1333105
1333106
1333108
1333112
1333127
1333131
1333133
1333134
1333139
1333141
1333142
1333148
1333155
1333157
1333162
1333164
1333170
1333172
1333187
1333193
1333194
1333196
1333201
1333202
1333204
1333208
1333217
1333224
1333232
1333343
1333367
1333371
1333373
1333374
1333455
1333463
1333467
1333469
1333470
1333479
1333483
1333485
1333486
1333491
1333493
1333494
1333591
1333595
1333597
1333598
1333607
1333611
1333613
1333614
1333619
1333622
1333626
1333628
1333703
1333707
1333709
1333710
1333715
1333717
1333718
1333724
1333731
1333733
1333738
1333740
1333746
1333748
1333815
1333819
1333821
1333822
1333847
1333851
1333853
1333854
1333875
1333877
1333881
1333884
1333927
1333931
1333933
1333934
1333939
1333941
1333942
1333959
1333963
1333965
1333966
1333971
1333973
1333974
1333980
1333989
1333993
1333996
1334001
1334004
1334039
1334043
1334045
1334046
1334055
1334059
1334061
1334062
1334067
1334070
1334074
1334076
1334087
1334091
1334093
1334094
1334099
1334101
1334102
1334105
1334106
1334108
1334115
1334117
1334121
1334124
1334129
1334130
1334132
1334136
1334151
1334155
1334157
1334158
1334163
1334165
1334166
1334172
1334179
1334181
1334186
1334188
1334194
1334196
1334211
1334217
1334218
1334220
1334225
1334226
1334228
1334232
1334241
1334248
1334256
1334303
1334327
1334331
1334333
1334334
1334351
1334359
1334363
1334365
1334366
1334375
1334379
1334381
1334382
1334387
1334389
1334390
1334393
1334394
1334415
1334423
1334427
1334429
1334430
1334439
1334443
1334445
1334446
1334451
1334453
1334454
1334471
1334475
1334477
1334478
1334483
1334485
1334486
1334489
1334490
1334492
1334499
1334505
1334506
1334513
1334514
1334551
1334555
1334557
1334558
1334567
1334571
1334573
1334574
1334579
1334582
1334586
1334588
1334599
1334603
1334605
1334606
1334611
1334613
1334614
1334617
1334618
1334620
1334627
1334629
1334633
1334636
1334641
1334642
1334644
1334648
1334663
1334667
1334669
1334670
1334675
1334677
1334678
1334684
1334691
1334693
1334698
1334700
1334706
1334708
1334723
1334729
1334730
1334732
1334737
1334738
1334740
1334744
1334753
1334760
1334768
1334807
1334811
1334813
1334814
1334823
1334827
1334829
1334830
1334835
1334838
1334842
1334844
1334855
1334859
1334861
1334862
1334867
1334869
1334870
1334873
1334874
1334876
1334883
1334885
1334889
1334892
1334897
1334898
1334900
1334904
1334919
1334923
1334925
1334926
1334931
1334933
1334934
1334940
1334947
1334949
1334954
1334956
1334962
1334964
1334979
1334985
1334986
1334988
1334993
1334994
1334996
1335000
1335009
1335016
1335024
1335059
1335068
1335075
1335090
1335107
1335116
1335121
1335122
1335124
1335128
1335137
1335152
1335180
1335188
1335240
1335248
1335423
1335519
1335543
1335547
1335549
1335550
1335647
1335675
1335677
1335678
1335767
1335771
1335773
1335774
1335783
1335787
1335789
1335790
1335798
1335802
1335804
1335871
1335903
1335931
1335933
1335934
1335983
1335991
1335995
1335997
1335998
1336015
1336023
1336027
1336029
1336030
1336043
1336045
1336046
1336053
1336057
1336060
1336095
1336123
1336125
1336126
1336155
1336157
1336158
1336185
1336186
1336188
1336215
1336219
1336221
1336222
1336231
1336235
1336237
1336238
1336246
1336250
1336252
1336263
1336267
1336269
1336270
1336277
1336278
1336281
1336282
1336293
1336294
1336297
1336300
1336308
1336312
1336415
1336443
1336445
1336446
1336479
1336495
1336503
1336507
1336509
1336510
1336527
1336535
1336539
1336541
1336542
1336551
1336555
1336557
1336558
1336563
1336569
1336570
1336667
1336669
1336670
1336698
1336700
1336727
1336731
1336733
1336734
1336743
1336747
1336749
1336750
1336758
1336762
1336764
1336787
1336793
1336794
1336803
1336806
1336809
1336810
1336818
1336824
1336891
1336893
1336894
1336923
1336925
1336926
1336953
1336956
1336975
1336983
1336987
1336989
1336990
1336999
1337003
1337005
1337006
1337011
1337013
1337018
1337020
1337031
1337035
1337037
1337038
1337043
1337049
1337050
1337061
1337065
1337066
1337068
1337073
1337080
1337115
1337117
1337118
1337146
1337148
1337177
1337178
1337208
1337223
1337227
1337229
1337230
1337235
1337237
1337238
1337251
1337253
1337254
1337258
1337260
1337266
1337268
1337283
1337286
1337289
1337290
1337297
1337298
1337313
1337314
1337316
1337320
1337328
1337439
1337463
1337467
1337469
1337470
1337551
1337559
1337563
1337565
1337566
1337575
1337579
1337581
1337582
1337587
1337589
1337590
1337687
1337691
1337693
1337694
1337703
1337707
1337709
1337710
1337715
1337718
1337722
1337724
1337799
1337803
1337805
1337806
1337811
1337813
1337814
1337827
1337829
1337830
1337834
1337836
1337842
1337844
1337911
1337915
1337917
1337918
1337943
1337947
1337949
1337950
1337971
1337973
1337977
1337980
1338023
1338027
1338029
1338030
1338035
1338037
1338038
1338055
1338059
1338061
1338062
1338067
1338069
1338070
1338085
1338086
1338089
1338092
1338097
1338100
1338135
1338139
1338141
1338142
1338151
1338155
1338157
1338158
1338163
1338166
1338170
1338172
1338183
1338187
1338189
1338190
1338195
1338197
1338198
1338201
1338202
1338213
1338214
1338217
1338220
1338225
1338226
1338228
1338232
1338247
1338251
1338253
1338254
1338259
1338261
1338262
1338275
1338277
1338278
1338282
1338284
1338290
1338292
1338307
1338310
1338313
1338314
1338321
1338322
1338337
1338338
1338340
1338344
1338352
1338399
1338423
1338427
1338429
1338430
1338447
1338455
1338459
1338461
1338462
1338471
1338475
1338477
1338478
1338483
1338485
1338486
1338489
1338490
1338511
1338519
1338523
1338525
1338526
1338535
1338539
1338541
1338542
1338547
1338549
1338550
1338567
1338571
1338573
1338574
1338579
1338581
1338582
1338585
1338586
1338595
1338598
1338601
1338602
1338609
1338610
1338647
1338651
1338653
1338654
1338663
1338667
1338669
1338670
1338675
1338678
1338682
1338684
1338695
1338699
1338701
1338702
1338707
1338709
1338710
1338713
1338714
1338723
1338725
1338726
1338729
1338732
1338737
1338738
1338740
1338744
1338759
1338763
1338765
1338766
1338771
1338773
1338774
1338787
1338789
1338790
1338794
1338796
1338802
1338804
1338819
1338822
1338825
1338826
1338833
1338834
1338849
1338850
1338852
1338856
1338864
1338903
1338907
1338909
1338910
1338919
1338923
1338925
1338926
1338931
1338934
1338938
1338940
1338951
1338955
1338957
1338958
1338963
1338965
1338966
1338969
1338970
1338981
1338982
1338985
1338988
1338993
1338994
1338996
1339000
1339015
1339019
1339021
1339022
1339027
1339029
1339030
1339043
1339045
1339046
1339050
1339052
1339058
1339060
1339075
1339078
1339081
1339082
1339089
1339090
1339105
1339106
1339108
1339112
1339120
1339155
1339171
1339174
1339186
1339203
1339206
1339217
1339218
1339233
1339236
1339248
1339270
1339298
1339300
1339330
1339360
1339638
1339642
1339644
1339735
1339739
1339741
1339742
1339755
1339757
1339758
1339763
1339766
1339770
1339772
1339862
1339866
1339868
1339878
1339882
1339884
1339951
1339959
1339963
1339965
1339966
1339983
1339991
1339995
1339997
1339998
1340011
1340013
1340014
1340019
1340021
1340022
1340025
1340026
1340028
1340071
1340075
1340077
1340078
1340086
1340090
1340092
1340103
1340107
1340109
1340110
1340118
1340122
1340124
1340133
1340134
1340137
1340138
1340140
1340148
1340152
1340183
1340187
1340189
1340190
1340203
1340205
1340206
1340211
1340214
1340218
1340220
1340235
1340237
1340238
1340243
1340245
1340246
1340249
1340250
1340252
1340265
1340266
1340268
1340273
1340274
1340276
1340280
1340310
1340314
1340316
1340326
1340330
1340332
1340358
1340362
1340364
1340372
1340376
1340388
1340392
1340495
1340503
1340507
1340509
1340510
1340519
1340523
1340525
1340526
1340531
1340534
1340538
1340540
1340559
1340567
1340571
1340573
1340574
1340583
1340587
1340589
1340590
1340598
1340602
1340604
1340615
1340619
1340621
1340622
1340627
1340630
1340633
1340634
1340636
1340643
1340646
1340649
1340650
1340652
1340658
1340664
1340755
1340758
1340762
1340764
1340771
1340774
1340778
1340780
1340786
1340822
1340826
1340828
1340838
1340842
1340844
1340882
1340888
1340898
1340904
1340967
1340971
1340973
1340974
1340979
1340982
1340986
1340988
1340999
1341003
1341005
1341006
1341011
1341014
1341018
1341020
1341029
1341033
1341034
1341036
1341041
1341042
1341044
1341048
1341063
1341067
1341069
1341070
1341078
1341082
1341084
1341091
1341093
1341094
1341098
1341100
1341106
1341108
1341123
1341126
1341129
1341130
1341132
1341138
1341144
1341153
1341154
1341156
1341160
1341168
1341203
1341206
1341210
1341212
1341222
1341226
1341228
1341234
1341251
1341254
1341258
1341260
1341265
1341266
1341268
1341272
1341284
1341288
1341296
1341318
1341322
1341324
1341330
1341332
1341346
1341348
1341378
1341384
1341392
1341408
1341527
1341531
1341533
1341534
1341555
1341558
1341562
1341564
1341639
1341643
1341645
1341646
1341651
1341653
1341654
1341658
1341660
1341670
1341674
1341676
1341682
1341684
1341779
1341782
1341786
1341788
1341795
1341798
1341802
1341804
1341810
1341894
1341898
1341900
1341906
1341908
1341922
1341924
1342003
1342006
1342010
1342012
1342035
1342038
1342042
1342044
1342065
1342066
1342068
1342072
1342118
1342122
1342124
1342130
1342132
1342150
1342154
1342156
1342162
1342164
1342180
1342184
1342192
1342227
1342230
1342234
1342236
1342243
1342246
1342250
1342252
1342258
1342275
1342278
1342282
1342284
1342289
1342290
1342292
1342296
1342305
1342306
1342308
1342312
1342320
1342342
1342346
1342348
1342354
1342356
1342370
1342372
1342402
1342408
1342416
1342432
1342487
1342491
1342493
1342494
1342515
1342518
1342522
1342524
1342535
1342539
1342541
1342542
1342547
1342549
1342550
1342553
1342554
1342556
1342563
1342566
1342570
1342572
1342577
1342578
1342580
1342584
1342599
1342603
1342605
1342606
1342611
1342613
1342614
1342618
1342620
1342630
1342634
1342636
1342642
1342644
1342659
1342662
1342665
1342666
1342668
1342673
1342674
1342676
1342680
1342690
1342696
1342704
1342739
1342742
1342746
1342748
1342755
1342758
1342762
1342764
1342770
1342787
1342790
1342794
1342796
1342801
1342802
1342804
1342808
1342817
1342818
1342820
1342824
1342832
1342854
1342858
1342860
1342866
1342868
1342882
1342884
1342914
1342920
1342928
1342944
1342995
1342998
1343002
1343004
1343011
1343014
1343018
1343020
1343026
1343043
1343046
1343050
1343052
1343057
1343058
1343060
1343064
1343073
1343074
1343076
1343080
1343088
1343110
1343114
1343116
1343122
1343124
1343138
1343140
1343170
1343176
1343184
1343200
1343250
1343266
1343298
1343312
1343328
1347831
1347835
1347837
1347838
1347935
1347951
1347959
1347963
1347965
1347966
1348055
1348059
1348061
1348062
1348071
1348075
1348077
1348078
1348086
1348090
1348092
1348159
1348191
1348207
1348215
1348219
1348221
1348222
1348271
1348279
1348283
1348285
1348286
1348303
1348311
1348315
1348317
1348318
1348327
1348331
1348333
1348334
1348341
1348345
1348348
1348383
1348399
1348407
1348411
1348413
1348414
1348431
1348439
1348443
1348445
1348446
1348455
1348459
1348461
1348462
1348469
1348470
1348473
1348474
1348476
1348503
1348507
1348509
1348510
1348519
1348523
1348525
1348526
1348534
1348537
1348538
1348540
1348551
1348555
1348557
1348558
1348565
1348566
1348569
1348570
1348572
1348581
1348585
1348588
1348596
1348600
1348703
1348719
1348727
1348731
1348733
1348734
1348767
1348783
1348791
1348795
1348797
1348798
1348815
1348823
1348827
1348829
1348830
1348839
1348843
1348845
1348846
1348851
1348857
1348858
1348951
1348955
1348957
1348958
1348967
1348971
1348973
1348974
1348982
1348986
1348988
1349015
1349019
1349021
1349022
1349031
1349035
1349037
1349038
1349046
1349049
1349050
1349052
1349075
1349081
1349082
1349084
1349091
1349097
1349098
1349106
1349112
1349167
1349175
1349179
1349181
1349182
1349199
1349207
1349211
1349213
1349214
1349223
1349227
1349229
1349230
1349237
1349241
1349244
1349263
1349271
1349275
1349277
1349278
1349287
1349291
1349293
1349294
1349299
1349301
1349305
1349306
1349308
1349319
1349323
1349325
1349326
1349331
1349337
1349338
1349340
1349347
1349349
1349353
1349354
1349356
1349361
1349368
1349399
1349403
1349405
1349406
1349415
1349419
1349421
1349422
1349430
1349433
1349434
1349436
1349447
1349451
1349453
1349454
1349461
1349462
1349465
1349466
1349468
1349477
1349481
1349484
1349492
1349496
1349511
1349515
1349517
1349518
1349523
1349525
1349526
1349529
1349532
1349539
1349541
1349545
1349546
1349548
1349553
1349554
1349556
1349560
1349571
1349577
1349578
1349580
1349585
1349586
1349588
1349592
1349601
1349608
1349616
1349727
1349751
1349755
1349757
1349758
1349839
1349847
1349851
1349853
1349854
1349863
1349867
1349869
1349870
1349875
1349877
1349878
1349975
1349979
1349981
1349982
1349991
1349995
1349997
1349998
1350006
1350010
1350012
1350087
1350091
1350093
1350094
1350099
1350101
1350102
1350108
1350115
1350117
1350122
1350124
1350130
1350132
1350199
1350203
1350205
1350206
1350231
1350235
1350237
1350238
1350261
1350265
1350268
1350311
1350315
1350317
1350318
1350323
1350325
1350326
1350329
1350343
1350347
1350349
1350350
1350355
1350357
1350358
1350364
1350373
1350377
1350380
1350385
1350388
1350423
1350427
1350429
1350430
1350439
1350443
1350445
1350446
1350454
1350457
1350458
1350460
1350471
1350475
1350477
1350478
1350485
1350486
1350489
1350490
1350492
1350501
1350505
1350508
1350516
1350520
1350535
1350539
1350541
1350542
1350547
1350549
1350550
1350553
1350556
1350563
1350565
1350569
1350570
1350572
1350577
1350578
1350580
1350584
1350595
1350601
1350602
1350604
1350609
1350610
1350612
1350616
1350625
1350632
1350640
1350687
1350711
1350715
1350717
1350718
1350735
1350743
1350747
1350749
1350750
1350759
1350763
1350765
1350766
1350773
1350774
1350777
1350778
1350799
1350807
1350811
1350813
1350814
1350823
1350827
1350829
1350830
1350835
1350837
1350838
1350841
1350855
1350859
1350861
1350862
1350867
1350869
1350870
1350873
1350874
1350876
1350883
1350889
1350890
1350897
1350898
1350935
1350939
1350941
1350942
1350951
1350955
1350957
1350958
1350966
1350969
1350970
1350972
1350983
1350987
1350989
1350990
1350997
1350998
1351001
1351002
1351004
1351013
1351017
1351020
1351028
1351032
1351047
1351051
1351053
1351054
1351059
1351061
1351062
1351065
1351068
1351075
1351077
1351081
1351082
1351084
1351089
1351090
1351092
1351096
1351107
1351113
1351114
1351116
1351121
1351122
1351124
1351128
1351137
1351144
1351152
1351191
1351195
1351197
1351198
1351207
1351211
1351213
1351214
1351222
1351225
1351226
1351228
1351239
1351243
1351245
1351246
1351253
1351254
1351257
1351258
1351260
1351269
1351273
1351276
1351284
1351288
1351303
1351307
1351309
1351310
1351315
1351317
1351318
1351321
1351324
1351331
1351333
1351337
1351338
1351340
1351345
1351346
1351348
1351352
1351363
1351369
1351370
1351372
1351377
1351378
1351380
1351384
1351393
1351400
1351408
1351449
1351452
1351465
1351480
1351500
1351508
1351512
1351561
1351564
1351569
1351572
1351576
1351585
1351592
1351600
1351624
1351632
1351927
1351931
1351933
1351934
1352031
1352047
1352055
1352059
1352061
1352062
1352151
1352155
1352157
1352158
1352167
1352171
1352173
1352174
1352182
1352186
1352188
1352255
1352287
1352303
1352311
1352315
1352317
1352318
1352367
1352375
1352379
1352381
1352382
1352399
1352407
1352411
1352413
1352414
1352423
1352427
1352429
1352430
1352437
1352441
1352444
1352479
1352495
1352503
1352507
1352509
1352510
1352527
1352535
1352539
1352541
1352542
1352551
1352555
1352557
1352558
1352565
1352566
1352569
1352570
1352572
1352599
1352603
1352605
1352606
1352615
1352619
1352621
1352622
1352630
1352633
1352634
1352636
1352647
1352651
1352653
1352654
1352661
1352662
1352665
1352666
1352677
1352678
1352681
1352684
1352692
1352696
1352799
1352815
1352823
1352827
1352829
1352830
1352863
1352879
1352887
1352891
1352893
1352894
1352911
1352919
1352923
1352925
1352926
1352935
1352939
1352941
1352942
1352947
1352953
1352954
1353047
1353051
1353053
1353054
1353063
1353067
1353069
1353070
1353078
1353082
1353084
1353111
1353115
1353117
1353118
1353127
1353131
1353133
1353134
1353142
1353145
1353146
1353148
1353171
1353177
1353178
1353187
1353190
1353193
1353194
1353202
1353208
1353263
1353271
1353275
1353277
1353278
1353295
1353303
1353307
1353309
1353310
1353323
1353325
1353326
1353333
1353337
1353340
1353359
1353367
1353371
1353373
1353374
1353383
1353387
1353389
1353390
1353395
1353397
1353401
1353402
1353404
1353415
1353419
1353421
1353422
1353427
1353433
1353434
1353443
1353445
1353446
1353449
1353450
1353452
1353457
1353464
1353495
1353499
1353501
1353502
1353511
1353515
1353517
1353518
1353526
1353529
1353530
1353532
1353543
1353547
1353549
1353550
1353557
1353558
1353561
1353562
1353573
1353574
1353577
1353580
1353588
1353592
1353607
1353611
1353613
1353614
1353619
1353621
1353622
1353625
1353635
1353637
1353638
1353641
1353642
1353644
1353649
1353650
1353652
1353656
1353667
1353670
1353673
1353674
1353681
1353682
1353697
1353698
1353700
1353704
1353712
1353823
1353847
1353851
1353853
1353854
1353935
1353943
1353947
1353949
1353950
1353959
1353963
1353965
1353966
1353971
1353973
1353974
1354071
1354075
1354077
1354078
1354087
1354091
1354093
1354094
1354102
1354106
1354108
1354183
1354187
1354189
1354190
1354195
1354197
1354198
1354211
1354213
1354214
1354218
1354220
1354226
1354228
1354295
1354299
1354301
1354302
1354327
1354331
1354333
1354334
1354357
1354361
1354364
1354407
1354411
1354413
1354414
1354419
1354421
1354422
1354425
1354439
1354443
1354445
1354446
1354451
1354453
1354454
1354469
1354470
1354473
1354476
1354481
1354484
1354519
1354523
1354525
1354526
1354535
1354539
1354541
1354542
1354550
1354553
1354554
1354556
1354567
1354571
1354573
1354574
1354581
1354582
1354585
1354586
1354597
1354598
1354601
1354604
1354612
1354616
1354631
1354635
1354637
1354638
1354643
1354645
1354646
1354649
1354659
1354661
1354662
1354665
1354666
1354668
1354673
1354674
1354676
1354680
1354691
1354694
1354697
1354698
1354705
1354706
1354721
1354722
1354724
1354728
1354736
1354783
1354807
1354811
1354813
1354814
1354831
1354839
1354843
1354845
1354846
1354855
1354859
1354861
1354862
1354869
1354870
1354873
1354874
1354895
1354903
1354907
1354909
1354910
1354919
1354923
1354925
1354926
1354931
1354933
1354934
1354937
1354951
1354955
1354957
1354958
1354963
1354965
1354966
1354969
1354970
1354979
1354982
1354985
1354986
1354993
1354994
1355031
1355035
1355037
1355038
1355047
1355051
1355053
1355054
1355062
1355065
1355066
1355068
1355079
1355083
1355085
1355086
1355093
1355094
1355097
1355098
1355109
1355110
1355113
1355116
1355124
1355128
1355143
1355147
1355149
1355150
1355155
1355157
1355158
1355161
1355171
1355173
1355174
1355177
1355178
1355180
1355185
1355186
1355188
1355192
1355203
1355206
1355209
1355210
1355217
1355218
1355233
1355234
1355236
1355240
1355248
1355287
1355291
1355293
1355294
1355303
1355307
1355309
1355310
1355318
1355321
1355322
1355324
1355335
1355339
1355341
1355342
1355349
1355350
1355353
1355354
1355365
1355366
1355369
1355372
1355380
1355384
1355399
1355403
1355405
1355406
1355411
1355413
1355414
1355417
1355427
1355429
1355430
1355433
1355434
1355436
1355441
1355442
1355444
1355448
1355459
1355462
1355465
1355466
1355473
1355474
1355489
1355490
1355492
1355496
1355504
1355545
1355558
1355561
1355576
1355590
1355620
1355654
1355657
1355665
1355681
1355682
1355684
1355688
1355696
1355714
1355744
1356022
1356026
1356028
1356119
1356123
1356125
1356126
1356135
1356139
1356141
1356142
1356150
1356154
1356156
1356246
1356250
1356252
1356262
1356266
1356268
1356335
1356343
1356347
1356349
1356350
1356367
1356375
1356379
1356381
1356382
1356391
1356395
1356397
1356398
1356405
1356406
1356409
1356410
1356412
1356455
1356459
1356461
1356462
1356470
1356473
1356474
1356476
1356487
1356491
1356493
1356494
1356502
1356506
1356508
1356517
1356518
1356521
1356522
1356524
1356532
1356536
1356567
1356571
1356573
1356574
1356583
1356587
1356589
1356590
1356598
1356601
1356602
1356604
1356615
1356619
1356621
1356622
1356629
1356630
1356633
1356634
1356636
1356645
1356646
1356649
1356650
1356652
1356660
1356664
1356694
1356697
1356698
1356700
1356710
1356713
1356714
1356716
1356728
1356742
1356746
1356748
1356756
1356760
1356772
1356776
1356879
1356887
1356891
1356893
1356894
1356903
1356907
1356909
1356910
1356918
1356922
1356924
1356943
1356951
1356955
1356957
1356958
1356967
1356971
1356973
1356974
1356982
1356985
1356986
1356988
1356999
1357003
1357005
1357006
1357011
1357014
1357017
1357018
1357020
1357027
1357030
1357033
1357034
1357036
1357042
1357048
1357142
1357146
1357148
1357158
1357162
1357164
1357206
1357209
1357210
1357212
1357222
1357225
1357226
1357228
1357240
1357266
1357272
1357282
1357288
1357351
1357355
1357357
1357358
1357366
1357369
1357370
1357372
1357383
1357387
1357389
1357390
1357398
1357402
1357404
1357413
1357414
1357417
1357418
1357420
1357428
1357432
1357447
1357451
1357453
1357454
1357462
1357465
1357466
1357468
1357475
1357477
1357478
1357481
1357482
1357484
1357489
1357490
1357492
1357496
1357507
1357510
1357513
1357514
1357516
1357522
1357528
1357537
1357538
1357540
1357544
1357552
1357590
1357593
1357594
1357596
1357606
1357609
1357610
1357612
1357624
1357638
1357642
1357644
1357652
1357656
1357668
1357672
1357702
1357705
1357706
1357708
1357713
1357714
1357716
1357720
1357729
1357730
1357732
1357736
1357744
1357762
1357768
1357776
1357792
1357911
1357915
1357917
1357918
1357942
1357946
1357948
1358023
1358027
1358029
1358030
1358035
1358037
1358038
1358042
1358044
1358054
1358058
1358060
1358066
1358068
1358166
1358170
1358172
1358182
1358186
1358188
1358278
1358282
1358284
1358290
1358292
1358306
1358308
1358390
1358393
1358394
1358396
1358422
1358426
1358428
1358452
1358456
1358502
1358505
1358506
1358508
1358513
1358514
1358516
1358520
1358534
1358538
1358540
1358546
1358548
1358564
1358568
1358576
1358614
1358617
1358618
1358620
1358630
1358633
1358634
1358636
1358648
1358662
1358666
1358668
1358676
1358680
1358692
1358696
1358726
1358729
1358730
1358732
1358737
1358738
1358740
1358744
1358753
1358754
1358756
1358760
1358768
1358786
1358792
1358800
1358816
1358871
1358875
1358877
1358878
1358902
1358905
1358906
1358908
1358919
1358923
1358925
1358926
1358933
1358934
1358937
1358938
1358940
1358950
1358954
1358956
1358964
1358968
1358983
1358987
1358989
1358990
1358995
1358997
1358998
1359001
1359002
1359004
1359014
1359017
1359018
1359020
1359025
1359026
1359028
1359032
1359043
1359046
1359049
1359050
1359052
1359057
1359058
1359060
1359064
1359074
1359080
1359088
1359126
1359129
1359130
1359132
1359142
1359145
1359146
1359148
1359160
1359174
1359178
1359180
1359188
1359192
1359204
1359208
1359238
1359241
1359242
1359244
1359249
1359250
1359252
1359256
1359265
1359266
1359268
1359272
1359280
1359298
1359304
1359312
1359328
1359382
1359385
1359386
1359388
1359398
1359401
1359402
1359404
1359416
1359430
1359434
1359436
1359444
1359448
1359460
1359464
1359494
1359497
1359498
1359500
1359505
1359506
1359508
1359512
1359521
1359522
1359524
1359528
1359536
1359554
1359560
1359568
1359584
1359640
1359656
1359752
1359760
1359776
1364311
1364315
1364317
1364318
1364327
1364331
1364333
1364334
1364342
1364346
1364348
1364444
1364527
1364535
1364539
1364541
1364542
1364559
1364567
1364571
1364573
1364574
1364583
1364587
1364589
1364590
1364597
1364601
1364604
1364647
1364651
1364653
1364654
1364679
1364683
1364685
1364686
1364700
1364709
1364713
1364716
1364759
1364763
1364765
1364766
1364775
1364779
1364781
1364782
1364790
1364794
1364796
1364807
1364811
1364813
1364814
1364821
1364822
1364825
1364826
1364828
1364837
1364841
1364844
1364852
1364856
1364892
1364940
1364948
1364952
1365071
1365079
1365083
1365085
1365086
1365095
1365099
1365101
1365102
1365135
1365143
1365147
1365149
1365150
1365159
1365163
1365165
1365166
1365191
1365195
1365197
1365198
1365203
1365209
1365210
1365212
1365219
1365225
1365226
1365340
1365404
1365464
1365543
1365547
1365549
1365550
1365575
1365579
1365581
1365582
1365596
1365605
1365609
1365612
1365639
1365643
1365645
1365646
1365660
1365667
1365669
1365674
1365676
1365699
1365705
1365706
1365708
1365720
1365729
1365736
1365788
1365836
1365844
1365848
1365900
1365908
1365960
1365968
1366103
1366107
1366109
1366110
1366215
1366219
1366221
1366222
1366227
1366229
1366230
1366236
1366364
1366476
1366484
1366620
1366732
1366740
1366812
1366860
1366868
1366872
1366924
1366932
1366984
1366992
1367063
1367067
1367069
1367070
1367111
1367115
1367117
1367118
1367125
1367126
1367129
1367130
1367132
1367175
1367179
1367181
1367182
1367187
1367189
1367190
1367196
1367235
1367241
1367242
1367244
1367249
1367250
1367252
1367256
1367324
1367372
1367380
1367384
1367436
1367444
1367496
1367504
1367580
1367628
1367636
1367640
1367692
1367700
1367752
1367760
1368407
1368411
1368413
1368414
1368423
1368427
1368429
1368430
1368438
1368442
1368444
1368550
1368623
1368631
1368635
1368637
1368638
1368655
1368663
1368667
1368669
1368670
1368683
1368685
1368686
1368693
1368697
1368700
1368743
1368747
1368749
1368750
1368775
1368779
1368781
1368782
1368805
1368806
1368809
1368812
1368855
1368859
1368861
1368862
1368871
1368875
1368877
1368878
1368886
1368890
1368892
1368907
1368909
1368910
1368917
1368918
1368921
1368922
1368933
1368937
1368940
1368948
1368952
1368998
1369030
1369060
1369167
1369175
1369179
1369181
1369182
1369195
1369197
1369198
1369231
1369239
1369243
1369245
1369246
1369255
1369259
1369261
1369262
1369287
1369291
1369293
1369294
1369299
1369305
1369306
1369315
1369318
1369321
1369322
1369446
1369510
1369570
1369643
1369645
1369646
1369675
1369677
1369678
1369705
1369708
1369735
1369739
1369741
1369742
1369763
1369765
1369766
1369770
1369772
1369795
1369798
1369801
1369802
1369825
1369826
1369828
1369832
1369894
1369926
1369956
1369990
1370018
1370020
1370050
1370080
1370199
1370203
1370205
1370206
1370311
1370315
1370317
1370318
1370323
1370325
1370326
1370342
1370470
1370566
1370594
1370596
1370790
1370822
1370852
1370918
1370950
1370980
1371014
1371042
1371044
1371074
1371104
1371159
1371163
1371165
1371166
1371207
1371211
1371213
1371214
1371221
1371222
1371225
1371226
1371238
1371271
1371275
1371277
1371278
1371283
1371285
1371286
1371302
1371331
1371334
1371337
1371338
1371345
1371346
1371362
1371430
1371462
1371492
1371526
1371554
1371556
1371586
1371616
1371686
1371718
1371748
1371782
1371810
1371812
1371842
1371872
1372502
1372506
1372508
1372518
1372522
1372524
1372711
1372715
1372717
1372718
1372726
1372730
1372732
1372743
1372747
1372749
1372750
1372758
1372762
1372764
1372773
1372774
1372777
1372778
1372780
1372788
1372792
1372838
1372842
1372844
1372870
1372874
1372876
1372900
1372904
1372950
1372954
1372956
1372966
1372970
1372972
1372998
1373002
1373004
1373012
1373016
1373028
1373032
1373255
1373259
1373261
1373262
1373270
1373274
1373276
1373286
1373290
1373292
1373319
1373323
1373325
1373326
1373334
1373338
1373340
1373350
1373354
1373356
1373379
1373382
1373385
1373386
1373388
1373394
1373400
1373410
1373416
1373734
1373738
1373740
1373766
1373770
1373772
1373796
1373800
1373830
1373834
1373836
1373858
1373860
1373890
1373896
1373920
1374294
1374298
1374300
1374406
1374410
1374412
1374418
1374420
1375254
1375258
1375260
1375302
1375306
1375308
1375316
1375320
1375366
1375370
1375372
1375378
1375380
1375426
1375432
1375440
1396831
1396855
1396859
1396861
1396862
1396951
1396955
1396957
1396958
1397079
1397083
1397085
1397086
1397095
1397099
1397101
1397102
1397107
1397110
1397114
1397116
1397212
1397303
1397307
1397309
1397310
1397335
1397339
1397341
1397342
1397363
1397365
1397369
1397372
1397468
1397527
1397531
1397533
1397534
1397543
1397547
1397549
1397550
1397555
1397558
1397562
1397564
1397575
1397579
1397581
1397582
1397587
1397589
1397590
1397593
1397594
1397596
1397603
1397605
1397609
1397612
1397617
1397618
1397620
1397624
1397660
1397708
1397716
1397720
1397847
1397851
1397853
1397854
1397875
1397911
1397915
1397917
1397918
1397971
1397977
1397978
1397980
1398099
1398108
1398115
1398130
1398172
1398232
1398323
1398355
1398364
1398385
1398428
1398488
1398547
1398556
1398563
1398578
1398595
1398604
1398609
1398610
1398612
1398616
1398625
1398640
1398668
1398676
1398728
1398736
1398871
1398875
1398877
1398878
1398899
1398983
1398987
1398989
1398990
1398995
1398997
1398998
1399004
1399123
1399132
1399139
1399154
1399244
1399252
1399347
1399379
1399388
1399409
1399500
1399508
1399571
1399580
1399587
1399602
1399619
1399628
1399633
1399634
1399636
1399640
1399649
1399664
1399692
1399700
1399752
1399760
1399831
1399835
1399837
1399838
1399859
1399879
1399883
1399885
1399886
1399891
1399893
1399894
1399897
1399898
1399900
1399907
1399921
1399922
1399943
1399947
1399949
1399950
1399955
1399957
1399958
1399964
1400003
1400009
1400010
1400012
1400017
1400018
1400020
1400024
1400083
1400092
1400099
1400114
1400131
1400140
1400145
1400146
1400148
1400152
1400161
1400176
1400204
1400212
1400264
1400272
1400339
1400348
1400355
1400370
1400387
1400396
1400401
1400402
1400404
1400408
1400417
1400432
1400460
1400468
1400520
1400528
1400656
1400927
1400951
1400955
1400957
1400958
1401047
1401051
1401053
1401054
1401175
1401179
1401181
1401182
1401195
1401197
1401198
1401203
1401206
1401210
1401212
1401318
1401399
1401403
1401405
1401406
1401431
1401435
1401437
1401438
1401459
1401461
1401465
1401468
1401623
1401627
1401629
1401630
1401643
1401645
1401646
1401651
1401654
1401658
1401660
1401675
1401677
1401678
1401683
1401685
1401686
1401689
1401690
1401705
1401708
1401713
1401714
1401716
1401720
1401766
1401798
1401828
1401943
1401947
1401949
1401950
1401971
1402007
1402011
1402013
1402014
1402067
1402073
1402074
1402195
1402214
1402226
1402278
1402338
1402419
1402451
1402481
1402643
1402662
1402674
1402694
1402705
1402706
1402736
1402758
1402786
1402788
1402818
1402848
1402967
1402971
1402973
1402974
1402995
1403079
1403083
1403085
1403086
1403091
1403093
1403094
1403110
1403219
1403235
1403238
1403250
1403334
1403362
1403364
1403443
1403475
1403505
1403558
1403590
1403620
1403667
1403683
1403686
1403698
1403715
1403718
1403729
1403730
1403745
1403746
1403748
1403760
1403782
1403810
1403812
1403842
1403872
1403927
1403931
1403933
1403934
1403955
1403975
1403979
1403981
1403982
1403987
1403989
1403990
1403993
1403994
1404003
1404006
1404017
1404018
1404039
1404043
1404045
1404046
1404051
1404053
1404054
1404070
1404099
1404102
1404105
1404106
1404113
1404114
1404130
1404179
1404195
1404198
1404210
1404227
1404230
1404241
1404242
1404257
1404258
1404260
1404272
1404294
1404322
1404324
1404354
1404384
1404435
1404451
1404454
1404466
1404483
1404486
1404497
1404498
1404513
1404514
1404516
1404528
1404550
1404578
1404580
1404610
1404640
1404706
1404738
1404768
1405015
1405019
1405021
1405022
1405043
1405046
1405050
1405052
1405142
1405146
1405148
1405267
1405270
1405274
1405276
1405283
1405286
1405290
1405292
1405298
1405491
1405494
1405498
1405500
1405523
1405526
1405530
1405532
1405553
1405554
1405556
1405560
1405715
1405718
1405722
1405724
1405731
1405734
1405738
1405740
1405746
1405763
1405766
1405770
1405772
1405777
1405778
1405780
1405784
1405793
1405794
1405796
1405800
1405808
1406035
1406038
1406042
1406044
1406066
1406102
1406106
1406108
1406162
1406168
1406290
1406306
1406514
1406546
1406576
1406738
1406754
1406786
1406800
1406816
1407059
1407062
1407066
1407068
1407090
1407174
1407178
1407180
1407186
1407188
1407314
1407330
1407538
1407570
1407600
1407762
1407778
1407810
1407824
1407840
1408019
1408022
1408026
1408028
1408050
1408067
1408070
1408074
1408076
1408081
1408082
1408084
1408088
1408098
1408112
1408134
1408138
1408140
1408146
1408148
1408194
1408200
1408208
1408274
1408290
1408322
1408336
1408352
1408530
1408546
1408578
1408592
1408608
1413215
1413239
1413243
1413245
1413246
1413335
1413339
1413341
1413342
1413463
1413467
1413469
1413470
1413479
1413483
1413485
1413486
1413494
1413498
1413500
1413596
1413719
1413723
1413725
1413726
1413749
1413756
1413817
1413852
1413959
1413965
1413966
1413974
1413980
1414041
1414044
1414057
1414072
1414092
1414100
1414104
1414231
1414235
1414237
1414238
1414295
1414299
1414301
1414302
1414329
1414355
1414361
1414362
1414364
1414492
1414553
1414556
1414569
1414584
1414616
1414748
1414809
1414812
1414833
1414840
1414872
1414988
1415049
1415052
1415057
1415060
1415064
1415073
1415080
1415088
1415112
1415120
1415367
1415371
1415373
1415374
1415379
1415381
1415382
1415388
1415628
1415636
1415884
1415892
1416327
1416331
1416333
1416334
1416339
1416341
1416342
1416345
1416387
1416393
1416394
1416396
1416401
1416402
1416404
1416408
1416648
1416656
1416904
1417311
1417335
1417339
1417341
1417342
1417431
1417435
1417437
1417438
1417559
1417563
1417565
1417566
1417575
1417579
1417581
1417582
1417590
1417594
1417596
1417702
1417815
1417819
1417821
1417822
1417845
1417852
1417913
1418055
1418061
1418062
1418070
1418086
1418137
1418150
1418153
1418168
1418182
1418212
1418327
1418331
1418333
1418334
1418391
1418395
1418397
1418398
1418425
1418451
1418457
1418458
1418598
1418649
1418662
1418665
1418680
1418722
1418905
1418929
1418936
1419078
1419142
1419145
1419153
1419169
1419170
1419172
1419176
1419184
1419202
1419232
1419463
1419467
1419469
1419470
1419475
1419477
1419478
1419494
1419718
1419746
1419748
1419974
1420004
1420423
1420427
1420429
1420430
1420435
1420437
1420438
1420441
1420454
1420483
1420486
1420489
1420490
1420497
1420498
1420514
1420678
1420738
1420768
1420994
1421399
1421403
1421405
1421406
1421430
1421434
1421436
1421526
1421530
1421532
1421654
1421658
1421660
1421670
1421674
1421676
1421910
1421914
1421916
1421940
1422008
1422150
1422156
1422232
1422248
1422422
1422426
1422428
1422486
1422489
1422490
1422492
1422520
1422546
1422552
1422744
1422760
1423000
1423024
1423240
1423248
1423264
1423558
1423562
1423564
1423570
1423572
1424518
1424521
1424522
1424524
1424530
1424532
1424536
1424578
1424584
1424592
1429591
1429595
1429597
1429598
1429724
1429852
1430108
1430300
1430348
1430356
1430360
1430620
1430684
1430744
1431644
1431756
1431764
1432604
1432652
1432660
1432664
1432716
1432724
1432776
1432784
1433687
1433691
1433693
1433694
1433958
1434406
1434438
1434468
1435846
1436742
1436806
1436866
1437782
1437786
1437788
1462383
1462391
1462395
1462397
1462398
1462503
1462507
1462509
1462510
1462615
1462619
1462621
1462622
1462635
1462637
1462638
1462643
1462646
1462650
1462652
1462748
1462863
1462871
1462875
1462877
1462878
1462891
1462893
1462894
1462901
1462908
1462951
1462955
1462957
1462958
1462983
1462987
1462989
1462990
1463004
1463013
1463017
1463020
1463117
1463118
1463126
1463132
1463196
1463244
1463252
1463256
1463403
1463405
1463406
1463411
1463463
1463467
1463469
1463470
1463523
1463529
1463530
1463635
1463644
1463666
1463708
1463768
1463883
1463885
1463886
1463891
1463900
1463916
1463943
1463947
1463949
1463950
1463964
1463971
1463973
1463978
1463980
1464003
1464009
1464010
1464012
1464024
1464033
1464040
1464140
1464204
1464212
1464264
1464272
1464780
1464788
1465036
1465044
1465740
1465800
1465808
1466056
1466491
1466493
1466494
1466603
1466605
1466606
1466715
1466717
1466718
1466746
1466748
1466971
1466973
1466974
1467004
1467051
1467053
1467054
1467083
1467085
1467086
1467113
1467116
1467563
1467565
1467566
1467625
1467626
1468043
1468045
1468046
1468074
1468076
1468105
1468106
1468136
1468646
1468870
1468898
1468900
1469126
1469156
1469606
1469666
1469830
1469890
1469920
1470146
1470571
1470573
1470574
1470579
1470582
1470586
1470588
1470694
1470698
1470700
1470803
1470806
1470810
1470812
1470826
1470828
1470834
1471051
1471053
1471054
1471059
1471062
1471066
1471068
1471082
1471084
1471092
1471142
1471146
1471148
1471174
1471178
1471180
1471204
1471208
1471308
1471594
1471596
1471602
1471654
1471658
1471660
1471714
1471720
1471826
1472074
1472076
1472082
1472134
1472138
1472140
1472162
1472164
1472194
1472200
1472224
1495143
1495147
1495149
1495150
1495388
1495591
1495595
1495597
1495598
1495623
1495627
1495629
1495630
1495644
1495653
1495657
1495660
1495756
1495836
1495884
1495892
1495896
1496652
1496716
1496776
1499243
1499245
1499246
1499366
1499691
1499693
1499694
1499723
1499725
1499726
1499753
1499756
1499814
1499846
1499876
1500326
1500386
1500806
1500834
1500836
1500866
1500896
1503334
1503338
1503340
1503782
1503786
1503788
1503814
1503818
1503820
1503844
1503848
1839327
1839343
1839351
1839355
1839357
1839358
1839575
1839579
1839581
1839582
1839591
1839595
1839597
1839598
1839606
1839610
1839612
1839791
1839799
1839803
1839805
1839806
1839823
1839831
1839835
1839837
1839838
1839847
1839851
1839853
1839854
1839861
1839865
1839868
1840023
1840027
1840029
1840030
1840039
1840043
1840045
1840046
1840054
1840057
1840058
1840060
1840071
1840075
1840077
1840078
1840085
1840086
1840089
1840090
1840092
1840101
1840105
1840108
1840116
1840120
1840223
1840239
1840247
1840251
1840253
1840254
1840287
1840303
1840311
1840315
1840317
1840318
1840335
1840343
1840347
1840349
1840350
1840359
1840363
1840365
1840366
1840371
1840377
1840378
1840471
1840475
1840477
1840478
1840487
1840491
1840493
1840494
1840499
1840502
1840506
1840508
1840535
1840539
1840541
1840542
1840551
1840555
1840557
1840558
1840566
1840569
1840570
1840572
1840595
1840601
1840602
1840604
1840611
1840617
1840618
1840626
1840632
1840719
1840727
1840731
1840733
1840734
1840743
1840747
1840749
1840750
1840757
1840764
1840783
1840791
1840795
1840797
1840798
1840807
1840811
1840813
1840814
1840819
1840821
1840825
1840826
1840828
1840839
1840843
1840845
1840846
1840851
1840857
1840858
1840860
1840867
1840869
1840873
1840874
1840876
1840881
1840888
1840967
1840973
1840974
1840982
1840988
1841031
1841035
1841037
1841038
1841043
1841045
1841046
1841049
1841052
1841059
1841061
1841065
1841066
1841068
1841073
1841074
1841076
1841080
1841091
1841097
1841098
1841100
1841105
1841106
1841108
1841112
1841121
1841128
1841136
1841359
1841367
1841371
1841373
1841374
1841383
1841387
1841389
1841390
1841395
1841397
1841398
1841607
1841611
1841613
1841614
1841619
1841621
1841622
1841628
1841635
1841637
1841642
1841644
1841650
1841652
1841863
1841867
1841869
1841870
1841875
1841877
1841878
1841884
1841893
1841900
1841908
1842124
1842319
1842327
1842331
1842333
1842334
1842343
1842347
1842349
1842350
1842357
1842358
1842375
1842379
1842381
1842382
1842387
1842389
1842390
1842393
1842394
1842396
1842403
1842409
1842410
1842417
1842418
1842567
1842573
1842574
1842582
1842627
1842633
1842634
1842636
1842641
1842642
1842644
1842648
1842657
1842664
1842672
1842883
1842889
1842890
1842892
1842898
1842900
1842904
1847503
1847511
1847515
1847517
1847518
1847542
1847546
1847766
1847770
1847772
1847975
1847979
1847981
1847982
1847990
1847994
1847996
1848007
1848011
1848013
1848014
1848022
1848026
1848028
1848037
1848038
1848041
1848042
1848044
1848052
1848056
1848214
1848220
1848236
1848262
1848266
1848268
1848276
1848280
1848292
1848296
1848399
1848407
1848411
1848413
1848414
1848423
1848427
1848429
1848430
1848435
1848438
1848442
1848444
1848519
1848523
1848526
1848531
1848534
1848537
1848538
1848540
1848562
1848659
1848662
1848666
1848668
1848675
1848678
1848682
1848684
1848690
1848786
1848792
1848903
1848907
1848909
1848910
1848915
1848918
1848922
1848924
1848931
1848933
1848934
1848938
1848940
1848948
1848967
1848971
1848973
1848974
1848982
1848985
1848986
1848988
1848997
1848998
1849001
1849002
1849004
1849012
1849027
1849030
1849033
1849034
1849036
1849042
1849048
1849057
1849058
1849060
1849064
1849072
1849158
1849164
1849222
1849228
1849282
1849288
1849296
1849312
1850054
1850058
1850066
1850068
1851074
1855695
1855703
1855707
1855709
1855710
1855719
1855723
1855725
1855726
1855964
1856167
1856171
1856173
1856174
1856199
1856203
1856205
1856206
1856220
1856229
1856233
1856236
1856412
1856460
1856468
1856472
1856591
1856599
1856603
1856605
1856606
1856615
1856619
1856621
1856622
1856627
1856655
1856663
1856667
1856669
1856670
1856679
1856683
1856685
1856686
1856711
1856715
1856717
1856718
1856723
1856729
1856730
1856732
1856739
1856745
1856746
1856851
1856860
1856867
1856882
1856924
1856984
1857063
1857067
1857069
1857070
1857075
1857095
1857099
1857101
1857102
1857107
1857116
1857123
1857125
1857129
1857132
1857137
1857159
1857163
1857165
1857166
1857180
1857187
1857189
1857194
1857196
1857219
1857225
1857226
1857228
1857240
1857249
1857256
1857299
1857308
1857315
1857330
1857347
1857356
1857361
1857362
1857364
1857368
1857377
1857392
1857420
1857428
1857480
1857488
1857623
1857627
1857629
1857630
1857651
1857735
1857739
1857741
1857742
1857747
1857749
1857750
1857756
1857875
1857884
1857891
1857906
1857996
1858004
1858099
1858131
1858140
1858161
1858252
1858260
1858323
1858332
1858339
1858354
1858371
1858380
1858385
1858386
1858388
1858392
1858401
1858416
1858444
1858452
1858504
1858512
1858583
1858587
1858589
1858590
1858611
1858631
1858635
1858637
1858638
1858643
1858645
1858646
1858649
1858650
1858652
1858659
1858673
1858674
1858695
1858699
1858701
1858702
1858707
1858709
1858710
1858716
1858755
1858761
1858762
1858764
1858769
1858770
1858772
1858776
1858835
1858844
1858851
1858866
1858883
1858892
1858897
1858898
1858900
1858904
1858913
1858928
1858956
1858964
1859016
1859024
1859091
1859100
1859107
1859122
1859139
1859148
1859153
1859154
1859156
1859160
1859169
1859184
1859212
1859220
1859272
1859280
1859408
1859791
1859799
1859803
1859805
1859806
1859815
1859819
1859821
1859822
1860070
1860263
1860267
1860269
1860270
1860295
1860299
1860301
1860302
1860325
1860326
1860329
1860332
1860518
1860550
1860580
1860687
1860695
1860699
1860701
1860702
1860711
1860715
1860717
1860718
1860723
1860751
1860759
1860763
1860765
1860766
1860775
1860779
1860781
1860782
1860807
1860811
1860813
1860814
1860819
1860825
1860826
1860835
1860838
1860841
1860842
1860947
1860963
1860978
1861030
1861090
1861159
1861163
1861165
1861166
1861171
1861195
1861197
1861198
1861203
1861225
1861228
1861233
1861255
1861259
1861261
1861262
1861283
1861285
1861286
1861290
1861292
1861315
1861318
1861321
1861322
1861345
1861346
1861348
1861352
1861395
1861411
1861426
1861457
1861458
1861488
1861510
1861538
1861540
1861570
1861600
1861719
1861723
1861725
1861726
1861747
1861831
1861835
1861837
1861838
1861843
1861845
1861846
1861862
1861971
1861987
1861990
1862002
1862086
1862114
1862116
1862195
1862227
1862257
1862310
1862342
1862372
1862419
1862435
1862438
1862450
1862467
1862470
1862481
1862482
1862497
1862498
1862500
1862512
1862534
1862562
1862564
1862594
1862624
1862679
1862683
1862685
1862686
1862707
1862727
1862731
1862733
1862734
1862739
1862741
1862742
1862745
1862746
1862755
1862758
1862769
1862770
1862791
1862795
1862797
1862798
1862803
1862805
1862806
1862822
1862851
1862854
1862857
1862858
1862865
1862866
1862882
1862931
1862947
1862950
1862962
1862979
1862982
1862993
1862994
1863009
1863010
1863012
1863024
1863046
1863074
1863076
1863106
1863136
1863187
1863203
1863206
1863218
1863235
1863238
1863249
1863250
1863265
1863266
1863268
1863280
1863302
1863330
1863332
1863362
1863392
1863458
1863490
1863520
1863879
1863883
1863885
1863886
1863894
1863898
1863900
1863910
1863914
1863916
1864358
1864362
1864364
1864390
1864394
1864396
1864420
1864424
1864775
1864779
1864781
1864782
1864787
1864790
1864794
1864796
1864803
1864806
1864810
1864812
1864818
1864839
1864843
1864845
1864846
1864854
1864858
1864860
1864870
1864874
1864876
1864899
1864902
1864905
1864906
1864908
1864914
1864920
1864930
1864936
1865042
1865058
1865251
1865254
1865258
1865260
1865266
1865283
1865286
1865290
1865292
1865298
1865313
1865314
1865316
1865320
1865328
1865350
1865354
1865356
1865378
1865380
1865410
1865416
1865440
1865490
1865506
1865538
1865552
1865568
1865811
1865814
1865818
1865820
1865842
1865926
1865930
1865932
1865938
1865940
1866066
1866082
1866290
1866322
1866352
1866514
1866530
1866562
1866576
1866592
1866771
1866774
1866778
1866780
1866802
1866819
1866822
1866826
1866828
1866833
1866834
1866836
1866840
1866850
1866864
1866886
1866890
1866892
1866898
1866900
1866946
1866952
1866960
1867026
1867042
1867074
1867088
1867104
1867282
1867298
1867330
1867344
1867360
1888455
1888459
1888461
1888462
1888476
1888972
1889351
1889355
1889357
1889358
1889372
1889415
1889419
1889421
1889422
1889436
1889475
1889481
1889482
1889484
1889496
1889868
1889932
1889992
1890396
1890508
1890516
1891356
1891404
1891412
1891416
1891468
1891476
1891528
1891536
1896646
1896650
1897542
1897546
1897548
1897666
1921244
1922131
1922140
1922204
1922264
1922896
1923155
1923164
1923276
1923284
1923920
1924115
1924124
1924163
1924172
1924177
1924178
1924180
1924184
1924236
1924244
1924296
1924304
1924432
1924688
1930322
1931346
1932354
1937628
1938328
1938524
1938648
1939096
1939336
1939344
1939660
1939668
1940680
1940688
1942681
1943456
1943750
1944710
1944713
1944770
1946776
1948808
3150687
3150703
3150711
3150717
3150718
3150751
3150767
3150775
3150781
3150782
3150799
3150807
3150811
3150813
3150814
3150823
3150827
3150829
3150830
3150837
3150838
3150841
3150842
3150844
3151199
3151215
3151223
3151227
3151229
3151230
3151263
3151279
3151287
3151291
3151293
3151294
3151319
3151323
3151325
3151326
3151335
3151339
3151341
3151342
3151347
3151350
3151353
3151354
3151356
3151423
3151455
3151471
3151479
3151483
3151485
3151486
3151519
3151535
3151543
3151547
3151549
3151550
3151567
3151575
3151579
3151581
3151582
3151591
3151595
3151597
3151598
3151603
3151605
3151609
3151610
3151612
3151647
3151663
3151671
3151677
3151678
3151695
3151703
3151707
3151709
3151710
3151723
3151725
3151726
3151731
3151733
3151734
3151737
3151738
3151740
3151759
3151767
3151771
3151773
3151774
3151783
3151787
3151789
3151790
3151795
3151797
3151798
3151801
3151802
3151804
3151815
3151819
3151821
3151822
3151827
3151829
3151830
3151833
3151834
3151836
3151843
3151845
3151849
3151850
3151852
3151857
3151858
3151860
3151864
3152223
3152239
3152247
3152253
3152254
3152287
3152303
3152311
3152317
3152318
3152335
3152343
3152347
3152349
3152350
3152359
3152363
3152365
3152366
3152371
3152373
3152374
3152378
3152380
3152479
3152503
3152509
3152510
3152559
3152567
3152573
3152574
3152591
3152599
3152603
3152605
3152606
3152615
3152619
3152621
3152622
3152627
3152629
3152630
3152633
3152636
3152719
3152727
3152733
3152734
3152743
3152749
3152750
3152757
3152758
3152764
3152783
3152791
3152797
3152798
3152807
3152813
3152814
3152821
3152822
3152828
3152839
3152843
3152845
3152846
3152851
3152853
3152854
3152857
3152858
3152860
3152867
3152869
3152873
3152874
3152876
3152881
3152882
3152884
3152888
3152959
3152991
3153007
3153015
3153019
3153021
3153022
3153055
3153071
3153079
3153083
3153085
3153086
3153103
3153111
3153115
3153117
3153118
3153127
3153131
3153133
3153134
3153139
3153141
3153142
3153145
3153146
3153183
3153199
3153207
3153213
3153214
3153231
3153239
3153243
3153245
3153246
3153255
3153259
3153261
3153262
3153267
3153269
3153270
3153273
3153274
3153276
3153295
3153303
3153307
3153310
3153319
3153323
3153325
3153326
3153331
3153333
3153334
3153337
3153338
3153340
3153351
3153355
3153357
3153358
3153363
3153365
3153366
3153369
3153370
3153372
3153379
3153381
3153385
3153386
3153388
3153393
3153394
3153396
3153400
3153439
3153455
3153463
3153469
3153470
3153487
3153495
3153499
3153501
3153502
3153511
3153515
3153517
3153518
3153523
3153525
3153526
3153529
3153530
3153532
3153551
3153559
3153563
3153565
3153566
3153575
3153579
3153581
3153582
3153587
3153589
3153590
3153593
3153594
3153596
3153607
3153611
3153613
3153614
3153619
3153621
3153622
3153625
3153626
3153628
3153635
3153637
3153641
3153642
3153644
3153649
3153650
3153652
3153656
3153687
3153693
3153694
3153703
3153709
3153710
3153718
3153724
3153735
3153739
3153741
3153742
3153747
3153749
3153750
3153753
3153754
3153756
3153763
3153765
3153769
3153772
3153777
3153778
3153780
3153784
3153799
3153803
3153805
3153806
3153811
3153813
3153814
3153817
3153820
3153827
3153829
3153833
3153834
3153836
3153841
3153842
3153844
3153848
3153859
3153865
3153866
3153868
3153873
3153874
3153876
3153880
3153889
3153896
3153904
3154783
3154813
3154847
3154863
3154871
3154877
3154878
3154903
3154909
3154933
3154934
3154940
3155295
3155323
3155325
3155326
3155359
3155375
3155383
3155387
3155389
3155390
3155415
3155419
3155421
3155422
3155435
3155437
3155438
3155443
3155446
3155449
3155450
3155452
3155519
3155551
3155579
3155581
3155582
3155615
3155631
3155639
3155643
3155645
3155646
3155663
3155671
3155675
3155677
3155678
3155691
3155693
3155694
3155699
3155701
3155705
3155706
3155708
3155743
3155773
3155774
3155803
3155805
3155806
3155833
3155834
3155836
3155855
3155863
3155867
3155869
3155870
3155883
3155885
3155886
3155891
3155893
3155894
3155897
3155898
3155900
3155915
3155917
3155918
3155923
3155925
3155926
3155929
3155930
3155945
3155946
3155948
3155953
3155954
3155956
3155960
3157055
3157087
3157111
3157117
3157151
3157167
3157175
3157179
3157181
3157182
3157207
3157213
3157235
3157237
3157238
3157279
3157295
3157303
3157309
3157310
3157327
3157335
3157339
3157341
3157342
3157355
3157357
3157358
3157363
3157365
3157366
3157369
3157370
3157372
3157391
3157399
3157403
3157405
3157406
3157415
3157419
3157421
3157422
3157427
3157429
3157430
3157433
3157434
3157436
3157447
3157451
3157453
3157454
3157459
3157461
3157462
3157465
3157466
3157475
3157477
3157478
3157481
3157482
3157484
3157489
3157490
3157492
3157496
3157783
3157789
3157790
3157805
3157814
3157820
3157843
3157845
3157846
3157873
3157876
3157895
3157901
3157907
3157909
3157910
3157913
3157923
3157925
3157926
3157932
3157937
3157938
3157940
3157944
3157969
3158000
3158871
3158877
3158878
3158893
3158901
3158902
3158908
3158935
3158941
3158942
3158951
3158957
3158958
3158966
3158972
3158983
3158987
3158989
3158990
3158997
3158998
3159001
3159002
3159004
3159013
3159014
3159017
3159018
3159020
3159028
3159032
3159383
3159387
3159389
3159390
3159403
3159405
3159406
3159411
3159414
3159418
3159420
3159447
3159451
3159453
3159454
3159463
3159467
3159469
3159470
3159478
3159481
3159482
3159484
3159507
3159510
3159513
3159514
3159516
3159523
3159526
3159529
3159530
3159532
3159538
3159544
3159607
3159613
3159614
3159639
3159643
3159645
3159646
3159659
3159661
3159662
3159667
3159669
3159670
3159673
3159674
3159676
3159703
3159707
3159709
3159710
3159719
3159723
3159725
3159726
3159731
3159733
3159734
3159737
3159738
3159740
3159751
3159755
3159757
3159763
3159766
3159769
3159770
3159772
3159779
3159781
3159782
3159785
3159786
3159788
3159793
3159794
3159796
3159800
3159831
3159837
3159838
3159853
3159854
3159862
3159868
3159883
3159885
3159886
3159891
3159893
3159894
3159897
3159898
3159900
3159913
3159914
3159916
3159921
3159922
3159924
3159928
3159943
3159947
3159949
3159950
3159955
3159957
3159958
3159961
3159962
3159964
3159971
3159973
3159974
3159977
3159978
3159980
3159985
3159986
3159988
3159992
3160003
3160006
3160009
3160010
3160012
3160017
3160018
3160020
3160024
3160033
3160034
3160036
3160040
3160048
3160407
3160413
3160414
3160423
3160429
3160430
3160438
3160444
3160487
3160493
3160494
3160501
3160502
3160508
3160519
3160523
3160525
3160526
3160531
3160533
3160534
3160538
3160540
3160547
3160549
3160550
3160554
3160556
3160562
3160564
3160663
3160669
3160670
3160693
3160694
3160700
3160743
3160749
3160750
3160757
3160758
3160764
3160775
3160779
3160781
3160782
3160787
3160789
3160790
3160794
3160796
3160805
3160806
3160809
3160810
3160812
3160817
3160818
3160820
3160824
3160903
3160909
3160910
3160917
3160918
3160924
3160933
3160934
3160940
3160948
3160967
3160973
3160974
3160981
3160982
3160988
3160997
3160998
3161004
3161012
3161027
3161030
3161033
3161034
3161036
3161041
3161042
3161044
3161048
3161057
3161058
3161060
3161064
3161072
3161143
3161149
3161150
3161175
3161179
3161181
3161182
3161191
3161195
3161197
3161198
3161203
3161205
3161206
3161209
3161210
3161212
3161239
3161243
3161255
3161259
3161261
3161262
3161267
3161269
3161270
3161273
3161274
3161276
3161287
3161291
3161299
3161301
3161302
3161305
3161306
3161308
3161315
3161318
3161321
3161322
3161324
3161329
3161330
3161332
3161336
3161367
3161373
3161374
3161383
3161389
3161390
3161398
3161404
3161415
3161419
3161421
3161422
3161427
3161429
3161430
3161433
3161434
3161436
3161443
3161445
3161446
3161449
3161450
3161452
3161457
3161458
3161460
3161464
3161479
3161483
3161485
3161486
3161491
3161493
3161494
3161497
3161498
3161500
3161507
3161509
3161510
3161513
3161514
3161516
3161521
3161522
3161524
3161528
3161539
3161542
3161545
3161546
3161548
3161553
3161554
3161556
3161560
3161569
3161570
3161572
3161576
3161584
3161623
3161629
3161630
3161639
3161645
3161646
3161654
3161660
3161671
3161675
3161677
3161678
3161683
3161685
3161686
3161689
3161690
3161692
3161699
3161701
3161702
3161705
3161706
3161708
3161713
3161714
3161716
3161720
3161735
3161739
3161741
3161742
3161747
3161749
3161750
3161753
3161754
3161756
3161763
3161765
3161766
3161769
3161770
3161772
3161777
3161778
3161780
3161784
3161795
3161798
3161801
3161802
3161804
3161809
3161810
3161812
3161816
3161825
3161826
3161828
3161832
3161840
3161878
3161884
3161894
3161900
3161923
3161926
3161930
3161932
3161937
3161938
3161940
3161944
3161953
3161954
3161956
3161960
3161968
3161990
3161993
3161994
3161996
3162001
3162002
3162004
3162008
3162017
3162018
3162020
3162024
3162032
3162050
3162056
3162064
3162080
3167063
3167069
3167091
3167093
3167094
3167100
3167127
3167131
3167133
3167134
3167143
3167149
3167157
3167158
3167161
3167162
3167164
3167189
3167190
3167196
3167220
3167575
3167579
3167581
3167582
3167595
3167597
3167598
3167603
3167605
3167606
3167609
3167610
3167612
3167639
3167643
3167645
3167646
3167655
3167659
3167661
3167662
3167669
3167670
3167673
3167674
3167676
3167699
3167701
3167702
3167705
3167706
3167708
3167715
3167717
3167718
3167721
3167722
3167729
3167730
3167732
3167736
3167799
3167803
3167805
3167806
3167831
3167835
3167837
3167838
3167859
3167861
3167862
3167865
3167866
3167868
3167895
3167899
3167901
3167902
3167911
3167915
3167917
3167923
3167925
3167926
3167929
3167930
3167932
3167955
3167957
3167958
3167961
3167962
3167964
3167971
3167973
3167974
3167977
3167978
3167980
3167985
3167986
3167988
3167992
3168023
3168027
3168029
3168030
3168043
3168045
3168046
3168051
3168053
3168054
3168057
3168058
3168060
3168075
3168077
3168078
3168083
3168085
3168086
3168089
3168090
3168092
3168105
3168106
3168108
3168113
3168114
3168116
3168120
3168135
3168139
3168141
3168142
3168147
3168149
3168150
3168153
3168154
3168156
3168163
3168165
3168166
3168169
3168170
3168172
3168177
3168178
3168180
3168184
3168195
3168197
3168198
3168201
3168202
3168204
3168209
3168210
3168212
3168216
3168225
3168226
3168228
3168232
3168240
3169335
3169339
3169341
3169342
3169367
3169395
3169397
3169398
3169447
3169453
3169459
3169461
3169462
3169465
3169466
3169491
3169493
3169494
3169500
3169521
3169559
3169563
3169565
3169566
3169575
3169579
3169581
3169582
3169587
3169589
3169590
3169593
3169594
3169596
3169607
3169611
3169613
3169614
3169619
3169621
3169622
3169625
3169626
3169628
3169635
3169637
3169638
3169641
3169642
3169644
3169649
3169650
3169652
3169656
3169671
3169675
3169677
3169678
3169683
3169685
3169686
3169689
3169690
3169692
3169699
3169701
3169702
3169705
3169706
3169708
3169713
3169714
3169716
3169720
3169731
3169733
3169734
3169737
3169738
3169740
3169745
3169746
3169748
3169752
3169761
3169762
3169764
3169768
3169776
3170067
3170069
3170070
3170073
3170074
3170076
3170083
3170085
3170086
3170097
3170098
3170100
3170104
3170129
3170132
3170160
3170181
3170182
3170188
3170193
3170194
3170196
3170200
3170209
3170212
3170224
3170256
3175284
3175317
3175318
3175321
3175322
3175324
3175333
3175334
3175340
3175348
3175352
3175380
3175763
3175765
3175766
3175769
3175770
3175772
3175785
3175786
3175788
3175793
3175794
3175796
3175800
3175829
3175830
3175833
3175834
3175836
3175845
3175846
3175849
3175850
3175852
3175860
3175864
3175889
3175890
3175892
3175896
3175905
3175906
3175908
3175912
3175920
3175987
3175989
3175990
3175993
3175994
3175996
3176019
3176021
3176022
3176025
3176026
3176028
3176049
3176050
3176052
3176056
3176085
3176086
3176089
3176090
3176092
3176113
3176114
3176116
3176120
3176145
3176146
3176148
3176152
3176161
3176162
3176168
3176176
3176211
3176213
3176214
3176217
3176218
3176220
3176233
3176234
3176236
3176241
3176242
3176244
3176248
3176265
3176266
3176268
3176273
3176274
3176276
3176280
3176296
3176304
3176325
3176326
3176329
3176330
3176332
3176337
3176338
3176340
3176344
3176353
3176354
3176356
3176360
3176368
3176385
3176386
3176388
3176392
3176400
3176416
3177523
3177525
3177526
3177529
3177530
3177532
3177585
3177588
3177637
3177638
3177644
3177649
3177650
3177652
3177656
3177681
3177712
3177747
3177749
3177750
3177753
3177754
3177756
3177763
3177765
3177766
3177769
3177770
3177772
3177777
3177778
3177780
3177784
3177795
3177797
3177798
3177801
3177802
3177804
3177809
3177810
3177812
3177816
3177825
3177826
3177828
3177832
3177840
3177861
3177862
3177865
3177866
3177868
3177873
3177874
3177876
3177880
3177889
3177890
3177892
3177896
3177904
3177921
3177922
3177924
3177928
3177936
3177952
3178257
3178258
3178260
3178264
3178273
3178276
3178288
3178320
3178372
3178384
3178400
3183511
3183515
3183517
3183518
3183527
3183531
3183533
3183534
3183542
3183545
3183546
3183548
3183559
3183565
3183573
3183574
3183577
3183578
3183580
3183589
3183593
3183596
3183604
3183608
3183959
3183963
3183965
3183966
3183975
3183979
3183981
3183982
3183990
3183994
3183996
3184023
3184027
3184030
3184039
3184043
3184045
3184046
3184054
3184057
3184058
3184060
3184083
3184089
3184090
3184092
3184099
3184105
3184106
3184114
3184120
3184183
3184187
3184189
3184190
3184215
3184219
3184221
3184222
3184245
3184249
3184252
3184279
3184283
3184285
3184307
3184309
3184313
3184314
3184316
3184339
3184345
3184346
3184348
3184369
3184376
3184407
3184411
3184413
3184414
3184423
3184427
3184429
3184430
3184438
3184441
3184442
3184444
3184455
3184459
3184461
3184462
3184469
3184470
3184473
3184474
3184476
3184485
3184489
3184492
3184500
3184504
3184519
3184523
3184525
3184526
3184531
3184533
3184534
3184537
3184540
3184547
3184549
3184553
3184554
3184556
3184561
3184562
3184564
3184568
3184579
3184585
3184586
3184588
3184593
3184594
3184596
3184600
3184609
3184616
3184624
3184983
3184987
3184989
3184990
3184999
3185003
3185006
3185014
3185018
3185020
3185107
3185109
3185110
3185116
3185123
3185125
3185130
3185132
3185138
3185140
3185207
3185213
3185214
3185239
3185243
3185245
3185246
3185269
3185273
3185276
3185319
3185323
3185325
3185326
3185331
3185333
3185334
3185337
3185351
3185355
3185357
3185358
3185363
3185365
3185366
3185372
3185381
3185385
3185388
3185393
3185396
3185431
3185437
3185438
3185447
3185453
3185454
3185462
3185468
3185479
3185483
3185485
3185486
3185493
3185494
3185497
3185498
3185500
3185509
3185513
3185516
3185524
3185528
3185543
3185547
3185549
3185550
3185555
3185557
3185558
3185561
3185564
3185571
3185573
3185577
3185578
3185580
3185585
3185586
3185588
3185592
3185603
3185609
3185610
3185612
3185617
3185618
3185620
3185624
3185633
3185640
3185648
3185719
3185723
3185767
3185771
3185781
3185782
3185785
3185786
3185831
3185835
3185837
3185838
3185843
3185845
3185846
3185849
3185891
3185897
3185898
3185905
3185906
3185943
3185947
3185950
3185959
3185963
3185965
3185966
3185974
3185977
3185978
3185980
3185991
3185995
3185997
3185998
3186005
3186006
3186009
3186010
3186012
3186021
3186025
3186028
3186036
3186040
3186055
3186059
3186062
3186067
3186070
3186083
3186085
3186089
3186090
3186092
3186097
3186098
3186100
3186104
3186115
3186121
3186122
3186124
3186129
3186130
3186132
3186136
3186145
3186152
3186160
3186199
3186203
3186205
3186206
3186215
3186219
3186221
3186222
3186230
3186233
3186234
3186236
3186247
3186251
3186253
3186254
3186261
3186262
3186265
3186266
3186268
3186277
3186281
3186284
3186292
3186296
3186311
3186315
3186317
3186318
3186323
3186325
3186326
3186329
3186332
3186339
3186341
3186345
3186346
3186348
3186353
3186354
3186356
3186360
3186371
3186377
3186378
3186380
3186385
3186386
3186388
3186392
3186401
3186408
3186416
3186457
3186460
3186473
3186488
3186508
3186516
3186520
3186569
3186572
3186577
3186580
3186584
3186593
3186600
3186608
3186632
3186640
3187623
3187629
3187638
3187641
3187642
3187644
3187669
3187670
3187700
3188055
3188059
3188061
3188062
3188075
3188077
3188078
3188086
3188090
3188092
3188119
3188123
3188125
3188126
3188135
3188139
3188141
3188142
3188150
3188153
3188154
3188156
3188179
3188185
3188186
3188195
3188198
3188201
3188202
3188210
3188216
3188311
3188315
3188317
3188341
3188345
3188348
3188403
3188405
3188409
3188410
3188412
3188435
3188441
3188442
3188465
3188472
3188503
3188507
3188509
3188510
3188523
3188525
3188526
3188534
3188537
3188538
3188540
3188555
3188557
3188558
3188565
3188566
3188569
3188570
3188585
3188588
3188596
3188600
3188615
3188619
3188621
3188622
3188627
3188629
3188630
3188633
3188643
3188645
3188646
3188649
3188650
3188652
3188657
3188658
3188660
3188664
3188675
3188678
3188681
3188682
3188689
3188690
3188705
3188706
3188708
3188712
3188720
3189877
3189878
3189927
3189939
3189941
3189942
3189945
3190001
3190039
3190043
3190045
3190046
3190055
3190059
3190061
3190062
3190070
3190073
3190074
3190076
3190087
3190091
3190093
3190094
3190101
3190102
3190105
3190106
3190117
3190118
3190121
3190124
3190132
3190136
3190151
3190155
3190157
3190158
3190163
3190165
3190166
3190169
3190179
3190181
3190182
3190185
3190186
3190188
3190193
3190194
3190196
3190200
3190211
3190214
3190217
3190218
3190225
3190226
3190241
3190242
3190244
3190248
3190256
3190553
3190566
3190584
3190662
3190673
3190689
3190692
3190704
3191736
3191764
3191768
3191780
3192150
3192154
3192156
3192166
3192170
3192172
3192214
3192217
3192218
3192220
3192230
3192233
3192234
3192236
3192248
3192274
3192280
3192290
3192296
3192436
3192440
3192497
3192498
3192500
3192504
3192530
3192536
3192560
3192598
3192601
3192602
3192604
3192614
3192617
3192618
3192620
3192632
3192646
3192650
3192652
3192660
3192664
3192676
3192680
3192710
3192713
3192714
3192716
3192721
3192722
3192724
3192728
3192737
3192738
3192740
3192744
3192752
3192770
3192776
3192784
3192800
3193314
3193316
3193398
3193404
3193430
3193434
3193436
3193460
3193464
3193510
3193513
3193514
3193516
3193521
3193522
3193524
3193528
3193542
3193546
3193548
3193554
3193556
3193572
3193576
3193584
3193622
3193628
3193638
3193644
3193670
3193674
3193676
3193684
3193688
3193700
3193704
3193734
3193737
3193738
3193740
3193745
3193746
3193748
3193752
3193761
3193762
3193764
3193768
3193776
3193794
3193800
3193808
3193824
3193972
3193976
3194033
3194034
3194082
3194096
3194134
3194137
3194138
3194140
3194150
3194153
3194154
3194156
3194168
3194182
3194186
3194188
3194196
3194200
3194212
3194216
3194246
3194249
3194250
3194252
3194257
3194258
3194260
3194264
3194273
3194274
3194276
3194280
3194288
3194306
3194312
3194320
3194336
3194390
3194393
3194394
3194396
3194406
3194409
3194410
3194412
3194424
3194438
3194442
3194444
3194452
3194456
3194468
3194472
3194502
3194505
3194506
3194508
3194513
3194514
3194516
3194520
3194529
3194530
3194532
3194536
3194544
3194562
3194568
3194576
3194592
3194648
3194664
3194760
3194768
3194784
3199956
3200341
3200342
3200345
3200346
3200348
3200357
3200358
3200361
3200362
3200372
3200376
3200405
3200406
3200409
3200410
3200412
3200421
3200422
3200425
3200426
3200436
3200440
3200465
3200466
3200468
3200472
3200481
3200482
3200496
3200689
3200690
3200696
3200752
3200789
3200790
3200793
3200794
3200796
3200805
3200806
3200809
3200810
3200820
3200824
3200837
3200838
3200841
3200842
3200844
3200852
3200856
3200868
3200872
3200901
3200902
3200905
3200906
3200908
3200913
3200914
3200916
3200920
3200929
3200930
3200932
3200936
3200944
3200961
3200962
3200964
3200968
3200976
3200992
3202325
3202326
3202329
3202330
3202332
3202341
3202342
3202345
3202346
3202356
3202360
3202373
3202374
3202377
3202378
3202380
3202388
3202392
3202404
3202408
3202437
3202438
3202441
3202442
3202444
3202449
3202450
3202452
3202456
3202465
3202466
3202468
3202472
3202480
3202497
3202498
3202500
3202504
3202512
3202528
3202836
3202840
3202948
3202960
3208532
3208536
3208548
3208552
3208596
3208600
3208612
3208616
3208656
3208672
3208980
3208984
3208996
3209000
3209028
3209032
3209092
3209096
3209104
3209120
3209152
3210516
3210520
3210532
3210536
3210564
3210568
3210628
3210632
3210640
3210656
3210688
3215711
3215727
3215735
3215741
3215742
3215775
3215791
3215805
3215806
3215831
3215835
3215837
3215838
3215847
3215851
3215853
3215854
3215862
3215866
3215868
3215967
3215991
3215997
3215998
3216055
3216061
3216062
3216087
3216091
3216093
3216094
3216117
3216121
3216124
3216207
3216215
3216221
3216222
3216231
3216237
3216238
3216245
3216246
3216252
3216279
3216285
3216286
3216295
3216301
3216302
3216310
3216316
3216327
3216331
3216333
3216334
3216341
3216342
3216345
3216346
3216348
3216357
3216361
3216364
3216372
3216376
3216479
3216503
3216507
3216509
3216510
3216543
3216567
3216571
3216573
3216574
3216599
3216603
3216605
3216606
3216627
3216633
3216634
3216727
3216731
3216733
3216734
3216743
3216747
3216749
3216750
3216755
3216758
3216762
3216764
3216791
3216795
3216798
3216807
3216811
3216813
3216814
3216822
3216825
3216826
3216828
3216851
3216857
3216858
3216860
3216867
3216873
3216874
3216882
3216888
3216951
3216957
3216958
3216983
3216987
3216989
3216990
3217011
3217013
3217017
3217020
3217047
3217051
3217053
3217054
3217075
3217077
3217081
3217082
3217084
3217107
3217113
3217114
3217116
3217137
3217144
3217175
3217181
3217182
3217191
3217197
3217198
3217206
3217212
3217223
3217227
3217229
3217230
3217235
3217237
3217238
3217241
3217242
3217244
3217251
3217253
3217257
3217260
3217265
3217266
3217268
3217272
3217287
3217291
3217293
3217294
3217299
3217301
3217302
3217305
3217308
3217315
3217317
3217321
3217322
3217324
3217329
3217330
3217332
3217336
3217347
3217353
3217354
3217356
3217361
3217362
3217364
3217368
3217377
3217384
3217392
3217503
3217527
3217533
3217534
3217583
3217591
3217597
3217598
3217623
3217627
3217629
3217630
3217639
3217643
3217645
3217646
3217651
3217653
3217654
3217751
3217757
3217758
3217767
3217773
3217774
3217782
3217788
3217807
3217815
3217822
3217831
3217837
3217838
3217845
3217846
3217852
3217863
3217867
3217869
3217870
3217875
3217877
3217878
3217884
3217891
3217893
3217898
3217900
3217906
3217908
3218007
3218013
3218014
3218037
3218044
3218087
3218093
3218094
3218101
3218102
3218119
3218123
3218125
3218126
3218131
3218133
3218134
3218140
3218149
3218153
3218156
3218161
3218164
3218247
3218253
3218254
3218261
3218262
3218268
3218277
3218284
3218292
3218311
3218317
3218318
3218325
3218326
3218332
3218341
3218348
3218356
3218371
3218377
3218378
3218380
3218385
3218386
3218388
3218392
3218401
3218408
3218416
3218463
3218487
3218493
3218494
3218511
3218519
3218523
3218525
3218526
3218535
3218539
3218541
3218542
3218547
3218549
3218550
3218553
3218554
3218575
3218583
3218587
3218590
3218599
3218603
3218605
3218606
3218611
3218613
3218614
3218617
3218631
3218635
3218637
3218638
3218643
3218645
3218646
3218649
3218650
3218652
3218659
3218665
3218666
3218673
3218674
3218711
3218718
3218727
3218733
3218734
3218742
3218748
3218759
3218763
3218765
3218766
3218771
3218773
3218774
3218777
3218778
3218780
3218787
3218789
3218793
3218796
3218801
3218802
3218804
3218808
3218823
3218827
3218830
3218835
3218838
3218851
3218853
3218857
3218858
3218860
3218865
3218866
3218868
3218872
3218883
3218889
3218890
3218892
3218897
3218898
3218900
3218904
3218913
3218920
3218928
3218967
3218973
3218974
3218983
3218989
3218990
3218998
3219004
3219015
3219019
3219021
3219022
3219027
3219029
3219030
3219033
3219034
3219036
3219043
3219045
3219049
3219052
3219057
3219058
3219060
3219064
3219079
3219083
3219085
3219086
3219091
3219093
3219094
3219097
3219100
3219107
3219109
3219113
3219114
3219116
3219121
3219122
3219124
3219128
3219139
3219145
3219146
3219148
3219153
3219154
3219156
3219160
3219169
3219176
3219184
3219228
3219267
3219276
3219281
3219282
3219284
3219288
3219297
3219312
3219337
3219340
3219345
3219348
3219352
3219361
3219368
3219376
3219400
3219408
3219807
3219831
3219837
3219838
3219871
3219887
3219902
3219927
3219931
3219933
3219934
3219943
3219947
3219949
3219950
3219958
3219962
3219964
3220063
3220087
3220093
3220094
3220151
3220157
3220158
3220183
3220187
3220189
3220190
3220213
3220217
3220220
3220303
3220311
3220317
3220318
3220333
3220334
3220341
3220342
3220348
3220375
3220381
3220382
3220391
3220397
3220398
3220406
3220412
3220423
3220427
3220429
3220430
3220437
3220438
3220441
3220442
3220453
3220454
3220457
3220460
3220468
3220472
3220575
3220599
3220603
3220605
3220606
3220639
3220663
3220667
3220669
3220670
3220695
3220699
3220701
3220702
3220723
3220729
3220730
3220823
3220827
3220829
3220830
3220843
3220845
3220846
3220854
3220858
3220860
3220887
3220891
3220893
3220894
3220903
3220907
3220909
3220910
3220918
3220921
3220922
3220924
3220947
3220953
3220954
3220963
3220966
3220969
3220970
3220978
3220984
3221047
3221053
3221054
3221079
3221083
3221085
3221086
3221107
3221109
3221113
3221116
3221143
3221147
3221149
3221150
3221171
3221173
3221177
3221178
3221180
3221203
3221209
3221210
3221233
3221240
3221271
3221277
3221278
3221293
3221294
3221302
3221308
3221323
3221325
3221326
3221331
3221333
3221334
3221337
3221338
3221353
3221356
3221361
3221362
3221364
3221368
3221383
3221387
3221389
3221390
3221395
3221397
3221398
3221401
3221411
3221413
3221414
3221417
3221418
3221420
3221425
3221426
3221428
3221432
3221443
3221446
3221449
3221450
3221457
3221458
3221473
3221474
3221476
3221480
3221488
3221623
3221629
3221630
3221679
3221687
3221693
3221694
3221719
3221723
3221725
3221726
3221735
3221739
3221741
3221742
3221747
3221749
3221750
3221847
3221853
3221854
3221863
3221869
3221870
3221878
3221884
3221903
3221911
3221917
3221918
3221927
3221933
3221934
3221941
3221942
3221948
3221959
3221963
3221965
3221966
3221971
3221973
3221974
3221987
3221989
3221990
3221994
3221996
3222002
3222004
3222103
3222109
3222110
3222133
3222140
3222183
3222189
3222190
3222197
3222198
3222215
3222219
3222221
3222222
3222227
3222229
3222230
3222245
3222246
3222249
3222252
3222257
3222260
3222343
3222349
3222350
3222357
3222358
3222373
3222374
3222380
3222388
3222407
3222413
3222414
3222421
3222422
3222437
3222438
3222444
3222452
3222467
3222470
3222473
3222474
3222481
3222482
3222497
3222498
3222500
3222504
3222512
3222559
3222583
3222589
3222590
3222607
3222615
3222619
3222621
3222622
3222631
3222635
3222637
3222638
3222643
3222645
3222646
3222649
3222650
3222671
3222679
3222683
3222685
3222686
3222695
3222699
3222701
3222702
3222707
3222709
3222710
3222713
3222727
3222731
3222733
3222734
3222739
3222741
3222742
3222745
3222746
3222755
3222758
3222761
3222762
3222769
3222770
3222807
3222813
3222814
3222823
3222829
3222830
3222838
3222844
3222855
3222859
3222861
3222862
3222867
3222869
3222870
3222873
3222874
3222883
3222885
3222886
3222889
3222892
3222897
3222898
3222900
3222904
3222919
3222923
3222925
3222926
3222931
3222933
3222934
3222937
3222947
3222949
3222950
3222953
3222954
3222956
3222961
3222962
3222964
3222968
3222979
3222982
3222985
3222986
3222993
3222994
3223009
3223010
3223012
3223016
3223024
3223063
3223069
3223070
3223079
3223085
3223086
3223094
3223100
3223111
3223115
3223117
3223118
3223123
3223125
3223126
3223129
3223130
3223139
3223141
3223142
3223145
3223148
3223153
3223154
3223156
3223160
3223175
3223179
3223181
3223182
3223187
3223189
3223190
3223193
3223203
3223205
3223206
3223209
3223210
3223212
3223217
3223218
3223220
3223224
3223235
3223238
3223241
3223242
3223249
3223250
3223265
3223266
3223268
3223272
3223280
3223334
3223363
3223366
3223377
3223378
3223393
3223394
3223396
3223408
3223430
3223433
3223441
3223457
3223458
3223460
3223464
3223472
3223490
3223520
3223926
3223932
3224022
3224026
3224028
3224038
3224042
3224044
3224151
3224157
3224158
3224181
3224182
3224188
3224246
3224252
3224278
3224282
3224284
3224308
3224312
3224391
3224397
3224398
3224405
3224406
3224412
3224421
3224422
3224428
3224436
3224470
3224476
3224486
3224492
3224518
3224522
3224524
3224532
3224536
3224548
3224552
3224663
3224667
3224669
3224670
3224694
3224698
3224700
3224727
3224731
3224733
3224734
3224758
3224761
3224762
3224764
3224787
3224790
3224793
3224794
3224796
3224818
3224824
3224918
3224922
3224924
3224934
3224938
3224940
3224982
3224985
3224986
3224988
3224998
3225001
3225002
3225004
3225016
3225042
3225048
3225058
3225064
3225142
3225148
3225171
3225174
3225178
3225180
3225202
3225204
3225208
3225238
3225241
3225242
3225244
3225265
3225266
3225268
3225272
3225298
3225304
3225328
3225366
3225372
3225382
3225388
3225411
3225414
3225418
3225420
3225426
3225428
3225432
3225442
3225444
3225448
3225478
3225481
3225482
3225484
3225489
3225490
3225492
3225496
3225505
3225506
3225508
3225512
3225520
3225538
3225544
3225552
3225568
3225718
3225724
3225767
3225773
3225774
3225781
3225782
3225788
3225830
3225834
3225836
3225842
3225844
3225942
3225948
3225958
3225964
3225991
3225997
3225998
3226005
3226006
3226012
3226021
3226022
3226028
3226036
3226054
3226058
3226060
3226066
3226068
3226082
3226084
3226198
3226204
3226228
3226278
3226284
3226292
3226310
3226314
3226316
3226322
3226324
3226340
3226344
3226352
3226438
3226444
3226452
3226468
3226502
3226508
3226516
3226532
3226562
3226568
3226576
3226592
3226647
3226653
3226654
3226678
3226684
3226695
3226699
3226701
3226702
3226707
3226709
3226710
3226713
3226714
3226716
3226723
3226726
3226730
3226732
3226737
3226738
3226740
3226744
3226759
3226763
3226765
3226766
3226771
3226773
3226774
3226777
3226778
3226780
3226790
3226793
3226794
3226796
3226801
3226802
3226804
3226808
3226819
3226822
3226825
3226826
3226828
3226833
3226834
3226836
3226840
3226850
3226856
3226864
3226902
3226908
3226918
3226924
3226947
3226950
3226954
3226956
3226961
3226962
3226964
3226968
3226977
3226978
3226980
3226984
3226992
3227014
3227017
3227018
3227020
3227025
3227026
3227028
3227032
3227041
3227042
3227044
3227048
3227056
3227074
3227080
3227088
3227104
3227158
3227164
3227174
3227180
3227203
3227206
3227210
3227212
3227217
3227218
3227220
3227224
3227233
3227234
3227236
3227240
3227248
3227270
3227273
3227274
3227276
3227281
3227282
3227284
3227288
3227297
3227298
3227300
3227304
3227312
3227330
3227336
3227344
3227360
3227458
3227472
3227488
3227528
3227536
3227552
3228063
3228079
3228087
3228091
3228093
3228094
3228119
3228123
3228125
3228126
3228135
3228139
3228141
3228142
3228150
3228154
3228156
3228223
3228255
3228279
3228283
3228285
3228286
3228343
3228347
3228349
3228350
3228375
3228379
3228381
3228382
3228405
3228409
3228412
3228447
3228463
3228471
3228477
3228478
3228495
3228503
3228507
3228509
3228510
3228523
3228525
3228526
3228533
3228534
3228537
3228538
3228540
3228567
3228571
3228573
3228574
3228583
3228587
3228589
3228590
3228598
3228602
3228604
3228615
3228619
3228621
3228622
3228629
3228630
3228633
3228634
3228636
3228645
3228646
3228649
3228652
3228660
3228664
3228767
3228791
3228795
3228797
3228798
3228831
3228855
3228859
3228861
3228862
3228887
3228891
3228893
3228894
3228915
3228921
3228922
3229015
3229019
3229021
3229022
3229035
3229037
3229038
3229043
3229046
3229050
3229052
3229079
3229083
3229085
3229086
3229095
3229099
3229101
3229102
3229110
3229114
3229116
3229139
3229145
3229146
3229148
3229155
3229158
3229161
3229162
3229170
3229176
3229239
3229243
3229245
3229246
3229271
3229275
3229277
3229278
3229299
3229301
3229305
3229308
3229335
3229339
3229341
3229342
3229363
3229365
3229370
3229372
3229395
3229401
3229402
3229404
3229425
3229432
3229463
3229467
3229469
3229470
3229483
3229485
3229486
3229491
3229494
3229498
3229500
3229515
3229517
3229518
3229523
3229525
3229526
3229529
3229530
3229532
3229545
3229548
3229553
3229554
3229556
3229560
3229575
3229579
3229581
3229582
3229587
3229589
3229590
3229596
3229603
3229605
3229606
3229610
3229612
3229618
3229620
3229635
3229638
3229641
3229642
3229644
3229649
3229650
3229652
3229656
3229665
3229666
3229668
3229672
3229680
3229759
3229815
3229819
3229821
3229822
3229871
3229879
3229883
3229885
3229886
3229927
3229931
3229933
3229934
3229939
3229941
3229942
3229983
3229999
3230007
3230013
3230014
3230039
3230043
3230045
3230046
3230055
3230059
3230061
3230062
3230067
3230070
3230074
3230076
3230095
3230103
3230107
3230109
3230110
3230119
3230123
3230125
3230126
3230131
3230133
3230134
3230138
3230140
3230151
3230155
3230157
3230158
3230163
3230165
3230166
3230172
3230179
3230181
3230182
3230186
3230188
3230194
3230196
3230263
3230269
3230270
3230295
3230299
3230301
3230302
3230323
3230325
3230329
3230332
3230375
3230379
3230381
3230382
3230387
3230389
3230390
3230407
3230411
3230413
3230414
3230419
3230421
3230422
3230428
3230437
3230438
3230441
3230444
3230449
3230452
3230487
3230493
3230494
3230503
3230509
3230510
3230518
3230524
3230535
3230539
3230541
3230542
3230547
3230549
3230550
3230553
3230554
3230556
3230563
3230565
3230566
3230569
3230572
3230577
3230578
3230580
3230584
3230599
3230603
3230605
3230606
3230611
3230613
3230614
3230620
3230627
3230629
3230630
3230634
3230636
3230642
3230644
3230659
3230662
3230665
3230666
3230668
3230673
3230674
3230676
3230680
3230689
3230690
3230692
3230696
3230704
3230751
3230775
3230779
3230781
3230782
3230799
3230807
3230811
3230813
3230814
3230823
3230827
3230829
3230830
3230835
3230837
3230838
3230841
3230842
3230863
3230871
3230875
3230877
3230878
3230887
3230891
3230893
3230894
3230899
3230901
3230902
3230919
3230923
3230925
3230926
3230931
3230933
3230934
3230937
3230938
3230940
3230947
3230950
3230953
3230954
3230961
3230962
3230999
3231003
3231005
3231006
3231015
3231019
3231021
3231022
3231027
3231030
3231034
3231036
3231047
3231051
3231053
3231054
3231059
3231061
3231062
3231065
3231066
3231068
3231075
3231077
3231078
3231081
3231084
3231089
3231090
3231092
3231096
3231111
3231115
3231117
3231118
3231123
3231125
3231126
3231132
3231139
3231141
3231142
3231146
3231148
3231154
3231156
3231171
3231174
3231177
3231178
3231180
3231185
3231186
3231188
3231192
3231201
3231202
3231204
3231208
3231216
3231255
3231259
3231261
3231262
3231271
3231275
3231277
3231278
3231283
3231286
3231290
3231292
3231303
3231307
3231309
3231310
3231315
3231317
3231318
3231321
3231322
3231324
3231331
3231333
3231334
3231337
3231340
3231345
3231346
3231348
3231352
3231367
3231371
3231373
3231374
3231379
3231381
3231382
3231388
3231395
3231397
3231398
3231402
3231404
3231410
3231412
3231427
3231430
3231433
3231434
3231436
3231441
3231442
3231444
3231448
3231457
3231458
3231460
3231464
3231472
3231507
3231516
3231523
3231526
3231538
3231555
3231558
3231564
3231569
3231570
3231572
3231576
3231585
3231586
3231588
3231600
3231622
3231628
3231636
3231650
3231652
3231682
3231684
3231688
3231696
3231712
3232151
3232155
3232157
3232158
3232167
3232171
3232173
3232174
3232181
3232182
3232185
3232186
3232188
3232213
3232214
3232217
3232218
3232220
3232229
3232230
3232233
3232234
3232244
3232248
3232311
3232317
3232318
3232343
3232347
3232349
3232350
3232373
3232374
3232377
3232378
3232380
3232437
3232438
3232441
3232442
3232469
3232470
3232473
3232474
3232476
3232500
3232504
3232535
3232541
3232542
3232551
3232557
3232558
3232565
3232566
3232572
3232583
3232587
3232589
3232590
3232597
3232598
3232601
3232602
3232604
3232613
3232614
3232617
3232618
3232620
3232628
3232632
3232661
3232662
3232665
3232666
3232668
3232677
3232678
3232681
3232682
3232692
3232696
3232709
3232710
3232713
3232714
3232716
3232724
3232728
3232740
3232744
3232855
3232859
3232861
3232862
3232883
3232885
3232886
3232889
3232890
3232919
3232923
3232925
3232926
3232949
3232950
3232953
3232954
3232979
3232981
3232982
3232985
3232986
3232988
3233009
3233010
3233107
3233109
3233110
3233113
3233114
3233116
3233123
3233125
3233126
3233129
3233130
3233137
3233138
3233140
3233144
3233173
3233174
3233177
3233178
3233180
3233189
3233190
3233193
3233194
3233204
3233208
3233233
3233234
3233236
3233240
3233249
3233250
3233264
3233331
3233333
3233334
3233337
3233338
3233363
3233365
3233366
3233369
3233370
3233372
3233393
3233394
3233396
3233400
3233429
3233430
3233433
3233434
3233436
3233457
3233458
3233460
3233464
3233489
3233490
3233492
3233496
3233520
3233555
3233557
3233558
3233561
3233562
3233564
3233571
3233573
3233574
3233577
3233578
3233585
3233586
3233588
3233592
3233603
3233605
3233606
3233609
3233610
3233612
3233617
3233618
3233620
3233624
3233633
3233634
3233636
3233640
3233648
3233669
3233670
3233673
3233674
3233676
3233681
3233682
3233684
3233688
3233697
3233698
3233700
3233704
3233712
3233729
3233730
3233732
3233736
3233744
3233760
3233847
3233853
3233854
3233907
3233909
3233910
3233913
3233914
3233959
3233963
3233965
3233966
3233971
3233973
3233974
3233977
3233978
3234021
3234022
3234025
3234026
3234033
3234034
3234071
3234077
3234078
3234087
3234093
3234094
3234102
3234108
3234131
3234133
3234134
3234137
3234138
3234140
3234147
3234149
3234150
3234153
3234154
3234162
3234164
3234168
3234183
3234187
3234189
3234190
3234195
3234197
3234198
3234201
3234202
3234204
3234211
3234213
3234214
3234217
3234218
3234220
3234225
3234226
3234228
3234232
3234245
3234246
3234249
3234250
3234252
3234257
3234258
3234260
3234264
3234273
3234274
3234276
3234280
3234288
3234357
3234358
3234387
3234389
3234390
3234393
3234394
3234396
3234417
3234418
3234420
3234424
3234469
3234470
3234473
3234474
3234481
3234482
3234501
3234502
3234505
3234506
3234508
3234513
3234514
3234516
3234520
3234532
3234536
3234544
3234581
3234582
3234588
3234597
3234598
3234612
3234627
3234629
3234630
3234633
3234634
3234636
3234641
3234642
3234644
3234648
3234658
3234660
3234664
3234693
3234694
3234697
3234698
3234700
3234705
3234706
3234708
3234712
3234721
3234722
3234724
3234728
3234736
3234753
3234754
3234756
3234760
3234768
3234784
3234839
3234843
3234845
3234846
3234867
3234869
3234870
3234873
3234874
3234887
3234891
3234893
3234894
3234899
3234901
3234902
3234905
3234906
3234908
3234915
3234917
3234918
3234921
3234922
3234929
3234930
3234951
3234955
3234957
3234958
3234963
3234965
3234966
3234969
3234970
3234972
3234981
3234982
3234985
3234986
3234993
3234994
3235011
3235013
3235014
3235017
3235018
3235020
3235025
3235026
3235028
3235032
3235041
3235042
3235091
3235093
3235094
3235097
3235098
3235100
3235107
3235109
3235110
3235113
3235114
3235121
3235122
3235124
3235128
3235139
3235141
3235142
3235145
3235146
3235148
3235153
3235154
3235156
3235160
3235169
3235170
3235172
3235176
3235184
3235205
3235206
3235209
3235210
3235212
3235217
3235218
3235220
3235224
3235233
3235234
3235236
3235240
3235248
3235265
3235266
3235268
3235272
3235280
3235296
3235347
3235349
3235350
3235353
3235354
3235356
3235363
3235365
3235366
3235369
3235370
3235377
3235378
3235380
3235384
3235395
3235397
3235398
3235401
3235402
3235404
3235409
3235410
3235412
3235416
3235425
3235426
3235428
3235432
3235440
3235461
3235462
3235465
3235466
3235468
3235473
3235474
3235476
3235480
3235489
3235490
3235492
3235496
3235504
3235521
3235522
3235524
3235528
3235536
3235552
3235601
3235602
3235604
3235608
3235617
3235618
3235632
3235649
3235650
3235652
3235656
3235664
3235680
3235716
3235720
3235728
3235776
3236247
3236251
3236253
3236254
3236263
3236267
3236269
3236270
3236277
3236278
3236281
3236282
3236284
3236309
3236313
3236316
3236325
3236326
3236329
3236332
3236340
3236344
3236407
3236413
3236414
3236439
3236443
3236445
3236446
3236469
3236473
3236476
3236533
3236537
3236540
3236565
3236569
3236572
3236631
3236637
3236638
3236653
3236654
3236661
3236662
3236668
3236683
3236685
3236686
3236693
3236694
3236697
3236698
3236700
3236713
3236716
3236724
3236728
3236757
3236761
3236764
3236773
3236774
3236777
3236780
3236788
3236792
3236805
3236806
3236809
3236812
3236820
3236824
3236836
3236951
3236955
3236957
3236958
3236979
3236981
3236985
3236988
3237015
3237019
3237021
3237022
3237045
3237049
3237052
3237075
3237077
3237081
3237082
3237084
3237105
3237112
3237203
3237205
3237209
3237212
3237225
3237228
3237233
3237234
3237236
3237240
3237269
3237273
3237276
3237285
3237286
3237289
3237292
3237300
3237304
3237329
3237336
3237345
3237346
3237348
3237352
3237360
3237427
3237429
3237433
3237436
3237459
3237461
3237465
3237468
3237489
3237525
3237529
3237532
3237553
3237560
3237585
3237592
3237651
3237653
3237657
3237660
3237673
3237676
3237681
3237682
3237684
3237688
3237705
3237708
3237713
3237714
3237716
3237720
3237744
3237765
3237766
3237769
3237772
3237777
3237780
3237793
3237794
3237796
3237800
3237808
3237825
3237826
3237828
3237832
3237840
3237856
3237943
3237950
3238003
3238005
3238009
3238012
3238055
3238059
3238061
3238062
3238067
3238069
3238070
3238073
3238076
3238117
3238118
3238121
3238124
3238129
3238132
3238167
3238174
3238183
3238190
3238198
3238227
3238229
3238233
3238236
3238245
3238246
3238249
3238252
3238260
3238264
3238279
3238283
3238285
3238286
3238291
3238293
3238294
3238297
3238300
3238307
3238309
3238310
3238313
3238314
3238316
3238321
3238322
3238324
3238328
3238341
3238342
3238345
3238348
3238353
3238356
3238369
3238370
3238372
3238376
3238384
3238453
3238460
3238483
3238485
3238489
3238492
3238565
3238566
3238569
3238572
3238577
3238580
3238597
3238598
3238601
3238604
3238609
3238612
3238628
3238677
3238684
3238693
3238694
3238700
3238708
3238723
3238725
3238726
3238729
3238732
3238738
3238740
3238744
3238756
3238789
3238790
3238793
3238796
3238801
3238804
3238817
3238818
3238820
3238824
3238832
3238849
3238850
3238852
3238856
3238864
3238880
3238935
3238939
3238941
3238942
3238963
3238965
3238969
3238972
3238983
3238987
3238989
3238990
3238995
3238997
3238998
3239001
3239002
3239004
3239011
3239013
3239014
3239017
3239020
3239025
3239026
3239028
3239032
3239047
3239051
3239053
3239054
3239059
3239061
3239062
3239065
3239068
3239077
3239078
3239081
3239084
3239089
3239092
3239107
3239109
3239110
3239113
3239114
3239116
3239121
3239122
3239124
3239128
3239137
3239138
3239140
3239144
3239152
3239187
3239189
3239193
3239196
3239203
3239205
3239206
3239209
3239212
3239217
3239218
3239220
3239224
3239235
3239237
3239238
3239241
3239244
3239249
3239250
3239252
3239256
3239265
3239266
3239268
3239280
3239301
3239302
3239305
3239308
3239313
3239316
3239329
3239330
3239332
3239336
3239344
3239361
3239362
3239364
3239368
3239376
3239392
3239443
3239445
3239449
3239452
3239459
3239461
3239462
3239465
3239468
3239473
3239474
3239476
3239480
3239491
3239493
3239494
3239497
3239500
3239505
3239506
3239508
3239512
3239521
3239524
3239536
3239557
3239558
3239561
3239564
3239569
3239572
3239585
3239586
3239588
3239592
3239600
3239617
3239618
3239620
3239624
3239632
3239648
3239697
3239713
3239714
3239716
3239728
3239745
3239746
3239748
3239760
3239812
3239840
3239872
3240341
3240342
3240345
3240346
3240348
3240357
3240358
3240361
3240362
3240364
3240372
3240376
3240404
3240408
3240420
3240424
3240501
3240502
3240508
3240533
3240534
3240537
3240538
3240540
3240564
3240568
3240628
3240632
3240660
3240664
3240725
3240726
3240732
3240741
3240742
3240748
3240756
3240773
3240774
3240777
3240778
3240780
3240788
3240792
3240804
3240808
3240852
3240856
3240868
3240872
3240900
3240904
3241043
3241045
3241046
3241049
3241050
3241052
3241073
3241074
3241076
3241080
3241109
3241110
3241113
3241114
3241116
3241140
3241144
3241169
3241170
3241172
3241176
3241200
3241297
3241298
3241300
3241304
3241313
3241314
3241316
3241320
3241328
3241364
3241368
3241380
3241384
3241424
3241440
3241521
3241522
3241524
3241528
3241553
3241554
3241556
3241560
3241584
3241620
3241624
3241648
3241680
3241745
3241746
3241748
3241752
3241761
3241762
3241764
3241768
3241776
3241793
3241794
3241796
3241800
3241808
3241824
3241860
3241864
3241872
3241888
3241920
3242100
3242104
3242149
3242150
3242153
3242154
3242156
3242161
3242162
3242164
3242168
3242212
3242216
3242224
3242324
3242328
3242340
3242344
3242373
3242374
3242377
3242378
3242380
3242385
3242386
3242388
3242392
3242401
3242402
3242404
3242408
3242416
3242436
3242440
3242448
3242464
3242548
3242578
3242580
3242584
3242660
3242664
3242672
3242692
3242696
3242704
3242772
3242788
3242820
3242824
3242884
3242888
3242896
3242912
3242944
3243027
3243029
3243030
3243033
3243034
3243036
3243057
3243058
3243060
3243064
3243075
3243077
3243078
3243081
3243082
3243084
3243089
3243090
3243092
3243096
3243105
3243106
3243108
3243112
3243120
3243141
3243142
3243145
3243146
3243148
3243153
3243154
3243156
3243160
3243172
3243176
3243184
3243201
3243202
3243204
3243208
3243216
3243232
3243281
3243282
3243284
3243288
3243297
3243298
3243300
3243304
3243312
3243329
3243330
3243332
3243336
3243344
3243360
3243396
3243400
3243408
3243424
3243456
3243537
3243538
3243540
3243544
3243553
3243554
3243556
3243560
3243568
3243585
3243586
3243588
3243592
3243600
3243616
3243652
3243656
3243664
3243680
3243712
3243792
3243808
3243840
3248535
3248539
3248542
3248551
3248555
3248557
3248558
3248566
3248570
3248572
3248604
3248695
3248701
3248702
3248727
3248731
3248733
3248734
3248757
3248761
3248764
3248825
3248860
3248919
3248925
3248926
3248941
3248942
3248950
3248956
3248967
3248971
3248973
3248974
3248981
3248982
3248985
3248986
3248988
3248997
3249001
3249004
3249012
3249016
3249049
3249052
3249065
3249080
3249100
3249108
3249112
3249239
3249243
3249245
3249246
3249303
3249307
3249310
3249337
3249363
3249369
3249370
3249372
3249500
3249577
3249592
3249624
3249721
3249756
3249817
3249820
3249841
3249848
3249880
3249945
3249948
3249961
3249976
3249996
3250004
3250008
3250057
3250060
3250065
3250068
3250072
3250081
3250088
3250096
3250120
3250128
3250231
3250237
3250238
3250343
3250347
3250349
3250350
3250355
3250357
3250358
3250455
3250462
3250471
3250477
3250478
3250486
3250492
3250524
3250567
3250571
3250574
3250579
3250582
3250595
3250597
3250602
3250604
3250610
3250612
3250636
3250644
3250780
3250857
3250865
3250892
3250900
3250972
3251020
3251028
3251032
3251081
3251084
3251089
3251092
3251096
3251105
3251112
3251120
3251144
3251152
3251223
3251227
3251230
3251257
3251271
3251275
3251277
3251278
3251285
3251286
3251289
3251290
3251292
3251335
3251339
3251342
3251347
3251350
3251369
3251377
3251395
3251401
3251402
3251404
3251409
3251410
3251412
3251416
3251497
3251512
3251532
3251540
3251544
3251617
3251624
3251632
3251656
3251664
3251737
3251740
3251753
3251768
3251788
3251796
3251800
3251849
3251852
3251857
3251860
3251864
3251873
3251880
3251888
3251912
3251920
3251992
3252104
3252112
3252631
3252635
3252637
3252638
3252647
3252651
3252653
3252654
3252662
3252666
3252668
3252710
3252797
3252798
3252823
3252827
3252829
3252830
3252853
3252857
3252860
3252921
3253021
3253022
3253038
3253052
3253063
3253067
3253069
3253070
3253077
3253078
3253081
3253082
3253093
3253094
3253097
3253100
3253108
3253112
3253145
3253158
3253161
3253176
3253190
3253220
3253335
3253339
3253341
3253342
3253399
3253403
3253405
3253406
3253433
3253459
3253465
3253466
3253606
3253657
3253670
3253673
3253688
3253730
3253817
3253913
3253937
3253944
3254041
3254054
3254057
3254072
3254086
3254116
3254150
3254153
3254161
3254177
3254178
3254180
3254184
3254192
3254210
3254240
3254327
3254333
3254334
3254439
3254443
3254445
3254446
3254451
3254453
3254454
3254502
3254551
3254557
3254558
3254567
3254573
3254574
3254582
3254588
3254630
3254663
3254667
3254669
3254670
3254675
3254677
3254678
3254691
3254693
3254694
3254698
3254700
3254706
3254708
3254726
3254754
3254756
3254950
3254953
3254961
3254982
3255012
3255078
3255110
3255140
3255174
3255177
3255185
3255201
3255202
3255204
3255208
3255216
3255234
3255264
3255319
3255323
3255325
3255326
3255353
3255367
3255371
3255373
3255374
3255381
3255382
3255385
3255386
3255398
3255431
3255435
3255437
3255438
3255443
3255445
3255446
3255449
3255462
3255465
3255473
3255491
3255494
3255497
3255498
3255505
3255506
3255522
3255577
3255590
3255593
3255608
3255622
3255652
3255686
3255689
3255697
3255713
3255714
3255716
3255720
3255728
3255746
3255776
3255833
3255846
3255849
3255864
3255878
3255908
3255942
3255945
3255953
3255969
3255970
3255972
3255976
3255984
3256002
3256032
3256224
3256726
3256730
3256742
3256746
3256748
3256918
3256922
3256924
3256948
3256952
3257016
3257158
3257162
3257164
3257172
3257176
3257188
3257192
3257240
3257256
3257430
3257434
3257436
3257494
3257497
3257498
3257500
3257528
3257554
3257560
3257752
3257768
3257912
3258008
3258032
3258136
3258152
3258248
3258256
3258272
3258422
3258428
3258534
3258538
3258540
3258546
3258548
3258646
3258662
3258668
3258758
3258762
3258770
3258786
3258788
3259048
3259056
3259272
3259280
3259296
3259414
3259417
3259418
3259420
3259448
3259462
3259466
3259468
3259476
3259480
3259526
3259529
3259530
3259532
3259537
3259538
3259540
3259544
3259560
3259568
3259586
3259592
3259600
3259672
3259688
3259784
3259792
3259808
3259928
3259944
3260040
3260048
3260064
3260823
3260827
3260829
3260830
3260839
3260843
3260845
3260846
3260854
3260858
3260860
3260892
3260902
3260983
3260987
3260989
3260990
3261015
3261019
3261021
3261022
3261045
3261049
3261052
3261148
3261207
3261211
3261213
3261214
3261223
3261227
3261229
3261230
3261238
3261242
3261244
3261255
3261259
3261261
3261262
3261269
3261270
3261273
3261274
3261276
3261285
3261286
3261289
3261292
3261300
3261304
3261340
3261350
3261382
3261388
3261396
3261400
3261412
3261527
3261531
3261533
3261534
3261591
3261595
3261597
3261598
3261651
3261657
3261658
3261660
3261788
3261798
3261852
3261862
3261912
3261922
3262044
3262108
3262168
3262236
3262246
3262278
3262284
3262292
3262296
3262308
3262342
3262348
3262356
3262370
3262372
3262402
3262404
3262408
3262416
3262432
3262519
3262523
3262525
3262526
3262631
3262635
3262637
3262638
3262643
3262645
3262646
3262694
3262743
3262747
3262749
3262750
3262759
3262763
3262765
3262766
3262774
3262778
3262780
3262812
3262822
3262855
3262859
3262861
3262862
3262867
3262869
3262870
3262876
3262883
3262885
3262886
3262890
3262892
3262898
3262900
3262918
3262924
3262932
3262946
3262948
3263068
3263142
3263174
3263180
3263188
3263204
3263260
3263270
3263302
3263308
3263316
3263320
3263332
3263366
3263372
3263380
3263394
3263396
3263426
3263428
3263432
3263440
3263456
3263511
3263515
3263517
3263518
3263559
3263563
3263565
3263566
3263573
3263574
3263577
3263578
3263580
3263590
3263623
3263627
3263629
3263630
3263635
3263637
3263638
3263654
3263683
3263686
3263689
3263690
3263692
3263697
3263698
3263700
3263704
3263714
3263772
3263782
3263814
3263820
3263828
3263832
3263844
3263878
3263884
3263892
3263906
3263908
3263938
3263940
3263944
3263952
3263968
3264028
3264038
3264070
3264076
3264084
3264088
3264100
3264134
3264140
3264148
3264162
3264164
3264194
3264196
3264200
3264208
3264224
3264324
3264388
3264448
3264917
3264918
3264921
3264922
3264924
3264933
3264934
3264937
3264938
3264948
3264952
3264980
3264984
3265077
3265078
3265081
3265082
3265109
3265110
3265113
3265114
3265116
3265140
3265144
3265236
3265240
3265301
3265302
3265305
3265306
3265308
3265317
3265318
3265321
3265322
3265332
3265336
3265349
3265350
3265353
3265354
3265356
3265364
3265368
3265380
3265384
3265428
3265432
3265476
3265480
3265621
3265622
3265625
3265626
3265628
3265685
3265686
3265690
3265745
3265746
3265748
3265752
3265876
3265880
3265940
3265944
3266000
3266132
3266136
3266196
3266200
3266256
3266324
3266328
3266372
3266376
3266436
3266440
3266448
3266496
3266613
3266614
3266617
3266618
3266725
3266726
3266729
3266730
3266737
3266738
3266837
3266838
3266841
3266842
3266844
3266853
3266854
3266857
3266858
3266868
3266872
3266900
3266904
3266949
3266950
3266953
3266954
3266956
3266961
3266962
3266964
3266968
3266977
3266978
3266980
3266984
3266992
3267012
3267016
3267024
3267156
3267160
3267268
3267272
3267280
3267348
3267352
3267396
3267400
3267460
3267464
3267472
3267520
3267605
3267606
3267610
3267653
3267654
3267657
3267658
3267660
3267668
3267672
3267718
3267722
3267730
3267777
3267778
3267780
3267784
3267792
3267860
3267864
3267908
3267912
3267972
3267976
3267984
3268032
3268116
3268120
3268164
3268168
3268228
3268232
3268240
3268288
3269013
3269017
3269020
3269029
3269030
3269033
3269036
3269044
3269048
3269092
3269173
3269177
3269180
3269205
3269209
3269212
3269397
3269401
3269404
3269413
3269414
3269417
3269420
3269428
3269432
3269445
3269446
3269449
3269452
3269460
3269464
3269476
3269540
3269572
3269717
3269721
3269724
3269781
3269785
3269788
3269841
3269848
3269988
3270052
3270112
3270436
3270468
3270532
3270560
3270592
3270709
3270713
3270716
3270821
3270822
3270825
3270828
3270833
3270836
3270884
3270933
3270937
3270940
3270949
3270950
3270953
3270956
3270964
3270968
3271012
3271045
3271046
3271049
3271052
3271057
3271060
3271073
3271074
3271076
3271080
3271088
3271108
3271136
3271332
3271364
3271460
3271492
3271556
3271584
3271616
3271701
3271705
3271708
3271749
3271750
3271753
3271756
3271764
3271768
3271780
3271813
3271814
3271817
3271820
3271825
3271828
3271844
3271873
3271874
3271876
3271880
3271888
3271904
3271972
3272004
3272068
3272096
3272128
3272228
3272260
3272324
3272352
3272384
3273108
3273112
3273124
3273128
3273268
3273272
3273300
3273304
3273492
3273496
3273508
3273512
3273540
3273544
3273812
3273816
3273876
3273880
3273936
3274804
3274808
3274916
3274920
3274928
3275028
3275032
3275044
3275048
3275140
3275144
3275152
3275168
3275796
3275800
3275844
3275848
3275908
3275912
3275920
3275968
3281247
3281263
3281271
3281278
3281367
3281371
3281373
3281374
3281383
3281387
3281389
3281390
3281398
3281402
3281404
3281503
3281527
3281533
3281534
3281623
3281627
3281629
3281630
3281653
3281657
3281660
3281743
3281751
3281757
3281758
3281773
3281774
3281782
3281788
3281863
3281867
3281869
3281870
3281877
3281878
3281881
3281882
3281884
3281893
3281897
3281900
3281908
3281912
3282039
3282045
3282046
3282095
3282103
3282107
3282109
3282110
3282151
3282155
3282157
3282158
3282163
3282169
3282170
3282263
3282269
3282270
3282285
3282286
3282294
3282300
3282327
3282331
3282333
3282334
3282343
3282347
3282349
3282350
3282358
3282361
3282362
3282364
3282387
3282393
3282394
3282396
3282403
3282409
3282410
3282418
3282424
3282487
3282493
3282494
3282519
3282525
3282526
3282549
3282556
3282575
3282583
3282587
3282589
3282590
3282599
3282603
3282605
3282606
3282611
3282613
3282617
3282618
3282620
3282631
3282635
3282637
3282638
3282643
3282649
3282650
3282652
3282659
3282661
3282665
3282666
3282668
3282673
3282680
3282711
3282717
3282718
3282733
3282734
3282742
3282748
3282765
3282766
3282773
3282774
3282780
3282796
3282804
3282823
3282827
3282829
3282830
3282835
3282837
3282838
3282841
3282844
3282851
3282853
3282857
3282858
3282860
3282865
3282866
3282868
3282872
3282883
3282889
3282890
3282892
3282897
3282898
3282900
3282904
3282913
3282920
3282928
3283063
3283069
3283070
3283175
3283179
3283181
3283182
3283187
3283189
3283190
3283287
3283293
3283294
3283303
3283309
3283310
3283318
3283324
3283399
3283403
3283405
3283406
3283411
3283413
3283414
3283420
3283427
3283429
3283434
3283436
3283442
3283444
3283543
3283549
3283550
3283573
3283580
3283655
3283659
3283661
3283662
3283667
3283669
3283670
3283676
3283685
3283689
3283692
3283697
3283700
3283783
3283789
3283790
3283797
3283798
3283804
3283813
3283820
3283828
3283907
3283913
3283914
3283916
3283921
3283922
3283924
3283928
3283937
3283944
3283952
3284023
3284029
3284030
3284071
3284077
3284078
3284085
3284086
3284135
3284139
3284141
3284142
3284147
3284149
3284150
3284153
3284195
3284201
3284202
3284209
3284210
3284247
3284253
3284254
3284263
3284269
3284270
3284278
3284284
3284295
3284301
3284302
3284309
3284310
3284316
3284325
3284332
3284340
3284359
3284363
3284365
3284366
3284371
3284373
3284374
3284377
3284380
3284387
3284389
3284393
3284394
3284396
3284401
3284402
3284404
3284408
3284419
3284425
3284426
3284428
3284433
3284434
3284436
3284440
3284449
3284456
3284464
3284503
3284509
3284510
3284519
3284525
3284526
3284534
3284540
3284551
3284557
3284558
3284565
3284566
3284572
3284581
3284588
3284596
3284615
3284619
3284621
3284622
3284627
3284629
3284630
3284633
3284636
3284643
3284645
3284649
3284650
3284652
3284657
3284658
3284660
3284664
3284675
3284681
3284682
3284684
3284689
3284690
3284692
3284696
3284705
3284712
3284720
3284764
3284812
3284820
3284873
3284876
3284881
3284884
3284888
3284897
3284904
3284912
3284936
3284944
3285374
3285463
3285467
3285469
3285470
3285494
3285498
3285500
3285853
3285884
3285973
3285974
3286004
3286141
3286142
3286199
3286203
3286205
3286206
3286259
3286265
3286266
3286365
3286366
3286396
3286423
3286427
3286429
3286430
3286454
3286457
3286458
3286460
3286483
3286489
3286490
3286514
3286520
3286589
3286590
3286621
3286622
3286652
3286679
3286683
3286685
3286686
3286707
3286709
3286713
3286714
3286716
3286739
3286745
3286746
3286769
3286776
3286813
3286814
3286844
3286931
3286933
3286934
3286937
3286961
3286962
3286964
3286968
3286993
3286994
3287024
3288125
3288126
3288231
3288237
3288243
3288245
3288246
3288249
3288305
3288349
3288350
3288365
3288366
3288380
3288397
3288398
3288428
3288455
3288459
3288461
3288462
3288467
3288469
3288470
3288473
3288483
3288485
3288486
3288489
3288490
3288492
3288497
3288498
3288500
3288504
3288515
3288518
3288521
3288522
3288529
3288530
3288545
3288546
3288548
3288552
3288560
3288966
3288977
3288993
3288996
3289008
3289558
3289562
3289564
3289574
3289578
3289580
3289724
3289814
3289818
3289820
3289844
3289848
3289933
3289934
3289948
3289964
3290054
3290058
3290060
3290068
3290072
3290084
3290088
3290230
3290236
3290279
3290283
3290285
3290286
3290294
3290297
3290298
3290300
3290339
3290342
3290345
3290346
3290348
3290354
3290360
3290454
3290460
3290476
3290518
3290521
3290522
3290524
3290534
3290537
3290538
3290540
3290552
3290578
3290584
3290594
3290600
3290678
3290684
3290710
3290716
3290740
3290759
3290763
3290765
3290766
3290774
3290777
3290778
3290780
3290787
3290789
3290790
3290793
3290794
3290796
3290801
3290802
3290804
3290808
3290819
3290822
3290825
3290826
3290828
3290834
3290840
3290849
3290850
3290852
3290856
3290864
3290902
3290908
3290924
3290956
3290964
3291014
3291017
3291018
3291020
3291025
3291026
3291028
3291032
3291041
3291042
3291044
3291048
3291056
3291074
3291080
3291088
3291104
3291254
3291260
3291366
3291370
3291372
3291378
3291380
3291478
3291484
3291494
3291500
3291590
3291594
3291596
3291602
3291604
3291618
3291620
3291734
3291740
3291764
3291846
3291850
3291852
3291858
3291860
3291876
3291880
3291888
3291974
3291980
3291988
3292004
3292098
3292104
3292112
3292128
3292214
3292220
3292262
3292268
3292276
3292326
3292329
3292330
3292332
3292337
3292338
3292340
3292344
3292386
3292392
3292400
3292438
3292444
3292454
3292460
3292486
3292492
3292500
3292516
3292550
3292553
3292554
3292556
3292561
3292562
3292564
3292568
3292577
3292578
3292580
3292584
3292592
3292610
3292616
3292624
3292640
3292694
3292700
3292710
3292716
3292742
3292748
3292756
3292772
3292806
3292809
3292810
3292812
3292817
3292818
3292820
3292824
3292833
3292834
3292836
3292840
3292848
3292866
3292872
3292880
3292896
3293064
3293072
3293088
3297749
3297750
3297753
3297754
3297756
3297765
3297766
3297769
3297770
3297780
3297784
3298077
3298078
3298093
3298108
3298133
3298134
3298140
3298197
3298198
3298201
3298202
3298204
3298213
3298214
3298228
3298232
3298260
3298421
3298422
3298425
3298426
3298471
3298475
3298477
3298478
3298485
3298486
3298489
3298490
3298531
3298533
3298534
3298537
3298538
3298545
3298546
3298645
3298646
3298649
3298650
3298652
3298665
3298666
3298676
3298680
3298709
3298710
3298713
3298714
3298716
3298725
3298726
3298729
3298730
3298740
3298744
3298769
3298770
3298772
3298776
3298785
3298786
3298800
3298869
3298870
3298873
3298874
3298901
3298902
3298905
3298906
3298908
3298932
3298936
3298951
3298955
3298957
3298958
3298965
3298966
3298969
3298970
3298972
3298979
3298981
3298982
3298985
3298986
3298988
3298993
3298994
3298996
3299000
3299011
3299013
3299014
3299017
3299018
3299020
3299025
3299026
3299028
3299032
3299041
3299042
3299044
3299048
3299056
3299093
3299094
3299097
3299098
3299100
3299113
3299114
3299124
3299128
3299145
3299146
3299148
3299156
3299160
3299176
3299205
3299206
3299209
3299210
3299212
3299217
3299218
3299220
3299224
3299233
3299234
3299236
3299240
3299248
3299265
3299266
3299268
3299272
3299280
3299296
3300403
3300405
3300406
3300409
3300410
3300465
3300517
3300518
3300529
3300530
3300627
3300629
3300630
3300633
3300634
3300636
3300643
3300645
3300646
3300649
3300650
3300657
3300658
3300660
3300664
3300675
3300677
3300678
3300681
3300682
3300684
3300689
3300690
3300692
3300696
3300705
3300706
3300708
3300712
3300720
3300741
3300742
3300745
3300746
3300748
3300753
3300754
3300756
3300760
3300769
3300770
3300772
3300776
3300784
3300801
3300802
3300804
3300808
3300816
3300832
3301137
3301138
3301140
3301144
3301153
3301168
3301200
3301252
3301264
3305940
3305944
3305956
3305960
3306388
3306392
3306404
3306612
3306616
3306661
3306662
3306665
3306666
3306668
3306676
3306680
3306721
3306722
3306724
3306728
3306736
3306836
3306840
3306856
3306900
3306904
3306916
3306920
3306960
3306976
3307060
3307064
3307092
3307096
3307141
3307142
3307145
3307146
3307148
3307156
3307160
3307169
3307170
3307172
3307176
3307184
3307201
3307202
3307204
3307208
3307216
3307232
3307284
3307288
3307304
3307336
3307396
3307400
3307408
3307424
3307456
3308593
3308594
3308596
3308600
3308656
3308708
3308720
3308817
3308818
3308820
3308824
3308833
3308834
3308836
3308840
3308848
3308865
3308866
3308868
3308872
3308880
3308896
3308932
3308936
3308944
3308960
3308992
3309328
3309344
3314140
3314361
3314396
3314503
3314507
3314509
3314510
3314517
3314518
3314521
3314522
3314524
3314533
3314537
3314540
3314548
3314552
3314585
3314588
3314601
3314616
3314636
3314644
3314648
3314791
3314795
3314797
3314798
3314855
3314859
3314861
3314862
3314873
3314915
3314921
3314922
3315036
3315097
3315100
3315113
3315128
3315160
3315239
3315243
3315245
3315246
3315257
3315271
3315275
3315277
3315278
3315292
3315301
3315305
3315308
3315335
3315339
3315341
3315342
3315353
3315356
3315363
3315365
3315369
3315370
3315372
3315377
3315384
3315395
3315401
3315402
3315404
3315416
3315425
3315432
3315481
3315484
3315497
3315512
3315532
3315540
3315544
3315593
3315596
3315601
3315604
3315608
3315617
3315624
3315632
3315656
3315664
3315767
3315773
3315774
3315879
3315883
3315885
3315886
3315891
3315893
3315894
3315991
3315997
3315998
3316013
3316014
3316022
3316028
3316060
3316103
3316107
3316109
3316110
3316115
3316117
3316118
3316124
3316131
3316133
3316138
3316140
3316146
3316148
3316172
3316180
3316316
3316393
3316401
3316428
3316436
3316508
3316556
3316564
3316568
3316617
3316620
3316625
3316628
3316632
3316641
3316648
3316656
3316680
3316688
3316793
3316905
3316913
3317017
3317020
3317033
3317048
3317068
3317076
3317080
3317129
3317132
3317137
3317140
3317144
3317153
3317160
3317168
3317192
3317200
3317273
3317276
3317289
3317304
3317324
3317332
3317336
3317385
3317388
3317393
3317396
3317400
3317409
3317416
3317424
3317448
3317456
3317528
3317640
3317648
3318246
3318613
3318614
3318644
3318681
3318694
3318712
3318893
3318894
3318951
3318955
3318957
3318958
3318969
3319011
3319017
3319018
3319193
3319206
3319209
3319224
3319266
3319341
3319342
3319353
3319373
3319404
3319431
3319435
3319437
3319438
3319449
3319459
3319461
3319465
3319466
3319468
3319473
3319480
3319491
3319497
3319498
3319521
3319528
3319577
3319593
3319608
3319686
3319689
3319697
3319713
3319714
3319716
3319720
3319728
3319746
3319776
3320889
3320998
3321009
3321113
3321126
3321129
3321144
3321158
3321188
3321222
3321225
3321233
3321249
3321250
3321252
3321256
3321264
3321282
3321312
3321760
3322552
3322694
3322698
3322700
3322708
3322712
3322724
3322728
3322776
3322792
3322982
3322986
3322988
3323046
3323049
3323050
3323052
3323064
3323106
3323112
3323288
3323304
3323430
3323433
3323434
3323436
3323448
3323462
3323466
3323468
3323492
3323496
3323526
3323529
3323530
3323532
3323544
3323553
3323554
3323556
3323560
3323568
3323586
3323592
3323616
3323672
3323688
3323784
3323792
3323808
3324070
3324074
3324076
3324082
3324084
3324294
3324298
3324300
3324306
3324308
3324322
3324324
3324584
3324592
3324808
3324816
3324832
3324984
3325096
3325104
3325208
3325224
3325320
3325328
3325344
3325464
3325480
3325576
3325584
3325600
3330516
3330520
3330837
3330838
3330841
3330842
3330844
3330853
3330854
3330868
3330872
3330900
3330964
3330968
3331173
3331174
3331177
3331178
3331237
3331238
3331241
3331242
3331297
3331298
3331412
3331416
3331476
3331480
3331536
3331621
3331622
3331625
3331626
3331653
3331654
3331657
3331658
3331660
3331668
3331672
3331684
3331688
3331717
3331718
3331721
3331722
3331724
3331732
3331736
3331745
3331746
3331748
3331752
3331777
3331778
3331780
3331784
3331792
3331808
3331860
3331864
3331908
3331912
3331972
3331976
3331984
3332032
3333396
3333400
3333444
3333448
3333508
3333512
3333520
3333568
3339028
3339032
3339044
3339364
3339368
3339428
3339432
3339488
3339812
3339816
3339844
3339848
3339908
3339912
3339936
3339968
3346908
3347164
3347404
3347412
3347416
3347641
3347804
3347865
3347868
3347881
3347896
3347928
3348060
3348121
3348124
3348145
3348152
3348184
3348252
3348300
3348308
3348361
3348364
3348369
3348372
3348376
3348385
3348392
3348400
3348424
3348432
3348940
3348948
3349196
3349204
3349448
3349456
3349673
3349681
3349788
3349836
3349844
3349897
3349900
3349905
3349908
3349912
3349921
3349928
3349936
3349960
3349968
3350044
3350092
3350100
3350153
3350156
3350161
3350164
3350168
3350177
3350184
3350192
3350216
3350224
3350408
3350416
3351014
3351494
3351524
3351737
3351961
3351974
3351977
3351992
3352034
3352217
3352241
3352248
3352454
3352457
3352465
3352481
3352482
3352484
3352488
3352496
3352514
3352544
3352806
3353030
3353058
3353060
3353286
3353316
3353538
3353568
3353702
3353766
3353769
3353777
3353826
3353894
3353926
3353956
3353990
3353993
3354001
3354017
3354018
3354020
3354024
3354032
3354050
3354080
3354150
3354182
3354212
3354246
3354249
3354257
3354273
3354274
3354276
3354280
3354288
3354306
3354336
3354528
3355832
3356056
3356072
3356312
3356336
3356552
3356560
3356576
3357864
3357872
3358088
3358096
3358112
3358344
3358352
3358368
3358845
3358846
3358903
3358907
3358909
3358910
3359069
3359070
3359085
3359086
3359100
3359127
3359131
3359133
3359134
3359143
3359147
3359149
3359150
3359158
3359162
3359164
3359196
3359206
3359325
3359326
3359356
3359452
3359565
3359566
3359580
3359596
3359644
3359654
3359686
3359692
3359700
3359704
3359716
3360092
3360156
3360166
3360216
3360226
3360348
3360412
3360472
3360540
3360588
3360596
3360600
3360646
3360652
3360660
3360674
3360676
3360706
3360708
3360712
3360720
3360736
3360935
3360939
3360941
3360942
3360947
3360949
3360950
3360998
3361116
3361126
3361159
3361163
3361165
3361166
3361171
3361173
3361174
3361180
3361187
3361189
3361190
3361194
3361196
3361202
3361204
3361222
3361228
3361236
3361250
3361252
3361372
3361446
3361478
3361484
3361492
3361508
3361564
3361574
3361606
3361612
3361620
3361624
3361636
3361670
3361676
3361684
3361698
3361700
3361730
3361732
3361736
3361744
3361760
3361843
3361891
3361894
3361905
3361906
3361958
3362018
3362067
3362076
3362083
3362086
3362098
3362115
3362118
3362124
3362129
3362130
3362132
3362136
3362145
3362148
3362160
3362182
3362188
3362196
3362210
3362212
3362242
3362244
3362248
3362256
3362272
3362323
3362332
3362339
3362342
3362354
3362371
3362374
3362380
3362385
3362386
3362388
3362392
3362404
3362416
3362438
3362444
3362452
3362466
3362468
3362498
3362500
3362504
3362512
3362528
3362628
3362640
3362692
3362752
3362933
3362934
3362997
3362998
3363001
3363002
3363157
3363158
3363164
3363173
3363174
3363188
3363221
3363222
3363225
3363226
3363228
3363237
3363238
3363241
3363242
3363252
3363256
3363284
3363288
3363413
3363414
3363420
3363444
3363540
3363544
3363653
3363654
3363660
3363668
3363684
3363732
3363736
3363780
3363784
3363953
3363954
3364177
3364178
3364180
3364184
3364193
3364194
3364208
3364244
3364248
3364304
3364401
3364402
3364433
3364434
3364436
3364440
3364464
3364500
3364504
3364560
3364625
3364626
3364628
3364632
3364641
3364642
3364656
3364673
3364674
3364676
3364680
3364688
3364704
3364740
3364744
3364752
3364800
3365029
3365030
3365033
3365034
3365041
3365042
3365204
3365253
3365254
3365257
3365258
3365260
3365265
3365266
3365268
3365272
3365281
3365282
3365284
3365288
3365296
3365316
3365320
3365328
3365460
3365464
3365572
3365576
3365584
3365700
3365764
3365768
3365776
3365824
3365937
3365938
3365985
3365986
3366161
3366162
3366164
3366168
3366177
3366178
3366192
3366209
3366210
3366212
3366216
3366224
3366240
3366276
3366280
3366288
3366336
3366417
3366418
3366420
3366424
3366433
3366434
3366448
3366465
3366466
3366468
3366472
3366480
3366496
3366532
3366536
3366544
3366592
3366672
3366720
3367036
3367093
3367097
3367100
3367260
3367276
3367317
3367321
3367324
3367333
3367334
3367337
3367340
3367348
3367352
3367396
3367516
3367756
3367844
3367876
3368356
3368416
3368836
3368864
3368896
3369125
3369126
3369129
3369132
3369137
3369140
3369188
3369316
3369349
3369350
3369353
3369356
3369361
3369364
3369377
3369378
3369380
3369384
3369392
3369412
3369440
3369636
3369668
3369796
3369860
3369888
3369920
3370033
3370084
3370096
3370148
3370208
3370257
3370273
3370276
3370288
3370305
3370308
3370320
3370372
3370400
3370432
3370513
3370532
3370544
3370564
3370576
3370628
3370656
3370688
3371124
3371188
3371192
3371348
3371364
3371412
3371416
3371428
3371432
3371604
3371844
3372144
3372368
3372384
3372592
3372624
3372816
3372832
3372864
3373220
3373224
3373232
3373444
3373448
3373456
3373472
3374128
3374176
3374352
3374368
3374400
3374608
3374624
3374656
3379548
3379612
3379804
3380044
3380052
3380056
3380120
3380632
3380888
3381016
3381128
3381136
3381644
3381652
3382152
3382160
3382552
3382664
3382672
3382808
3382920
3382928
3383654
3383718
3384134
3384164
3385248
3385510
3385734
3385764
3386272
3386784
3387040
3391543
3391547
3391549
3391550
3391767
3391771
3391773
3391774
3391783
3391787
3391789
3391790
3391798
3391802
3391804
3391836
3391846
3391900
3391910
3392092
3392284
3392294
3392326
3392332
3392340
3392344
3392356
3392452
3393348
3393412
3393472
3393702
3393820
3393830
3393926
3393932
3393940
3393954
3393956
3393988
3394244
3394372
3394436
3394496
3394884
3394948
3395008
3395140
3395204
3395264
3395637
3395638
3395641
3395642
3395861
3395862
3395865
3395866
3395868
3395877
3395878
3395881
3395882
3395892
3395896
3395924
3395928
3395988
3395992
3396180
3396184
3396372
3396376
3396420
3396424
3397908
3397912
3398020
3398024
3398032
3399733
3399737
3399740
3399957
3399961
3399964
3399973
3399974
3399977
3399980
3399988
3399992
3400036
3400100
3400484
3400516
3401892
3402020
3402116
3402144
3403828
3403832
3404052
3404056
3404068
3404072
3477599
3477623
3477629
3477630
3477719
3477723
3477725
3477726
3477847
3477853
3477854
3477863
3477869
3477870
3477878
3477884
3477980
3478071
3478077
3478078
3478103
3478109
3478110
3478133
3478140
3478201
3478236
3478295
3478301
3478302
3478311
3478317
3478318
3478326
3478332
3478343
3478349
3478350
3478357
3478358
3478364
3478373
3478380
3478388
3478425
3478428
3478441
3478456
3478476
3478484
3478488
3478615
3478619
3478621
3478622
3478643
3478679
3478683
3478685
3478686
3478713
3478739
3478745
3478746
3478748
3478867
3478876
3478883
3478898
3478937
3478940
3478953
3478968
3479000
3479097
3479123
3479132
3479153
3479193
3479196
3479217
3479224
3479256
3479321
3479324
3479337
3479352
3479363
3479372
3479377
3479378
3479380
3479384
3479393
3479408
3479433
3479436
3479441
3479444
3479448
3479457
3479464
3479472
3479496
3479504
3479639
3479645
3479646
3479751
3479755
3479757
3479758
3479763
3479765
3479766
3479772
3479900
3480012
3480020
3480156
3480233
3480241
3480268
3480276
3480348
3480396
3480404
3480457
3480460
3480465
3480468
3480472
3480481
3480488
3480496
3480520
3480528
3480599
3480603
3480605
3480606
3480633
3480647
3480651
3480653
3480654
3480659
3480661
3480662
3480665
3480666
3480668
3480675
3480689
3480690
3480711
3480715
3480717
3480718
3480723
3480725
3480726
3480729
3480732
3480745
3480753
3480771
3480777
3480778
3480780
3480785
3480786
3480788
3480792
3480857
3480860
3480873
3480899
3480908
3480913
3480914
3480916
3480920
3480929
3480944
3480969
3480972
3480977
3480980
3480984
3480993
3481000
3481008
3481032
3481040
3481113
3481116
3481129
3481144
3481155
3481164
3481169
3481170
3481172
3481176
3481185
3481200
3481225
3481228
3481233
3481236
3481240
3481249
3481256
3481264
3481288
3481296
3481368
3481424
3481480
3481488
3481695
3481725
3481815
3481821
3481949
3481950
3481965
3481966
3481980
3482086
3482397
3482398
3482413
3482428
3482521
3482534
3482552
3482715
3482717
3482718
3482775
3482779
3482781
3482782
3482809
3482835
3482841
3482842
3483033
3483046
3483049
3483064
3483106
3483193
3483289
3483313
3483320
3483417
3483433
3483526
3483529
3483537
3483553
3483554
3483556
3483560
3483568
3483586
3483616
3484695
3484699
3484701
3484702
3484755
3484757
3484758
3484785
3484807
3484813
3484819
3484821
3484822
3484825
3484838
3484849
3484881
3484966
3484998
3485009
3485010
3485028
3485040
3485062
3485065
3485073
3485089
3485090
3485092
3485096
3485104
3485122
3485152
3485600
3485783
3485789
3485790
3485814
3485820
3485910
3485914
3485916
3486038
3486044
3486054
3486060
3486262
3486268
3486294
3486300
3486324
3486392
3486486
3486492
3486502
3486508
3486534
3486540
3486548
3486564
3486616
3486632
3486803
3486806
3486810
3486812
3486834
3486870
3486873
3486874
3486876
3486904
3486930
3486936
3487058
3487074
3487128
3487144
3487314
3487344
3487384
3487408
3487554
3487568
3487584
3487624
3487632
3487648
3487830
3487836
3487942
3487946
3487948
3487954
3487956
3488424
3488432
3488648
3488656
3488672
3488790
3488794
3488796
3488835
3488838
3488842
3488844
3488849
3488850
3488852
3488856
3488866
3488880
3488902
3488905
3488906
3488908
3488913
3488914
3488916
3488920
3488936
3488944
3488962
3488968
3488976
3489090
3489104
3489120
3489160
3489168
3489184
3489304
3489320
3489346
3489360
3489376
3489416
3489424
3489440
3493975
3493981
3494003
3494005
3494006
3494101
3494102
3494108
3494227
3494229
3494230
3494233
3494234
3494236
3494243
3494245
3494246
3494249
3494250
3494257
3494258
3494260
3494264
3494356
3494360
3494675
3494677
3494678
3494681
3494682
3494684
3494691
3494693
3494694
3494705
3494706
3494708
3494712
3494737
3494740
3494768
3494804
3494808
3494995
3494997
3494998
3495001
3495002
3495004
3495025
3495026
3495061
3495062
3495065
3495066
3495068
3495121
3495122
3495124
3495128
3495249
3495250
3495252
3495256
3495265
3495266
3495280
3495316
3495320
3495376
3495473
3495474
3495505
3495506
3495508
3495512
3495536
3495572
3495576
3495632
3495697
3495698
3495700
3495704
3495713
3495714
3495728
3495745
3495746
3495748
3495752
3495760
3495776
3495812
3495816
3495824
3495872
3496979
3496981
3496982
3496985
3496986
3496988
3497009
3497010
3497041
3497044
3497093
3497094
3497100
3497105
3497106
3497108
3497112
3497168
3497233
3497234
3497236
3497240
3497249
3497250
3497264
3497281
3497282
3497284
3497288
3497296
3497312
3497348
3497352
3497360
3497408
3497744
3502163
3502165
3502166
3502172
3502193
3502196
3502292
3502417
3502418
3502420
3502424
3502433
3502434
3502436
3502440
3502448
3502865
3502866
3502868
3502872
3502881
3502884
3502896
3502928
3503185
3503186
3503188
3503192
3503216
3503252
3503256
3503312
3503440
3503456
3503664
3503696
3503888
3503904
3503936
3505169
3505170
3505172
3505176
3505200
3505232
3505284
3505296
3505424
3505440
3505472
3510359
3510363
3510365
3510366
3510492
3510620
3510841
3510876
3511065
3511068
3511081
3511096
3511116
3511124
3511128
3511192
3511388
3511449
3511452
3511512
3511704
3511960
3512088
3512200
3512208
3512412
3512524
3512532
3513112
3513224
3513232
3513369
3513372
3513420
3513428
3513432
3513481
3513484
3513489
3513492
3513496
3513544
3513552
3513624
3513736
3513744
3513880
3513992
3514000
3514455
3514461
3514726
3515161
3515174
3515192
3515545
3516320
3517465
3517574
3517585
3517856
3518550
3518554
3518556
3519032
3519256
3519272
3519640
3521560
3521672
3521680
3526741
3526742
3526748
3526868
3526996
3527000
3527444
3527448
3527764
3527768
3527828
3527832
3527888
3529748
3529752
3529860
3529872
3534932
3608924
3609180
3609372
3609420
3609428
3609496
3610008
3610264
3610448
3610504
3610512
3611528
3611536
3611984
3612040
3612048
3612240
3612296
3612304
3614624
3616160
3625073
3625297
3625298
3625300
3625304
3625313
3625314
3625328
3625745
3625746
3625748
3625752
3625761
3625776
3625808
3626320
3626576
3626768
3626816
3628304
3628352
3633264
3633488
3633504
3633936
3633952
3642136
3674527
3674543
3674551
3674555
3674557
3674558
3674583
3674587
3674589
3674590
3674599
3674603
3674605
3674606
3674614
3674618
3674620
3674799
3674807
3674811
3674813
3674814
3674831
3674839
3674843
3674845
3674846
3674855
3674859
3674861
3674862
3674869
3674873
3674876
3675031
3675035
3675037
3675038
3675047
3675051
3675053
3675054
3675062
3675065
3675066
3675068
3675079
3675083
3675085
3675086
3675093
3675094
3675097
3675098
3675100
3675109
3675113
3675116
3675124
3675128
3675479
3675483
3675485
3675486
3675495
3675499
3675501
3675502
3675507
3675510
3675514
3675516
3675543
3675547
3675550
3675559
3675563
3675565
3675566
3675574
3675577
3675578
3675580
3675603
3675609
3675610
3675612
3675619
3675625
3675626
3675634
3675640
3675695
3675703
3675707
3675709
3675710
3675727
3675735
3675739
3675741
3675742
3675751
3675755
3675757
3675758
3675763
3675765
3675769
3675772
3675791
3675799
3675803
3675805
3675806
3675815
3675819
3675821
3675822
3675827
3675829
3675833
3675834
3675836
3675847
3675851
3675853
3675854
3675859
3675865
3675866
3675868
3675875
3675877
3675881
3675882
3675884
3675889
3675896
3675927
3675931
3675933
3675934
3675943
3675947
3675949
3675950
3675955
3675958
3675961
3675962
3675964
3675975
3675979
3675981
3675982
3675987
3675989
3675990
3675993
3675994
3675996
3676003
3676005
3676009
3676012
3676017
3676018
3676020
3676024
3676039
3676043
3676045
3676046
3676051
3676053
3676054
3676057
3676060
3676067
3676069
3676073
3676074
3676076
3676081
3676082
3676084
3676088
3676099
3676105
3676106
3676108
3676113
3676114
3676116
3676120
3676129
3676136
3676144
3676447
3676463
3676471
3676477
3676478
3676503
3676507
3676509
3676510
3676519
3676523
3676525
3676526
3676531
3676534
3676538
3676540
3676559
3676567
3676571
3676574
3676583
3676587
3676589
3676590
3676595
3676597
3676598
3676601
3676602
3676604
3676615
3676619
3676621
3676622
3676627
3676629
3676630
3676636
3676643
3676645
3676650
3676652
3676658
3676660
3676727
3676733
3676734
3676759
3676763
3676765
3676766
3676787
3676789
3676793
3676796
3676839
3676843
3676845
3676846
3676851
3676853
3676854
3676857
3676871
3676875
3676877
3676878
3676883
3676885
3676886
3676892
3676901
3676905
3676908
3676913
3676916
3676951
3676957
3676958
3676967
3676973
3676974
3676982
3676988
3676999
3677003
3677005
3677006
3677011
3677013
3677014
3677017
3677018
3677020
3677027
3677029
3677033
3677036
3677041
3677042
3677044
3677048
3677063
3677067
3677069
3677070
3677075
3677077
3677078
3677081
3677084
3677091
3677093
3677097
3677098
3677100
3677105
3677106
3677108
3677112
3677123
3677129
3677130
3677132
3677137
3677138
3677140
3677144
3677153
3677160
3677168
3677215
3677239
3677243
3677245
3677246
3677263
3677271
3677275
3677277
3677278
3677287
3677291
3677293
3677294
3677299
3677301
3677302
3677305
3677306
3677327
3677335
3677339
3677342
3677351
3677355
3677357
3677358
3677363
3677365
3677366
3677369
3677383
3677387
3677389
3677395
3677397
3677398
3677401
3677402
3677404
3677411
3677417
3677418
3677425
3677426
3677463
3677467
3677470
3677479
3677483
3677485
3677486
3677491
3677494
3677497
3677498
3677500
3677511
3677515
3677517
3677518
3677523
3677525
3677526
3677529
3677530
3677532
3677539
3677541
3677545
3677548
3677553
3677554
3677556
3677560
3677575
3677579
3677582
3677587
3677590
3677603
3677605
3677609
3677610
3677612
3677617
3677618
3677620
3677624
3677635
3677641
3677642
3677644
3677649
3677650
3677652
3677656
3677665
3677672
3677680
3677719
3677723
3677725
3677726
3677735
3677739
3677741
3677742
3677747
3677750
3677753
3677754
3677756
3677767
3677771
3677773
3677774
3677779
3677781
3677782
3677785
3677786
3677788
3677795
3677797
3677801
3677804
3677809
3677810
3677812
3677816
3677831
3677835
3677837
3677838
3677843
3677845
3677846
3677849
3677852
3677859
3677861
3677865
3677866
3677868
3677873
3677874
3677876
3677880
3677891
3677897
3677898
3677900
3677905
3677906
3677908
3677912
3677921
3677928
3677936
3677971
3677977
3677980
3677987
3677993
3678001
3678002
3678008
3678019
3678028
3678033
3678034
3678036
3678040
3678049
3678064
3678089
3678092
3678097
3678100
3678104
3678113
3678120
3678128
3678152
3678160
3678623
3678639
3678647
3678651
3678653
3678654
3678679
3678683
3678685
3678686
3678695
3678699
3678701
3678702
3678710
3678714
3678716
3679127
3679131
3679133
3679134
3679143
3679149
3679158
3679161
3679162
3679164
3679189
3679190
3679220
3679575
3679579
3679581
3679582
3679595
3679597
3679598
3679603
3679606
3679610
3679612
3679639
3679643
3679645
3679646
3679655
3679659
3679661
3679662
3679670
3679673
3679674
3679676
3679699
3679705
3679706
3679715
3679718
3679721
3679722
3679730
3679736
3679791
3679799
3679803
3679805
3679806
3679823
3679831
3679835
3679837
3679838
3679851
3679853
3679854
3679859
3679861
3679865
3679868
3679887
3679895
3679899
3679901
3679902
3679911
3679915
3679917
3679918
3679923
3679925
3679929
3679930
3679932
3679943
3679947
3679949
3679955
3679961
3679962
3679971
3679973
3679974
3679977
3679978
3679980
3679985
3679992
3680023
3680027
3680029
3680030
3680043
3680045
3680046
3680051
3680054
3680057
3680058
3680060
3680075
3680077
3680078
3680083
3680085
3680086
3680089
3680090
3680105
3680108
3680113
3680114
3680116
3680120
3680135
3680139
3680141
3680142
3680147
3680149
3680150
3680153
3680163
3680165
3680166
3680169
3680170
3680172
3680177
3680178
3680180
3680184
3680195
3680198
3680201
3680202
3680209
3680210
3680225
3680226
3680228
3680232
3680240
3681311
3681335
3681339
3681341
3681342
3681367
3681373
3681395
3681397
3681398
3681423
3681431
3681435
3681437
3681438
3681447
3681453
3681459
3681461
3681462
3681465
3681491
3681493
3681494
3681521
3681559
3681563
3681565
3681566
3681575
3681579
3681581
3681582
3681587
3681590
3681593
3681594
3681596
3681607
3681611
3681613
3681614
3681619
3681621
3681622
3681625
3681626
3681635
3681637
3681638
3681641
3681644
3681649
3681650
3681652
3681656
3681671
3681675
3681677
3681678
3681683
3681685
3681686
3681689
3681699
3681701
3681702
3681705
3681706
3681708
3681713
3681714
3681716
3681720
3681731
3681734
3681737
3681738
3681745
3681746
3681761
3681762
3681764
3681768
3681776
3682067
3682073
3682083
3682086
3682097
3682098
3682104
3682129
3682160
3682182
3682193
3682209
3682212
3682224
3682711
3682715
3682718
3682727
3682731
3682733
3682734
3682742
3682746
3682748
3682774
3682778
3682780
3682790
3682794
3682796
3682983
3682987
3682989
3682990
3682998
3683001
3683002
3683004
3683015
3683019
3683021
3683022
3683030
3683034
3683036
3683045
3683046
3683049
3683050
3683052
3683060
3683064
3683222
3683225
3683226
3683228
3683238
3683241
3683242
3683244
3683256
3683270
3683274
3683276
3683284
3683288
3683300
3683304
3683667
3683670
3683674
3683676
3683683
3683686
3683690
3683692
3683698
3683734
3683737
3683738
3683740
3683750
3683753
3683754
3683756
3683768
3683794
3683800
3683810
3683816
3683879
3683883
3683885
3683886
3683891
3683894
3683897
3683898
3683900
3683911
3683915
3683917
3683918
3683923
3683926
3683930
3683932
3683939
3683941
3683942
3683945
3683946
3683948
3683953
3683954
3683956
3683960
3683975
3683979
3683981
3683982
3683990
3683993
3683994
3683996
3684003
3684005
3684006
3684009
3684010
3684012
3684017
3684018
3684020
3684024
3684035
3684038
3684041
3684042
3684044
3684050
3684056
3684065
3684066
3684068
3684072
3684080
3684115
3684118
3684121
3684122
3684124
3684131
3684134
3684137
3684138
3684140
3684146
3684152
3684163
3684166
3684170
3684172
3684177
3684178
3684180
3684184
3684193
3684194
3684196
3684200
3684208
3684230
3684233
3684234
3684236
3684241
3684242
3684244
3684248
3684257
3684258
3684260
3684264
3684272
3684290
3684296
3684304
3684320
3684631
3684638
3684647
3684653
3684654
3684662
3684668
3684691
3684694
3684698
3684700
3684707
3684710
3684714
3684716
3684722
3684743
3684747
3684750
3684755
3684758
3684762
3684771
3684773
3684774
3684777
3684778
3684780
3684786
3684788
3684806
3684810
3684812
3684818
3684820
3684834
3684836
3684918
3684924
3684947
3684950
3684954
3684956
3684977
3684978
3684980
3684984
3685030
3685033
3685034
3685036
3685041
3685042
3685044
3685048
3685062
3685066
3685068
3685074
3685076
3685092
3685096
3685104
3685142
3685148
3685158
3685164
3685187
3685190
3685194
3685196
3685201
3685202
3685204
3685208
3685217
3685218
3685220
3685224
3685232
3685254
3685257
3685258
3685260
3685265
3685266
3685268
3685272
3685281
3685282
3685284
3685288
3685296
3685314
3685320
3685328
3685344
3685399
3685403
3685405
3685406
3685427
3685430
3685433
3685434
3685436
3685447
3685451
3685453
3685454
3685459
3685461
3685462
3685465
3685466
3685468
3685475
3685478
3685482
3685484
3685489
3685490
3685492
3685496
3685511
3685515
3685517
3685518
3685523
3685525
3685526
3685529
3685530
3685532
3685542
3685545
3685546
3685548
3685553
3685554
3685556
3685560
3685571
3685574
3685577
3685578
3685580
3685585
3685586
3685588
3685592
3685602
3685608
3685616
3685651
3685654
3685657
3685658
3685660
3685667
3685670
3685673
3685674
3685676
3685682
3685688
3685699
3685702
3685706
3685708
3685713
3685714
3685716
3685720
3685729
3685730
3685732
3685736
3685744
3685766
3685769
3685770
3685772
3685777
3685778
3685780
3685784
3685793
3685794
3685796
3685800
3685808
3685826
3685832
3685840
3685856
3685907
3685910
3685913
3685914
3685916
3685923
3685926
3685929
3685930
3685932
3685937
3685938
3685944
3685955
3685958
3685962
3685964
3685969
3685970
3685972
3685976
3685985
3685986
3685988
3685992
3686000
3686022
3686025
3686026
3686028
3686033
3686034
3686036
3686040
3686049
3686050
3686052
3686056
3686064
3686082
3686088
3686096
3686112
3686161
3686162
3686168
3686178
3686184
3686210
3686224
3686240
3686280
3686288
3686304
3690903
3690907
3690909
3690910
3690919
3690923
3690925
3690926
3690933
3690934
3690937
3690938
3690940
3690965
3690966
3690969
3690970
3690972
3690981
3690982
3690985
3690986
3690996
3691000
3691413
3691414
3691417
3691418
3691420
3691429
3691430
3691444
3691448
3691476
3691859
3691861
3691862
3691865
3691866
3691868
3691875
3691877
3691878
3691881
3691882
3691889
3691890
3691892
3691896
3691925
3691926
3691929
3691930
3691932
3691941
3691942
3691945
3691946
3691956
3691960
3691985
3691986
3691988
3691992
3692001
3692002
3692016
3692071
3692075
3692077
3692078
3692083
3692085
3692086
3692089
3692090
3692103
3692107
3692109
3692110
3692115
3692117
3692118
3692121
3692122
3692124
3692131
3692133
3692134
3692137
3692138
3692140
3692145
3692146
3692148
3692152
3692167
3692171
3692173
3692174
3692181
3692182
3692185
3692186
3692188
3692195
3692197
3692198
3692201
3692202
3692204
3692209
3692210
3692212
3692216
3692227
3692229
3692230
3692233
3692234
3692236
3692241
3692242
3692244
3692248
3692257
3692258
3692260
3692264
3692272
3692307
3692309
3692310
3692313
3692314
3692316
3692323
3692325
3692326
3692329
3692330
3692337
3692338
3692340
3692344
3692355
3692357
3692358
3692361
3692362
3692364
3692369
3692370
3692372
3692376
3692385
3692386
3692388
3692392
3692400
3692421
3692422
3692425
3692426
3692428
3692433
3692434
3692436
3692440
3692449
3692450
3692452
3692456
3692464
3692481
3692482
3692484
3692488
3692496
3692512
3693591
3693595
3693598
3693619
3693621
3693622
3693625
3693626
3693651
3693653
3693654
3693660
3693681
3693703
3693715
3693718
3693722
3693733
3693734
3693745
3693746
3693777
3693780
3693843
3693845
3693846
3693849
3693850
3693852
3693859
3693861
3693862
3693865
3693866
3693873
3693874
3693876
3693880
3693891
3693893
3693894
3693897
3693898
3693900
3693905
3693906
3693908
3693912
3693921
3693922
3693924
3693928
3693936
3693957
3693958
3693961
3693962
3693964
3693969
3693970
3693972
3693976
3693985
3693986
3693988
3693992
3694000
3694017
3694018
3694020
3694024
3694032
3694048
3694353
3694354
3694356
3694360
3694369
3694384
3694416
3694468
3694480
3699093
3699094
3699097
3699098
3699100
3699109
3699110
3699113
3699114
3699116
3699124
3699128
3699156
3699160
3699172
3699176
3699604
3699608
3699620
3700049
3700050
3700052
3700056
3700065
3700066
3700068
3700072
3700080
3700116
3700120
3700132
3700136
3700176
3700192
3700259
3700261
3700262
3700265
3700266
3700268
3700273
3700274
3700276
3700280
3700291
3700293
3700294
3700297
3700298
3700300
3700305
3700306
3700308
3700312
3700321
3700322
3700324
3700328
3700336
3700357
3700358
3700361
3700362
3700364
3700372
3700376
3700385
3700386
3700388
3700392
3700400
3700417
3700418
3700420
3700424
3700432
3700448
3700497
3700498
3700500
3700504
3700513
3700514
3700516
3700520
3700528
3700545
3700546
3700548
3700552
3700560
3700576
3700612
3700616
3700624
3700640
3700672
3701779
3701781
3701782
3701785
3701786
3701788
3701809
3701810
3701812
3701816
3701841
3701844
3701872
3701893
3701894
3701900
3701905
3701906
3701908
3701912
3701924
3701936
3701968
3702033
3702034
3702036
3702040
3702049
3702050
3702052
3702056
3702064
3702081
3702082
3702084
3702088
3702096
3702112
3702148
3702152
3702160
3702176
3702208
3702544
3702560
3707287
3707291
3707294
3707303
3707307
3707309
3707310
3707318
3707321
3707322
3707324
3707356
3707559
3707563
3707565
3707566
3707577
3707591
3707595
3707597
3707598
3707612
3707621
3707625
3707628
3707801
3707804
3707817
3707832
3707852
3707860
3707864
3708252
3708329
3708344
3708376
3708455
3708459
3708461
3708462
3708473
3708487
3708491
3708493
3708494
3708508
3708517
3708521
3708524
3708551
3708555
3708557
3708558
3708569
3708572
3708579
3708581
3708585
3708586
3708588
3708593
3708600
3708611
3708617
3708618
3708632
3708641
3708648
3708697
3708700
3708713
3708728
3708748
3708756
3708760
3708809
3708812
3708817
3708820
3708824
3708833
3708840
3708848
3708872
3708880
3709207
3709211
3709214
3709223
3709227
3709229
3709230
3709238
3709241
3709242
3709244
3709276
3709319
3709323
3709326
3709331
3709334
3709347
3709349
3709353
3709354
3709356
3709361
3709362
3709364
3709368
3709388
3709396
3709497
3709532
3709609
3709617
3709644
3709652
3709721
3709724
3709737
3709752
3709772
3709780
3709784
3709833
3709836
3709841
3709844
3709848
3709857
3709864
3709872
3709896
3709904
3709975
3709979
3709982
3710009
3710023
3710027
3710029
3710037
3710038
3710041
3710042
3710044
3710087
3710091
3710099
3710102
3710121
3710129
3710147
3710153
3710161
3710162
3710164
3710168
3710249
3710264
3710284
3710292
3710296
3710369
3710376
3710384
3710408
3710416
3710489
3710492
3710505
3710520
3710540
3710548
3710552
3710601
3710604
3710609
3710612
3710616
3710625
3710632
3710640
3710664
3710672
3710744
3710856
3710864
3711383
3711387
3711390
3711399
3711403
3711405
3711406
3711414
3711417
3711418
3711420
3711462
3711897
3711910
3711928
3712358
3712409
3712422
3712425
3712440
3712482
3712551
3712555
3712557
3712558
3712569
3712583
3712587
3712589
3712613
3712614
3712617
3712620
3712647
3712651
3712653
3712665
3712675
3712677
3712678
3712681
3712682
3712684
3712689
3712696
3712707
3712713
3712737
3712738
3712740
3712744
3712793
3712806
3712809
3712824
3712838
3712868
3712902
3712905
3712913
3712929
3712930
3712932
3712936
3712944
3712962
3712992
3714071
3714075
3714077
3714078
3714105
3714133
3714134
3714183
3714189
3714195
3714197
3714198
3714214
3714225
3714257
3714329
3714342
3714345
3714360
3714374
3714404
3714438
3714441
3714449
3714465
3714466
3714468
3714472
3714480
3714498
3714528
3714976
3715478
3715482
3715494
3715497
3715498
3715500
3715512
3715750
3715753
3715754
3715756
3715768
3715782
3715786
3715788
3715812
3715816
3715992
3716008
3716504
3716520
3716646
3716649
3716650
3716652
3716664
3716678
3716682
3716684
3716708
3716712
3716742
3716745
3716746
3716748
3716760
3716769
3716770
3716772
3716776
3716784
3716802
3716808
3716832
3716888
3716904
3717000
3717008
3717024
3717398
3717402
3717414
3717417
3717418
3717420
3717432
3717510
3717514
3717522
3717537
3717538
3717540
3717544
3717552
3717688
3717800
3717808
3717912
3717928
3718024
3718032
3718048
3718166
3718170
3718200
3718214
3718218
3718220
3718228
3718232
3718278
3718282
3718290
3718312
3718320
3718338
3718344
3718352
3718424
3718440
3718536
3718544
3718560
3718680
3718696
3718792
3718800
3718816
3723669
3723670
3723674
3723685
3723686
3723689
3723690
3723700
3723704
3723732
3723736
3724180
3724184
3724628
3724632
3724692
3724696
3724752
3724837
3724838
3724841
3724842
3724869
3724873
3724874
3724884
3724888
3724900
3724904
3724933
3724937
3724948
3724952
3724961
3724962
3724964
3724968
3724993
3725008
3725024
3725076
3725080
3725124
3725128
3725188
3725192
3725200
3725248
3726358
3726362
3726420
3726482
3726544
3726612
3726616
3726660
3726664
3726724
3726728
3726736
3726784
3731860
3731864
3731876
3731880
3733028
3733032
3733060
3733064
3733124
3733128
3733152
3733184
3734548
3734552
3734660
3734672
3739807
3739831
3739835
3739837
3739838
3739863
3739867
3739869
3739870
3740055
3740062
3740071
3740075
3740077
3740078
3740086
3740092
3740124
3740345
3740380
3740569
3740572
3740585
3740600
3740620
3740628
3740632
3740759
3740763
3740765
3740766
3740787
3740823
3740827
3740830
3740857
3740883
3740889
3740890
3740892
3741011
3741020
3741027
3741042
3741097
3741112
3741144
3741235
3741241
3741267
3741276
3741297
3741337
3741340
3741361
3741368
3741400
3741459
3741465
3741468
3741481
3741496
3741507
3741516
3741521
3741522
3741524
3741528
3741537
3741552
3741577
3741580
3741585
3741588
3741592
3741601
3741608
3741616
3741640
3741648
3741727
3741751
3741757
3741758
3741783
3741787
3741789
3741790
3741811
3741839
3741847
3741851
3741854
3741863
3741867
3741869
3741870
3741875
3741877
3741878
3741895
3741899
3741901
3741902
3741907
3741909
3741910
3741916
3741975
3741982
3741991
3741997
3741998
3742006
3742012
3742035
3742044
3742051
3742066
3742087
3742091
3742094
3742099
3742102
3742115
3742117
3742122
3742124
3742130
3742132
3742156
3742164
3742291
3742300
3742321
3742377
3742385
3742412
3742420
3742492
3742531
3742540
3742545
3742546
3742548
3742552
3742561
3742576
3742601
3742604
3742609
3742612
3742616
3742625
3742632
3742640
3742664
3742672
3742743
3742747
3742750
3742771
3742777
3742791
3742795
3742797
3742798
3742803
3742805
3742806
3742809
3742810
3742812
3742819
3742833
3742834
3742855
3742859
3742862
3742867
3742870
3742889
3742897
3742915
3742921
3742922
3742924
3742929
3742930
3742932
3742936
3742995
3743011
3743017
3743026
3743032
3743043
3743052
3743057
3743058
3743060
3743064
3743073
3743088
3743137
3743144
3743152
3743176
3743184
3743251
3743257
3743260
3743267
3743273
3743282
3743288
3743299
3743308
3743313
3743314
3743316
3743320
3743329
3743344
3743369
3743372
3743377
3743380
3743384
3743393
3743400
3743408
3743432
3743440
3743512
3743568
3743624
3743632
3743903
3743927
3743933
3743934
3743959
3743963
3743965
3743966
3744151
3744158
3744167
3744173
3744174
3744182
3744188
3744230
3744441
3744665
3744678
3744681
3744696
3744710
3744740
3744855
3744859
3744861
3744862
3744883
3744919
3744923
3744926
3744953
3744979
3744985
3744986
3745107
3745123
3745126
3745138
3745177
3745190
3745193
3745208
3745250
3745337
3745363
3745393
3745433
3745457
3745464
3745561
3745574
3745577
3745592
3745603
3745606
3745617
3745618
3745633
3745634
3745636
3745648
3745670
3745673
3745681
3745697
3745698
3745700
3745704
3745712
3745730
3745760
3745823
3745847
3745853
3745854
3745879
3745883
3745885
3745886
3745907
3745935
3745943
3745947
3745950
3745959
3745963
3745965
3745966
3745971
3745973
3745974
3745991
3745995
3745997
3745998
3746003
3746005
3746006
3746022
3746071
3746078
3746087
3746093
3746094
3746102
3746108
3746131
3746147
3746150
3746162
3746183
3746187
3746190
3746198
3746211
3746213
3746214
3746218
3746220
3746228
3746246
3746274
3746276
3746387
3746417
3746470
3746473
3746481
3746502
3746532
3746598
3746627
3746630
3746641
3746642
3746657
3746658
3746660
3746672
3746694
3746697
3746705
3746721
3746722
3746724
3746728
3746736
3746754
3746784
3746839
3746843
3746846
3746867
3746873
3746887
3746891
3746893
3746894
3746899
3746901
3746902
3746905
3746906
3746915
3746918
3746929
3746930
3746951
3746955
3746958
3746963
3746966
3746982
3746985
3746993
3747011
3747014
3747017
3747018
3747025
3747026
3747042
3747091
3747097
3747110
3747113
3747128
3747139
3747142
3747153
3747154
3747169
3747170
3747172
3747184
3747206
3747209
3747217
3747233
3747234
3747236
3747240
3747248
3747266
3747296
3747347
3747353
3747363
3747366
3747369
3747378
3747384
3747395
3747398
3747409
3747410
3747425
3747426
3747428
3747440
3747462
3747465
3747473
3747489
3747490
3747492
3747496
3747504
3747522
3747552
3747618
3747650
3747680
3747744
3747991
3747998
3748022
3748028
3748054
3748058
3748060
3748246
3748262
3748268
3748536
3748760
3748776
3748947
3748950
3748954
3748956
3748978
3749014
3749018
3749048
3749074
3749080
3749202
3749218
3749288
3749432
3749458
3749488
3749528
3749552
3749656
3749672
3749698
3749712
3749728
3749768
3749776
3749792
3749911
3749918
3749942
3749948
3749971
3749974
3749978
3749980
3750002
3750023
3750027
3750030
3750038
3750054
3750058
3750060
3750068
3750086
3750090
3750092
3750098
3750100
3750166
3750182
3750188
3750226
3750242
3750278
3750308
3750482
3750512
3750568
3750576
3750722
3750736
3750752
3750792
3750800
3750816
3750934
3750938
3750968
3750979
3750982
3750986
3750988
3750993
3750994
3750996
3751000
3751010
3751024
3751046
3751050
3751058
3751080
3751088
3751106
3751112
3751120
3751208
3751234
3751248
3751264
3751328
3751442
3751448
3751464
3751490
3751504
3751520
3751560
3751568
3751584
3752095
3752119
3752123
3752125
3752126
3752151
3752155
3752157
3752158
3752343
3752347
3752350
3752359
3752363
3752365
3752366
3752374
3752378
3752380
3752412
3752422
3752668
3752860
3752870
3752902
3752908
3752916
3752920
3752932
3753047
3753051
3753053
3753054
3753075
3753111
3753115
3753118
3753171
3753177
3753178
3753180
3753299
3753308
3753315
3753318
3753330
3753372
3753382
3753432
3753442
3753523
3753555
3753564
3753585
3753628
3753688
3753747
3753756
3753763
3753766
3753778
3753795
3753798
3753804
3753809
3753810
3753812
3753816
3753825
3753826
3753828
3753840
3753862
3753868
3753876
3753890
3753892
3753922
3753924
3753928
3753936
3753952
3754015
3754039
3754043
3754045
3754046
3754071
3754075
3754077
3754078
3754099
3754127
3754135
3754139
3754142
3754151
3754155
3754157
3754158
3754163
3754165
3754166
3754183
3754187
3754189
3754190
3754195
3754197
3754198
3754204
3754214
3754263
3754267
3754270
3754279
3754283
3754285
3754286
3754291
3754294
3754298
3754300
3754323
3754332
3754339
3754342
3754354
3754375
3754379
3754382
3754387
3754390
3754403
3754405
3754406
3754410
3754412
3754418
3754420
3754438
3754444
3754452
3754466
3754468
3754547
3754579
3754588
3754609
3754662
3754694
3754700
3754708
3754724
3754771
3754780
3754787
3754790
3754802
3754819
3754822
3754828
3754833
3754834
3754836
3754840
3754849
3754850
3754852
3754864
3754886
3754892
3754900
3754914
3754916
3754946
3754948
3754952
3754960
3754976
3755031
3755035
3755038
3755059
3755079
3755083
3755085
3755086
3755091
3755093
3755094
3755097
3755098
3755100
3755107
3755110
3755121
3755122
3755143
3755147
3755150
3755155
3755158
3755174
3755203
3755206
3755209
3755210
3755212
3755217
3755218
3755220
3755224
3755234
3755283
3755292
3755299
3755302
3755314
3755331
3755334
3755340
3755345
3755346
3755348
3755352
3755361
3755362
3755364
3755376
3755398
3755404
3755412
3755426
3755428
3755458
3755460
3755464
3755472
3755488
3755539
3755548
3755555
3755558
3755570
3755587
3755590
3755596
3755601
3755602
3755604
3755608
3755617
3755618
3755620
3755632
3755654
3755660
3755668
3755682
3755684
3755714
3755716
3755720
3755728
3755744
3755810
3755842
3755844
3755856
3755872
3755908
3755968
3756183
3756187
3756190
3756213
3756214
3756217
3756218
3756245
3756246
3756249
3756250
3756252
3756438
3756442
3756453
3756454
3756457
3756458
3756468
3756472
3756500
3756504
3756756
3756760
3756948
3756952
3756996
3757000
3757139
3757141
3757142
3757145
3757146
3757148
3757169
3757170
3757206
3757210
3757265
3757266
3757268
3757272
3757393
3757394
3757396
3757400
3757409
3757410
3757424
3757460
3757520
3757617
3757618
3757649
3757650
3757652
3757656
3757680
3757716
3757720
3757776
3757841
3757842
3757844
3757848
3757857
3757858
3757872
3757889
3757890
3757892
3757896
3757904
3757920
3757956
3757960
3757968
3758016
3758103
3758107
3758110
3758131
3758133
3758134
3758137
3758138
3758163
3758165
3758166
3758169
3758170
3758172
3758193
3758194
3758215
3758219
3758222
3758227
3758230
3758234
3758245
3758246
3758249
3758250
3758257
3758258
3758277
3758278
3758281
3758282
3758284
3758289
3758290
3758292
3758296
3758355
3758358
3758362
3758371
3758373
3758374
3758377
3758378
3758385
3758386
3758388
3758392
3758417
3758418
3758420
3758424
3758433
3758434
3758448
3758470
3758474
3758482
3758497
3758498
3758500
3758504
3758512
3758532
3758536
3758544
3758641
3758642
3758673
3758674
3758676
3758680
3758704
3758788
3758792
3758800
3758865
3758866
3758868
3758872
3758881
3758882
3758896
3758913
3758914
3758916
3758920
3758928
3758944
3758980
3758984
3758992
3759040
3759123
3759126
3759130
3759153
3759154
3759171
3759173
3759174
3759177
3759178
3759180
3759185
3759186
3759188
3759192
3759201
3759202
3759238
3759242
3759250
3759297
3759298
3759300
3759304
3759312
3759377
3759378
3759380
3759393
3759394
3759408
3759425
3759426
3759428
3759432
3759440
3759456
3759552
3759633
3759634
3759636
3759640
3759649
3759650
3759664
3759681
3759682
3759684
3759688
3759696
3759712
3759748
3759752
3759760
3759808
3759888
3759936
3760279
3760283
3760285
3760286
3760309
3760313
3760316
3760341
3760345
3760348
3760533
3760537
3760540
3760549
3760550
3760553
3760556
3760564
3760568
3760612
3761060
3761092
3761235
3761237
3761241
3761244
3761265
3761301
3761305
3761308
3761361
3761368
3761489
3761505
3761506
3761508
3761520
3761572
3761632
3761713
3761745
3761937
3761953
3761954
3761956
3761968
3761985
3761986
3761988
3762000
3762016
3762052
3762080
3762112
3762199
3762203
3762205
3762206
3762227
3762229
3762233
3762236
3762259
3762261
3762265
3762268
3762289
3762311
3762315
3762317
3762318
3762323
3762325
3762326
3762329
3762332
3762341
3762342
3762345
3762348
3762353
3762356
3762373
3762374
3762377
3762380
3762385
3762388
3762404
3762451
3762453
3762457
3762460
3762467
3762469
3762470
3762473
3762476
3762481
3762482
3762484
3762488
3762513
3762529
3762530
3762532
3762544
3762565
3762566
3762569
3762572
3762577
3762580
3762593
3762594
3762596
3762600
3762608
3762628
3762656
3762737
3762769
3762852
3762884
3762961
3762977
3762978
3762980
3762992
3763009
3763010
3763012
3763024
3763040
3763076
3763104
3763136
3763219
3763221
3763225
3763228
3763249
3763267
3763269
3763270
3763273
3763276
3763281
3763282
3763284
3763288
3763297
3763298
3763300
3763312
3763333
3763334
3763337
3763340
3763345
3763348
3763364
3763393
3763394
3763396
3763400
3763408
3763424
3763473
3763489
3763490
3763492
3763504
3763521
3763522
3763524
3763536
3763552
3763588
3763616
3763648
3763729
3763745
3763746
3763748
3763760
3763777
3763778
3763780
3763792
3763808
3763844
3763872
3763904
3764000
3764032
3764373
3764374
3764377
3764378
3764380
3764404
3764408
3764436
3764440
3764628
3764632
3764644
3764648
3765329
3765330
3765332
3765336
3765360
3765396
3765400
3765456
3765584
3765600
3765808
3765840
3766032
3766048
3766080
3766291
3766293
3766294
3766297
3766298
3766300
3766321
3766322
3766324
3766328
3766353
3766354
3766356
3766360
3766384
3766405
3766406
3766409
3766410
3766412
3766417
3766418
3766420
3766424
3766436
3766440
3766448
3766468
3766472
3766480
3766545
3766546
3766548
3766552
3766561
3766562
3766564
3766568
3766576
3766608
3766624
3766660
3766664
3766672
3766688
3766832
3766864
3767056
3767072
3767104
3767313
3767314
3767316
3767320
3767344
3767361
3767362
3767364
3767368
3767376
3767392
3767428
3767432
3767440
3767488
3767568
3767584
3767616
3767824
3767840
3767872
3772567
3772571
3772574
3772601
3772636
3772841
3772856
3773336
3773532
3773656
3774104
3774232
3774344
3774352
3774487
3774491
3774494
3774521
3774556
3774599
3774603
3774606
3774611
3774614
3774633
3774641
3774668
3774676
3774761
3774776
3774881
3774888
3774896
3775256
3775368
3775376
3775564
3775572
3775576
3775688
3775696
3776024
3776136
3776144
3776663
3776667
3776670
3776697
3776934
3776937
3776952
3778464
3778583
3778587
3778590
3778617
3778695
3778699
3778702
3778707
3778710
3778726
3778729
3778737
3778758
3778854
3778857
3778872
3778950
3778977
3778978
3778980
3778984
3778992
3779488
3779654
3779718
3779778
3780000
3780256
3780758
3780762
3780792
3781032
3782678
3782682
3782712
3782790
3782794
3782802
3782824
3782832
3782952
3783072
3784855
3784859
3784862
3784924
3785126
3785668
3785820
3785944
3786564
3786628
3786688
3786775
3786779
3786782
3786844
3786887
3786891
3786894
3786899
3786902
3786918
3786950
3786956
3786964
3787046
3787142
3787170
3787172
3787204
3787460
3787588
3787652
3787712
3787846
3787852
3787860
3787864
3787910
3787970
3787972
3787976
3787984
3788100
3788224
3788356
3788420
3788480
3788950
3788954
3789012
3789016
3789908
3789912
3790032
3790870
3790874
3790932
3790936
3790982
3790986
3790994
3791044
3791048
3791056
3791940
3791944
3792064
3793045
3793049
3793052
3793316
3794965
3794969
3794972
3795077
3795078
3795081
3795084
3795089
3795092
3795108
3795140
3795236
3795332
3795360
3796036
3796100
3796160
3797140
3797144
3799060
3799064
3799172
3799176
3799184
3805359
3805367
3805373
3805374
3805415
3805419
3805421
3805422
3805591
3805597
3805598
3805607
3805613
3805614
3805622
3805628
3805660
3805863
3805867
3805869
3805870
3805881
3805895
3805899
3805901
3805902
3805916
3805925
3805929
3805932
3806108
3806121
3806156
3806164
3806168
3806311
3806315
3806317
3806318
3806323
3806375
3806379
3806381
3806382
3806393
3806435
3806441
3806442
3806547
3806556
3806563
3806578
3806617
3806620
3806633
3806648
3806680
3806759
3806763
3806765
3806766
3806777
3806791
3806795
3806797
3806798
3806803
3806812
3806819
3806821
3806825
3806828
3806833
3806855
3806859
3806861
3806862
3806873
3806876
3806883
3806885
3806889
3806890
3806892
3806897
3806904
3806915
3806921
3806922
3806924
3806936
3806945
3806952
3807001
3807004
3807043
3807052
3807057
3807058
3807060
3807064
3807073
3807088
3807113
3807116
3807121
3807124
3807128
3807137
3807144
3807152
3807176
3807184
3807287
3807293
3807294
3807347
3807399
3807405
3807406
3807413
3807414
3807511
3807517
3807518
3807527
3807533
3807534
3807542
3807548
3807571
3807580
3807587
3807602
3807623
3807629
3807630
3807637
3807638
3807644
3807653
3807660
3807668
3807692
3807700
3807827
3807836
3807857
3807913
3807921
3807948
3807956
3808028
3808067
3808076
3808081
3808082
3808084
3808088
3808097
3808112
3808137
3808140
3808145
3808148
3808152
3808161
3808168
3808176
3808200
3808208
3808313
3808355
3808369
3808370
3808425
3808433
3808537
3808540
3808553
3808568
3808579
3808588
3808593
3808594
3808596
3808600
3808609
3808624
3808649
3808652
3808657
3808660
3808664
3808673
3808680
3808688
3808712
3808720
3808793
3808796
3808809
3808824
3808835
3808844
3808849
3808850
3808852
3808856
3808865
3808880
3808905
3808908
3808913
3808916
3808920
3808929
3808936
3808944
3808968
3808976
3809048
3809104
3809160
3809168
3809455
3809463
3809469
3809470
3809687
3809693
3809694
3809703
3809709
3809710
3809718
3809724
3810411
3810413
3810414
3810419
3810475
3810477
3810478
3810489
3810537
3810538
3810643
3810674
3810713
3810726
3810729
3810744
3810786
3810859
3810861
3810862
3810891
3810893
3810894
3810899
3810921
3810924
3810929
3810955
3810957
3810958
3810969
3810985
3810986
3810988
3810993
3811000
3811017
3811018
3811048
3811153
3811154
3811184
3811206
3811209
3811217
3811233
3811234
3811236
3811240
3811248
3812409
3812465
3812518
3812529
3812633
3812646
3812678
3812689
3812690
3812708
3812720
3812742
3812745
3812753
3812769
3812770
3812772
3812776
3812784
3812802
3812832
3813280
3813543
3813549
3813550
3813558
3813564
3813606
3813610
3813612
3813782
3813788
3813798
3813804
3814054
3814058
3814060
3814086
3814090
3814092
3814116
3814120
3814499
3814502
3814506
3814508
3814514
3814566
3814569
3814570
3814572
3814584
3814626
3814632
3814738
3814754
3814808
3814824
3814950
3814954
3814956
3814979
3814982
3814986
3814988
3814994
3815009
3815010
3815012
3815016
3815024
3815046
3815049
3815050
3815052
3815064
3815073
3815074
3815076
3815080
3815088
3815106
3815112
3815136
3815234
3815248
3815264
3815304
3815312
3815328
3815478
3815484
3815538
3815590
3815596
3815604
3815702
3815708
3815718
3815724
3815762
3815778
3815814
3815820
3815828
3815844
3816018
3816048
3816104
3816258
3816272
3816288
3816546
3816560
3816616
3816624
3816770
3816784
3816800
3816840
3816848
3816864
3816984
3817026
3817040
3817056
3817096
3817104
3817120
3821735
3821741
3821749
3821750
3821753
3821754
3821973
3821974
3821977
3821978
3821980
3821989
3821990
3821993
3821994
3822004
3822008
3822036
3822040
3822484
3822488
3822691
3822693
3822694
3822697
3822698
3822705
3822706
3822757
3822758
3822761
3822762
3822817
3822818
3822929
3822930
3822932
3822936
3822945
3822946
3822960
3822996
3823000
3823056
3823139
3823141
3823142
3823145
3823146
3823153
3823154
3823171
3823173
3823174
3823177
3823178
3823180
3823185
3823186
3823188
3823192
3823201
3823202
3823204
3823208
3823216
3823237
3823238
3823241
3823242
3823244
3823252
3823256
3823265
3823266
3823268
3823272
3823297
3823298
3823300
3823304
3823312
3823328
3823377
3823378
3823380
3823384
3823393
3823394
3823408
3823425
3823426
3823428
3823432
3823440
3823456
3823492
3823496
3823504
3823552
3824689
3824690
3824913
3824914
3824916
3824920
3824929
3824930
3824944
3824961
3824962
3824964
3824968
3824976
3824992
3825028
3825032
3825040
3825088
3825424
3829925
3829926
3829932
3829940
3829944
3830164
3830168
3830180
3830184
3830881
3830882
3830884
3830888
3830896
3830948
3830952
3831008
3831120
3831136
3831329
3831330
3831332
3831336
3831344
3831361
3831362
3831364
3831368
3831376
3831392
3831428
3831432
3831456
3831488
3831568
3831584
3831616
3832880
3833104
3833120
3833152
3838119
3838123
3838125
3838126
3838137
3838361
3838364
3838377
3838392
3838633
3838668
3838872
3839145
3839384
3839529
3839564
3839625
3839628
3839640
3839649
3839656
3839688
3839768
3839880
3839888
3840057
3840169
3840177
3840281
3840284
3840297
3840312
3840393
3840396
3840401
3840404
3840408
3840417
3840424
3840432
3840792
3840904
3840912
3841304
3841416
3841424
3841560
3841672
3841680
3842215
3842221
3842233
3842457
3842470
3842473
3842488
3843174
3843238
3843241
3843298
3843622
3843625
3843654
3843684
3843718
3843721
3843745
3843746
3843748
3843752
3843778
3843808
3844000
3845536
3846310
3846313
3846314
3846316
3846328
3846552
3846568
3846824
3847336
3847720
3847816
3847840
3848248
3848360
3848368
3848472
3848488
3848584
3848592
3848608
3854501
3854502
3854740
3854744
3855940
3855944
3856004
3856008
3856064
3862692
3871132
3872152
3872408
3872592
3872648
3872656
3873052
3873164
3873172
3873616
3874128
3874184
3874192
3874384
3874440
3874448
3875238
3876194
3876674
3876704
3876768
3877030
3877158
3877218
3877254
3877284
3877698
3877728
3877986
3878210
3878240
3878304
3878466
3878496
3878560
3883420
3883430
3883972
3884386
3884834
3884866
3884868
3884880
3884896
3884932
3884992
3885107
3885222
3885331
3885340
3885347
3885350
3885362
3885410
3885446
3885452
3885460
3885474
3885476
3885508
3885764
3885858
3885890
3885892
3885904
3885920
3885956
3886016
3886178
3886370
3886402
3886404
3886416
3886432
3886468
3886528
3886626
3886658
3886660
3886672
3886688
3886724
3886784
3886912
3887508
3887512
3888464
3888720
3888912
3888960
3889201
3889202
3889425
3889426
3889428
3889432
3889441
3889442
3889456
3889488
3889540
3889544
3889552
3889744
3889936
3889984
3890448
3890496
3890704
3890752
3891620
3892576
3893024
3893056
3893297
3893412
3893521
3893537
3893538
3893540
3893552
3893600
3893636
3893664
3894048
3894080
3894368
3894560
3894592
3894816
3894848
3897392
3897616
3897632
3903896
3905816
3905928
3905936
3910048
3918212
4002012
4002712
4002899
4002908
4002969
4002972
4003032
4003224
4003377
4003480
4003601
4003608
4003617
4003632
4003664
4003720
4003728
4003923
4003932
4004044
4004052
4004401
4004625
4004632
4004641
4004656
4004688
4004744
4004752
4004883
4004889
4004892
4004913
4004931
4004940
4004945
4004946
4004948
4004952
4005001
4005004
4005009
4005012
4005016
4005064
4005072
4005137
4005144
4005153
4005168
4005200
4005256
4005264
4005393
4005400
4005409
4005424
4005456
4005512
4005520
4005648
4006995
4007065
4007266
4007473
4007697
4007713
4007714
4007728
4007746
4007776
4007840
4008979
4008985
4009009
4009041
4009094
4009105
4009233
4009249
4009250
4009264
4009282
4009312
4009376
4009760
4011090
4011160
4011568
4011792
4011808
4012114
4012592
4012816
4012832
4013073
4013074
4013080
4013104
4013122
4013136
4013192
4013200
4013328
4013344
4013584
4013600
4018388
4019281
4019282
4019284
4019288
4019348
4019352
4019408
4019536
4019792
4019984
4020032
4021265
4021266
4021268
4021272
4021328
4021380
4021392
4021520
4021568
4027472
4029456
4035736
4037656
4037768
4037776
4134672
4135696
4136208
4136464
4138784
4140320
5264731
5264762
5264764
5264807
5264811
5264822
5264826
5264828
5264882
5265179
5265181
5265182
5265210
5265212
5265241
5265242
5265244
5265272
5265287
5265291
5265293
5265294
5265299
5265301
5265302
5265308
5265315
5265317
5265322
5265324
5265330
5265332
5265347
5265353
5265354
5265356
5265361
5265362
5265364
5265368
5265377
5265384
5265392
5265975
5265981
5265982
5266007
5266035
5266037
5266041
5266044
5266087
5266099
5266101
5266102
5266161
5266199
5266205
5266206
5266215
5266221
5266222
5266230
5266236
5266247
5266251
5266253
5266254
5266259
5266261
5266262
5266265
5266266
5266268
5266275
5266277
5266281
5266284
5266289
5266290
5266292
5266296
5266311
5266315
5266317
5266318
5266323
5266325
5266326
5266332
5266339
5266341
5266346
5266348
5266354
5266356
5266371
5266377
5266378
5266380
5266385
5266386
5266388
5266392
5266401
5266408
5266416
5267219
5267228
5267235
5267250
5267281
5267282
5267297
5267312
5268887
5268891
5268918
5268922
5268924
5268978
5268984
5269395
5269397
5269426
5269428
5269488
5270077
5270137
5270140
5270195
5270197
5270198
5270257
5270301
5270302
5270317
5270318
5270332
5270347
5270349
5270350
5270361
5270362
5270377
5270380
5270392
5270411
5270413
5270414
5270419
5270421
5270422
5270442
5270444
5270450
5270452
5270473
5270474
5270481
5270482
5270504
5270512
5270811
5270813
5270814
5270827
5270829
5270830
5270842
5270844
5270873
5270874
5270889
5270904
5270931
5270933
5270962
5270964
5271024
5273042
5273058
5273064
5273370
5273372
5273432
5273478
5273482
5273484
5273490
5273492
5273506
5273508
5273538
5273544
5273552
5273568
5274225
5274228
5274290
5274292
5274322
5274352
5274390
5274396
5274406
5274412
5274435
5274438
5274442
5274444
5274449
5274450
5274452
5274456
5274465
5274466
5274468
5274472
5274480
5274502
5274506
5274508
5274514
5274516
5274530
5274532
5274562
5274568
5274576
5274592
5274899
5274902
5274906
5274908
5274915
5274918
5274922
5274924
5274930
5274947
5274950
5274954
5274956
5274961
5274962
5274964
5274968
5274977
5274978
5274980
5274984
5274992
5275014
5275018
5275020
5275026
5275028
5275042
5275044
5275074
5275080
5275088
5275104
5275155
5275158
5275162
5275164
5275171
5275174
5275178
5275180
5275186
5275203
5275206
5275210
5275212
5275217
5275218
5275220
5275224
5275233
5275234
5275236
5275240
5275248
5275270
5275274
5275276
5275282
5275284
5275298
5275300
5275330
5275336
5275344
5275360
5275410
5275426
5275458
5275472
5275488
5306130
5306136
5306146
5306152
5306192
5306208
5306256
5307154
5307160
5307202
5307208
5307216
5307232
5329463
5329469
5329470
5329495
5329499
5329501
5329502
5329523
5329525
5329529
5329532
5329628
5329687
5329693
5329694
5329703
5329709
5329710
5329718
5329724
5329735
5329739
5329741
5329742
5329747
5329749
5329750
5329753
5329754
5329756
5329763
5329765
5329769
5329772
5329777
5329778
5329780
5329784
5329820
5329868
5329876
5329880
5330007
5330011
5330014
5330035
5330131
5330138
5330259
5330275
5330290
5330483
5330515
5330524
5330545
5330588
5330648
5330707
5330716
5330723
5330738
5330755
5330764
5330769
5330770
5330772
5330776
5330785
5330800
5330828
5330836
5330888
5330896
5331239
5331245
5331246
5331254
5331260
5331283
5331299
5331314
5331363
5331365
5331370
5331372
5331378
5331380
5331539
5331548
5331569
5331660
5331668
5331740
5331779
5331788
5331793
5331794
5331796
5331800
5331809
5331824
5331852
5331860
5331912
5331920
5332019
5332039
5332043
5332046
5332051
5332054
5332058
5332067
5332081
5332082
5332163
5332170
5332178
5332259
5332274
5332291
5332306
5332321
5332336
5332499
5332508
5332515
5332530
5332547
5332556
5332561
5332562
5332564
5332568
5332577
5332592
5332620
5332628
5332680
5332688
5332816
5333565
5333566
5333595
5333597
5333598
5333625
5333628
5333789
5333790
5333805
5333806
5333820
5333835
5333837
5333838
5333849
5333850
5333865
5333868
5333880
5333926
5333958
5333988
5334107
5334109
5334110
5334167
5334171
5334173
5334174
5334227
5334233
5334234
5334438
5334498
5334918
5334946
5334948
5334978
5335008
5335319
5335325
5335326
5335341
5335342
5335350
5335356
5335379
5335410
5335431
5335435
5335437
5335438
5335443
5335445
5335446
5335459
5335461
5335462
5335466
5335468
5335474
5335476
5335494
5335522
5335524
5335635
5335665
5335718
5335750
5335780
5335889
5335890
5335920
5335942
5335970
5335972
5336002
5336032
5336087
5336091
5336093
5336094
5336115
5336139
5336141
5336142
5336147
5336149
5336150
5336153
5336154
5336177
5336178
5336199
5336203
5336205
5336206
5336211
5336213
5336214
5336230
5336259
5336262
5336265
5336266
5336273
5336274
5336290
5336339
5336370
5336401
5336402
5336432
5336454
5336482
5336484
5336514
5336544
5336595
5336626
5336657
5336658
5336688
5336710
5336738
5336740
5336770
5336800
5337654
5337660
5337683
5337686
5337690
5337692
5337713
5337714
5337716
5337720
5337878
5337884
5337894
5337900
5337923
5337926
5337930
5337932
5337937
5337938
5337940
5337944
5337956
5337960
5337968
5338195
5338198
5338202
5338204
5338226
5338262
5338266
5338268
5338322
5338328
5338450
5338466
5338674
5338706
5338736
5338898
5338914
5338946
5338960
5338976
5339414
5339420
5339430
5339436
5339474
5339490
5339526
5339530
5339532
5339538
5339540
5339554
5339556
5339730
5339760
5339970
5339984
5340000
5340179
5340182
5340186
5340188
5340210
5340227
5340230
5340234
5340236
5340241
5340242
5340244
5340248
5340258
5340272
5340294
5340298
5340306
5340308
5340354
5340360
5340368
5340434
5340450
5340482
5340496
5340512
5340690
5340706
5340738
5340752
5340768
5345847
5345854
5345879
5345883
5345886
5345909
5345913
5345916
5346071
5346078
5346087
5346094
5346102
5346119
5346123
5346126
5346134
5346138
5346149
5346153
5346156
5346164
5346168
5349943
5349949
5349950
5349975
5349979
5349981
5349982
5350005
5350009
5350012
5350073
5350167
5350173
5350174
5350183
5350189
5350190
5350198
5350204
5350215
5350219
5350221
5350222
5350229
5350230
5350233
5350234
5350245
5350246
5350249
5350252
5350260
5350264
5350297
5350310
5350313
5350328
5350342
5350372
5350487
5350491
5350493
5350494
5350611
5350617
5350618
5350758
5350822
5350882
5350969
5351065
5351089
5351096
5351193
5351206
5351209
5351224
5351238
5351268
5351302
5351305
5351313
5351329
5351330
5351332
5351336
5351344
5351362
5351392
5351719
5351726
5351734
5351782
5351843
5351846
5351850
5351858
5351878
5351906
5351908
5352102
5352105
5352113
5352134
5352164
5352230
5352262
5352292
5352326
5352329
5352337
5352353
5352354
5352356
5352360
5352368
5352386
5352416
5352519
5352523
5352525
5352526
5352533
5352534
5352537
5352538
5352550
5352614
5352643
5352646
5352649
5352650
5352657
5352658
5352674
5352742
5352774
5352804
5352866
5352898
5352928
5352985
5352998
5353001
5353016
5353030
5353060
5353094
5353097
5353105
5353121
5353122
5353124
5353128
5353136
5353154
5353184
5353376
5354038
5354044
5354070
5354074
5354076
5354100
5354104
5354168
5354262
5354268
5354278
5354284
5354310
5354314
5354316
5354324
5354328
5354340
5354344
5354392
5354408
5354582
5354586
5354588
5354706
5354712
5355064
5355160
5355184
5355288
5355304
5355400
5355408
5355424
5355814
5355938
5356200
5356208
5356424
5356432
5356448
5356614
5356618
5356620
5356628
5356632
5356738
5356744
5356752
5357080
5357096
5357192
5357200
5357216
5362227
5362233
5362234
5362259
5362265
5362266
5362268
5362289
5362296
5362392
5362451
5362457
5362458
5362460
5362467
5362473
5362474
5362482
5362488
5362499
5362505
5362506
5362508
5362513
5362514
5362516
5362520
5362529
5362536
5362544
5362584
5362632
5362640
5362771
5362778
5363288
5363352
5363480
5363528
5363536
5363592
5363600
5364003
5364009
5364010
5364018
5364024
5364129
5364136
5364144
5364312
5364424
5364432
5364504
5364552
5364560
5364616
5364624
5364803
5364810
5364818
5365272
5365320
5365328
5365384
5365392
5366323
5366329
5366330
5366355
5366361
5366362
5366385
5366392
5366547
5366553
5366554
5366563
5366566
5366569
5366570
5366578
5366584
5366595
5366598
5366601
5366602
5366609
5366610
5366625
5366626
5366628
5366632
5366640
5366690
5366722
5366752
5366867
5366873
5366874
5366931
5366937
5366938
5367138
5367202
5367586
5367618
5367648
5367682
5367712
5368083
5368090
5368099
5368102
5368105
5368106
5368114
5368120
5368162
5368195
5368198
5368202
5368210
5368225
5368226
5368228
5368232
5368240
5368258
5368288
5368482
5368514
5368544
5368610
5368642
5368672
5368706
5368736
5368851
5368857
5368858
5368899
5368902
5368905
5368906
5368913
5368914
5368930
5368963
5368966
5368970
5368977
5368978
5368994
5369026
5369122
5369154
5369184
5369218
5369248
5369378
5369410
5369440
5369474
5369504
5370418
5370424
5370450
5370456
5370480
5370642
5370648
5370658
5370664
5370690
5370696
5370704
5370720
5370962
5370968
5371026
5372178
5372194
5372200
5372290
5372320
5372946
5372994
5373000
5373008
5373058
5460247
5460253
5460254
5460263
5460269
5460270
5460278
5460284
5460307
5460316
5460338
5460380
5460563
5460572
5460593
5460764
5460812
5460817
5460818
5460820
5460824
5460848
5461840
5462300
5462412
5462420
5462864
5463376
5463632
5464349
5464350
5464365
5464366
5464380
5464486
5466278
5466502
5466530
5466532
5468438
5468444
5468460
5468498
5468754
5468784
5469008
5493011
5493017
5493018
5493020
5493027
5493033
5493034
5493042
5493048
5493080
5493144
5493336
5493528
5493576
5493584
5495064
5495176
5495184
5501202
5501208
5591127
5591131
5591155
5591379
5591388
5591410
5591603
5591635
5591644
5591665
5591827
5591836
5591858
5591884
5591889
5591890
5591892
5591896
5591920
5592912
5593936
5595227
5595229
5595230
5597267
5597382
5598227
5598289
5598290
5598342
5598402
5599315
5599318
5599322
5599324
5599346
5599570
5599794
5599826
5599856
5600018
5600080
5600338
5601362
5602322
5602370
5602384
5611607
5611611
5611878
5612089
5612313
5612326
5612329
5612344
5612358
5612388
5613472
5614496
5615702
5615706
5615708
5616184
5616408
5616424
5616792
5618712
5618824
5618832
5632082
5656924
5657180
5657292
5657372
5657432
5658252
5658312
5659472
5659984
5660240
5673308
5673515
5673517
5673518
5673529
5673564
5673577
5673753
5673756
5673769
5673784
5673804
5673812
5673816
5673880
5674392
5674776
5674896
5675800
5675912
5675920
5676312
5681705
5681706
5681708
5681720
5681738
5681740
5681768
5681832
5681944
5681960
5682344
5682728
5682824
5682848
5698088
5722960
5739288
7345947
7345949
7345950
7345977
7345978
7345980
7346009
7346010
7346012
7346040
7346055
7346059
7346061
7346067
7346069
7346070
7346073
7346076
7346083
7346085
7346089
7346090
7346092
7346097
7346098
7346100
7346104
7346115
7346121
7346122
7346124
7346129
7346130
7346132
7346136
7346145
7346152
7346160
7347015
7347021
7347027
7347029
7347030
7347033
7347034
7347036
7347043
7347045
7347049
7347052
7347057
7347058
7347060
7347064
7347079
7347083
7347085
7347086
7347091
7347093
7347094
7347097
7347100
7347107
7347109
7347113
7347114
7347116
7347121
7347122
7347124
7347128
7347139
7347145
7347146
7347148
7347153
7347154
7347156
7347160
7347169
7347176
7347184
7347495
7347499
7347502
7347507
7347510
7347513
7347514
7347516
7347527
7347531
7347539
7347541
7347542
7347545
7347546
7347548
7347555
7347557
7347561
7347564
7347569
7347570
7347572
7347576
7347619
7347621
7347625
7347626
7347628
7347633
7347634
7347636
7347640
7347651
7347657
7347658
7347660
7347665
7347666
7347668
7347672
7347681
7347688
7347696
7347735
7347739
7347763
7347766
7347769
7347770
7347772
7347783
7347787
7347789
7347795
7347797
7347798
7347801
7347802
7347804
7347811
7347813
7347817
7347820
7347825
7347826
7347828
7347832
7347847
7347851
7347853
7347859
7347861
7347862
7347865
7347868
7347875
7347877
7347881
7347882
7347884
7347889
7347890
7347892
7347896
7347907
7347913
7347921
7347922
7347924
7347928
7347937
7347944
7347952
7347987
7347993
7347996
7348003
7348009
7348017
7348018
7348024
7348035
7348044
7348049
7348050
7348052
7348056
7348065
7348080
7348105
7348108
7348113
7348116
7348120
7348129
7348136
7348144
7348168
7348176
7350169
7350200
7351129
7351130
7351160
7351187
7351189
7351190
7351193
7351209
7351210
7351212
7351217
7351218
7351220
7351224
7351241
7351242
7351249
7351250
7351272
7351280
7351579
7351582
7351609
7351610
7351612
7351641
7351642
7351672
7351691
7351699
7351702
7351721
7351722
7351724
7351729
7351730
7351732
7351736
7351753
7351754
7351761
7351762
7351784
7351792
7351865
7351866
7351868
7351897
7351898
7351928
7351947
7351955
7351957
7351958
7351961
7351977
7351978
7351980
7351985
7351986
7351988
7351992
7352009
7352017
7352018
7352040
7352048
7352089
7352120
7352201
7352209
7352232
7352240
7354168
7354200
7354257
7354258
7354260
7354264
7354273
7354274
7354276
7354280
7354288
7354306
7354312
7354320
7354336
7355217
7355218
7355220
7355224
7355233
7355236
7355248
7355281
7355282
7355284
7355288
7355297
7355298
7355300
7355304
7355312
7355330
7355336
7355344
7355360
7355697
7355698
7355729
7355730
7355732
7355736
7355745
7355746
7355748
7355752
7355760
7355794
7355809
7355810
7355812
7355816
7355824
7355842
7355856
7355872
7355953
7355954
7355960
7355985
7355986
7355988
7355992
7356016
7356049
7356050
7356065
7356066
7356068
7356072
7356080
7356098
7356104
7356112
7356128
7356177
7356178
7356184
7356193
7356194
7356200
7356208
7356226
7356240
7356256
7356296
7356304
7356320
7362392
7362449
7362450
7362452
7362456
7362465
7362466
7362472
7362480
7362512
7362528
7363380
7363409
7363412
7363440
7363489
7363490
7363492
7363496
7363504
7363521
7363522
7363524
7363528
7363536
7363552
7363921
7363922
7363937
7363938
7363940
7363944
7363952
7363986
7364001
7364002
7364004
7364016
7364048
7364064
7364145
7364146
7364148
7364152
7364177
7364178
7364208
7364272
7364289
7364304
7364320
7364369
7364370
7364372
7364376
7364385
7364386
7364400
7364417
7364418
7364420
7364424
7364432
7364448
7364484
7364488
7364496
7364544
7367600
7367624
7367632
7368081
7368112
7370640
7371712
7372128
7372336
7372560
7372576
7372608
7378833
7378840
7378864
7379905
7379908
7379920
7379936
7380321
7380336
7380753
7380756
7380760
7380769
7380784
7380816
7380880
7388944
7388960
7389056
7410263
7410267
7410269
7410270
7410291
7410293
7410297
7410300
7410361
7410396
7410507
7410509
7410510
7410515
7410517
7410518
7410521
7410522
7410524
7410537
7410540
7410545
7410546
7410548
7410552
7410585
7410588
7410601
7410616
7410636
7410644
7410648
7410775
7410779
7410781
7410782
7410803
7410873
7410899
7410905
7410906
7410908
7411027
7411036
7411058
7411113
7411128
7411160
7411251
7411257
7411283
7411292
7411313
7411353
7411356
7411377
7411384
7411416
7411475
7411481
7411484
7411497
7411505
7411506
7411512
7411532
7411537
7411538
7411540
7411544
7411568
7411593
7411596
7411601
7411604
7411608
7411617
7411624
7411632
7411656
7411664
7412051
7412060
7412067
7412082
7412131
7412133
7412137
7412138
7412140
7412145
7412146
7412148
7412152
7412172
7412180
7412307
7412316
7412337
7412393
7412401
7412428
7412436
7412547
7412556
7412561
7412562
7412564
7412568
7412577
7412592
7412617
7412620
7412625
7412628
7412632
7412641
7412648
7412656
7412680
7412688
7412787
7412793
7412807
7412811
7412813
7412814
7412819
7412821
7412822
7412825
7412826
7412828
7412835
7412849
7412850
7412905
7412913
7412931
7412937
7412938
7412940
7412945
7412946
7412948
7412952
7413027
7413033
7413041
7413042
7413048
7413059
7413068
7413073
7413074
7413076
7413080
7413089
7413104
7413153
7413160
7413168
7413192
7413200
7413267
7413273
7413276
7413283
7413289
7413297
7413298
7413304
7413315
7413324
7413329
7413330
7413332
7413336
7413345
7413360
7413385
7413388
7413393
7413396
7413400
7413409
7413416
7413424
7413448
7413456
7413521
7413528
7413537
7413552
7413584
7413640
7413648
7414363
7414365
7414366
7414393
7414396
7414457
7414603
7414605
7414606
7414617
7414618
7414633
7414636
7414648
7414681
7414694
7414697
7414712
7414726
7414756
7414875
7414877
7414878
7414935
7414939
7414942
7414969
7414995
7415001
7415002
7415206
7415209
7415224
7415266
7415353
7415449
7415473
7415480
7415577
7415593
7415608
7415686
7415689
7415697
7415713
7415714
7415716
7415720
7415728
7415746
7415776
7416147
7416178
7416199
7416203
7416206
7416211
7416214
7416227
7416229
7416230
7416233
7416234
7416236
7416241
7416242
7416244
7416248
7416262
7416290
7416292
7416403
7416433
7416486
7416489
7416497
7416518
7416548
7416657
7416658
7416688
7416710
7416713
7416721
7416737
7416738
7416740
7416744
7416752
7416770
7416800
7416855
7416859
7416862
7416883
7416889
7416907
7416909
7416910
7416915
7416917
7416918
7416921
7416922
7416945
7416946
7416967
7416971
7416974
7416979
7416982
7416998
7417001
7417009
7417027
7417030
7417033
7417034
7417041
7417042
7417058
7417107
7417129
7417137
7417138
7417144
7417169
7417170
7417200
7417222
7417249
7417250
7417252
7417256
7417264
7417282
7417312
7417363
7417369
7417385
7417393
7417394
7417400
7417425
7417426
7417456
7417478
7417481
7417489
7417505
7417506
7417508
7417512
7417520
7417538
7417568
7417617
7417648
7417760
7418451
7418454
7418458
7418460
7418484
7418488
7418552
7418698
7418700
7418705
7418706
7418708
7418712
7418728
7418736
7418776
7418792
7418963
7418966
7418970
7418972
7418994
7419030
7419034
7419064
7419090
7419096
7419218
7419304
7419441
7419442
7419448
7419474
7419504
7419544
7419568
7419665
7419666
7419672
7419688
7419696
7419728
7419784
7419792
7419808
7420242
7420258
7420294
7420298
7420306
7420321
7420322
7420324
7420328
7420336
7420498
7420528
7420584
7420592
7420738
7420752
7420768
7420808
7420816
7420832
7420947
7420950
7420954
7420977
7420978
7420984
7420995
7420998
7421002
7421004
7421009
7421010
7421012
7421016
7421026
7421040
7421062
7421066
7421074
7421096
7421104
7421122
7421128
7421136
7421202
7421217
7421218
7421224
7421232
7421250
7421264
7421280
7421344
7421457
7421458
7421464
7421473
7421474
7421480
7421488
7421506
7421520
7421536
7421576
7421584
7421600
7421712
7421728
7422525
7422526
7422555
7422557
7422558
7422585
7422588
7422684
7422749
7422750
7422765
7422766
7422780
7422795
7422797
7422798
7422809
7422810
7422812
7422825
7422828
7422840
7422876
7422886
7422918
7422924
7422932
7422936
7422948
7423067
7423069
7423070
7423127
7423131
7423134
7423187
7423193
7423194
7423196
7423324
7423398
7423448
7423458
7423580
7423644
7423704
7423772
7423820
7423832
7423878
7423884
7423892
7423906
7423908
7423938
7423940
7423944
7423952
7423968
7424279
7424286
7424301
7424302
7424310
7424316
7424339
7424348
7424370
7424391
7424395
7424398
7424403
7424406
7424419
7424421
7424422
7424426
7424428
7424434
7424436
7424454
7424460
7424468
7424482
7424484
7424595
7424604
7424625
7424678
7424710
7424716
7424724
7424740
7424796
7424844
7424849
7424850
7424852
7424856
7424880
7424902
7424908
7424916
7424930
7424932
7424962
7424964
7424968
7424976
7424992
7425047
7425051
7425054
7425075
7425099
7425101
7425102
7425107
7425109
7425110
7425113
7425114
7425116
7425137
7425138
7425159
7425163
7425166
7425171
7425174
7425190
7425219
7425222
7425225
7425226
7425228
7425233
7425234
7425236
7425240
7425250
7425299
7425330
7425356
7425361
7425362
7425364
7425368
7425392
7425414
7425442
7425444
7425474
7425476
7425480
7425488
7425504
7425555
7425564
7425586
7425612
7425617
7425618
7425620
7425624
7425648
7425670
7425676
7425684
7425698
7425700
7425730
7425732
7425736
7425744
7425760
7425872
7425924
7425984
7426613
7426614
7426645
7426646
7426649
7426650
7426652
7426676
7426680
7426772
7426776
7426837
7426838
7426844
7426868
7426889
7426890
7426892
7426897
7426898
7426900
7426904
7426920
7426964
7426968
7427012
7427016
7427155
7427157
7427158
7427161
7427162
7427164
7427185
7427186
7427222
7427226
7427281
7427282
7427284
7427288
7427409
7427410
7427412
7427416
7427440
7427536
7427633
7427634
7427665
7427666
7427668
7427672
7427696
7427732
7427736
7427792
7427857
7427858
7427860
7427864
7427888
7427912
7427920
7427972
7427976
7427984
7428032
7428374
7428390
7428433
7428434
7428436
7428440
7428449
7428450
7428464
7428486
7428490
7428498
7428513
7428514
7428516
7428520
7428528
7428548
7428552
7428560
7428689
7428690
7428692
7428696
7428720
7428804
7428808
7428816
7428884
7428929
7428930
7428932
7428936
7428944
7428960
7428996
7429000
7429008
7429056
7429139
7429142
7429146
7429169
7429170
7429187
7429189
7429190
7429193
7429194
7429196
7429201
7429202
7429204
7429208
7429217
7429218
7429254
7429258
7429266
7429313
7429314
7429316
7429320
7429328
7429394
7429409
7429410
7429424
7429441
7429442
7429444
7429448
7429456
7429472
7429568
7429649
7429650
7429652
7429656
7429665
7429666
7429680
7429697
7429698
7429700
7429704
7429712
7429728
7429764
7429768
7429776
7429824
7429904
7429952
7430716
7430745
7430748
7430940
7430956
7430985
7430988
7431000
7431076
7431108
7431257
7431260
7431317
7431321
7431324
7431377
7431384
7431588
7431648
7432068
7432096
7432128
7432529
7432560
7432581
7432582
7432585
7432588
7432593
7432596
7432609
7432610
7432612
7432616
7432624
7432644
7432672
7432785
7432868
7432900
7433040
7433092
7433120
7433152
7433235
7433237
7433241
7433244
7433265
7433289
7433292
7433297
7433298
7433300
7433304
7433328
7433349
7433350
7433353
7433356
7433361
7433364
7433380
7433409
7433410
7433412
7433416
7433424
7433440
7433489
7433520
7433552
7433604
7433632
7433664
7433745
7433776
7433808
7433860
7433888
7433920
7434804
7434836
7434840
7435028
7435080
7435345
7435346
7435348
7435352
7435376
7435412
7435472
7435600
7435824
7435856
7436048
7436624
7436640
7436676
7436704
7436880
7437120
7437329
7437330
7437332
7437360
7437377
7437378
7437380
7437384
7437392
7437408
7437504
7437584
7437600
7437632
7437840
7437856
7437888
7438903
7438909
7438910
7438935
7438939
7438941
7438942
7438965
7438969
7438972
7439033
7439068
7439127
7439133
7439134
7439143
7439149
7439150
7439158
7439164
7439175
7439179
7439181
7439182
7439189
7439190
7439193
7439194
7439196
7439205
7439206
7439209
7439212
7439220
7439224
7439257
7439260
7439270
7439273
7439288
7439302
7439308
7439316
7439320
7439332
7439447
7439451
7439453
7439454
7439545
7439571
7439577
7439578
7439580
7439708
7439718
7439782
7439785
7439800
7439832
7439842
7439929
7439964
7440025
7440028
7440049
7440056
7440088
7440153
7440156
7440166
7440169
7440184
7440198
7440204
7440212
7440216
7440228
7440262
7440265
7440268
7440273
7440276
7440280
7440289
7440290
7440292
7440296
7440304
7440322
7440324
7440328
7440336
7440352
7440679
7440685
7440686
7440694
7440700
7440732
7440742
7440803
7440805
7440806
7440809
7440810
7440812
7440817
7440818
7440820
7440824
7440838
7440844
7440852
7440866
7440868
7440988
7441062
7441065
7441073
7441094
7441100
7441108
7441124
7441180
7441190
7441222
7441228
7441236
7441240
7441252
7441286
7441289
7441292
7441297
7441300
7441304
7441313
7441314
7441316
7441320
7441328
7441346
7441348
7441352
7441360
7441376
7441465
7441479
7441483
7441485
7441486
7441493
7441494
7441497
7441498
7441500
7441510
7441574
7441577
7441585
7441603
7441606
7441609
7441610
7441612
7441617
7441618
7441620
7441624
7441634
7441702
7441705
7441720
7441734
7441740
7441748
7441752
7441764
7441825
7441826
7441828
7441832
7441840
7441858
7441860
7441864
7441872
7441888
7441945
7441948
7441958
7441961
7441976
7441990
7441996
7442004
7442008
7442020
7442054
7442057
7442060
7442065
7442068
7442072
7442081
7442082
7442084
7442088
7442096
7442114
7442116
7442120
7442128
7442144
7442200
7442244
7442308
7442312
7442320
7442336
7442368
7442998
7443027
7443029
7443030
7443036
7443057
7443060
7443121
7443156
7443222
7443228
7443267
7443269
7443270
7443276
7443281
7443282
7443284
7443288
7443297
7443300
7443312
7443345
7443348
7443352
7443361
7443376
7443396
7443408
7443539
7443541
7443542
7443548
7443633
7443665
7443666
7443668
7443672
7443796
7443873
7443888
7443920
7444017
7444052
7444113
7444116
7444120
7444144
7444176
7444241
7444244
7444248
7444257
7444272
7444292
7444304
7444353
7444356
7444360
7444368
7444384
7444416
7444773
7444774
7444788
7444820
7444897
7444898
7444900
7444904
7444912
7444932
7445076
7445153
7445188
7445268
7445316
7445328
7445377
7445380
7445384
7445392
7445408
7445440
7445553
7445571
7445573
7445574
7445580
7445585
7445586
7445588
7445592
7445665
7445697
7445698
7445700
7445704
7445712
7445793
7445808
7445828
7445840
7445920
7445952
7446033
7446036
7446040
7446049
7446064
7446084
7446096
7446145
7446148
7446152
7446160
7446176
7446208
7446288
7446400
7447100
7447123
7447125
7447130
7447132
7447153
7447160
7447217
7447224
7447324
7447363
7447365
7447366
7447370
7447372
7447377
7447378
7447380
7447384
7447393
7447394
7447396
7447400
7447408
7447441
7447448
7447457
7447458
7447460
7447464
7447472
7447490
7447492
7447520
7447635
7447637
7447642
7447644
7447699
7447706
7447729
7447736
7447761
7447768
7447906
7447908
7447969
7447970
7447972
7447976
7447984
7448032
7448113
7448120
7448209
7448216
7448337
7448344
7448353
7448354
7448356
7448360
7448368
7448386
7448388
7448416
7448449
7448450
7448452
7448456
7448464
7448480
7448512
7448869
7448870
7448876
7448884
7448930
7448932
7448963
7448966
7448970
7448978
7448993
7448994
7448996
7449000
7449008
7449026
7449028
7449249
7449250
7449252
7449256
7449264
7449282
7449284
7449312
7449380
7449410
7449412
7449440
7449473
7449474
7449476
7449480
7449488
7449504
7449536
7449619
7449626
7449649
7449656
7449667
7449669
7449670
7449674
7449676
7449681
7449682
7449684
7449688
7449698
7449700
7449731
7449734
7449738
7449746
7449761
7449762
7449764
7449768
7449776
7449793
7449794
7449796
7449800
7449808
7449824
7449889
7449890
7449892
7449896
7449904
7449922
7449924
7449952
7449986
7450016
7450048
7450129
7450136
7450145
7450146
7450148
7450152
7450160
7450178
7450180
7450208
7450241
7450242
7450244
7450248
7450256
7450272
7450304
7450400
7450496
7451218
7451220
7451248
7451312
7451458
7451460
7451472
7451488
7451536
7451552
7451730
7451732
7451794
7451824
7451856
7452064
7452208
7452304
7452432
7452448
7452544
7452964
7453058
7453088
7453344
7453568
7453714
7453744
7453762
7453764
7453776
7453826
7453856
7453888
7453984
7454224
7454240
7454336
7455315
7455321
7455322
7455324
7455345
7455352
7455448
7455516
7455526
7455555
7455558
7455561
7455562
7455564
7455569
7455570
7455572
7455576
7455585
7455586
7455588
7455592
7455600
7455640
7455650
7455682
7455684
7455688
7455696
7455712
7455827
7455833
7455834
7455836
7455891
7455898
7455960
7456088
7456098
7456162
7456344
7456408
7456536
7456546
7456578
7456580
7456584
7456592
7456608
7456642
7456644
7456648
7456656
7456672
7456704
7457043
7457059
7457062
7457066
7457074
7457112
7457122
7457155
7457158
7457185
7457186
7457188
7457192
7457200
7457218
7457220
7457224
7457232
7457248
7457368
7457442
7457474
7457476
7457480
7457488
7457504
7457560
7457570
7457602
7457604
7457608
7457616
7457632
7457666
7457668
7457672
7457680
7457696
7457728
7457811
7457818
7457859
7457862
7457865
7457866
7457868
7457873
7457874
7457876
7457880
7457890
7457923
7457926
7457930
7457938
7457954
7457986
7457988
7457992
7458000
7458082
7458114
7458116
7458120
7458128
7458144
7458178
7458208
7458240
7458328
7458338
7458370
7458372
7458376
7458384
7458400
7458434
7458436
7458440
7458448
7458464
7458496
7458624
7458688
7459409
7459410
7459412
7459416
7459440
7459536
7459604
7459649
7459650
7459652
7459656
7459664
7459680
7459728
7459776
7459921
7459922
7459924
7459928
7459986
7460048
7460176
7460432
7460496
7460624
7460672
7460736
7461200
7461280
7461312
7461456
7461568
7461648
7461696
7461760
7461906
7461953
7461954
7461956
7461960
7461968
7462018
7462080
7462208
7462416
7462464
7462528
7463505
7463512
7463716
7463745
7463746
7463748
7463752
7463760
7463776
7463840
7463872
7464017
7464024
7464081
7464288
7464352
7464736
7464768
7464832
7465252
7465312
7465346
7465348
7465376
7465408
7465632
7465664
7465760
7465792
7465856
7466001
7466049
7466050
7466052
7466056
7466064
7466080
7466114
7466144
7466176
7466272
7466304
7466368
7466528
7466560
7466624
7467600
7467840
7468112
7470144
7476057
7476058
7476060
7476088
7476121
7476124
7476137
7476152
7476172
7476180
7476184
7476391
7476395
7476397
7476398
7476409
7476451
7476457
7476458
7476572
7476633
7476636
7476649
7476664
7476696
7476793
7476828
7476871
7476875
7476877
7476878
7476889
7476892
7476899
7476901
7476905
7476906
7476908
7476913
7476920
7476931
7476937
7476938
7476940
7476952
7476961
7476968
7477017
7477020
7477048
7477080
7477129
7477132
7477137
7477140
7477144
7477153
7477160
7477168
7477192
7477200
7477363
7477415
7477419
7477421
7477422
7477427
7477429
7477430
7477433
7477587
7477596
7477603
7477618
7477639
7477643
7477645
7477646
7477651
7477653
7477654
7477657
7477660
7477667
7477669
7477673
7477674
7477676
7477681
7477682
7477684
7477688
7477708
7477716
7477843
7477852
7477873
7477929
7477937
7477964
7477972
7478083
7478092
7478097
7478098
7478100
7478104
7478113
7478128
7478153
7478156
7478161
7478164
7478168
7478177
7478184
7478192
7478216
7478224
7478323
7478329
7478371
7478385
7478386
7478441
7478449
7478547
7478553
7478556
7478563
7478569
7478577
7478578
7478584
7478595
7478604
7478609
7478610
7478612
7478616
7478625
7478640
7478665
7478668
7478673
7478676
7478680
7478689
7478696
7478704
7478728
7478736
7478803
7478809
7478812
7478819
7478825
7478833
7478834
7478840
7478851
7478860
7478865
7478866
7478868
7478872
7478881
7478896
7478921
7478924
7478929
7478932
7478936
7478945
7478952
7478960
7478984
7478992
7479057
7479064
7479073
7479088
7479120
7479176
7479184
7480217
7480248
7480505
7480729
7480760
7480985
7481016
7481515
7481517
7481518
7481523
7481525
7481526
7481529
7481739
7481741
7481742
7481747
7481749
7481750
7481753
7481769
7481770
7481772
7481777
7481778
7481780
7481784
7482025
7482033
7482249
7482257
7482280
7482288
7482425
7482537
7482545
7482649
7482680
7482761
7482769
7482792
7482800
7482905
7482936
7483017
7483025
7483048
7483056
7484248
7484312
7484328
7484582
7484585
7484586
7484588
7484600
7484642
7484648
7484824
7484840
7484984
7485062
7485065
7485066
7485068
7485080
7485089
7485090
7485092
7485096
7485104
7485122
7485128
7485152
7485208
7485320
7485328
7485344
7485554
7485606
7485609
7485610
7485612
7485617
7485618
7485620
7485624
7485778
7485794
7485830
7485833
7485834
7485836
7485841
7485842
7485844
7485848
7485857
7485858
7485860
7485864
7485872
7486034
7486064
7486120
7486128
7486274
7486288
7486304
7486344
7486352
7486368
7486513
7486514
7486520
7486562
7486576
7486632
7486640
7486737
7486738
7486744
7486753
7486754
7486760
7486768
7486786
7486800
7486816
7486856
7486864
7486880
7486993
7486994
7487000
7487009
7487010
7487016
7487024
7487042
7487056
7487072
7487112
7487120
7487136
7487248
7487264
7488412
7488472
7488924
7488984
7489180
7489240
7489707
7489709
7489710
7489715
7489717
7489718
7489884
7489931
7489933
7489934
7489939
7489941
7489942
7489948
7489962
7489964
7489970
7489972
7489996
7490004
7490140
7490252
7490260
7490332
7490392
7490444
7490452
7490504
7490512
7490844
7490904
7490956
7490964
7491016
7491024
7491100
7491160
7491212
7491220
7491272
7491280
7492380
7492440
7492500
7492504
7492548
7492552
7492773
7492774
7492777
7492778
7492833
7492834
7492952
7493012
7493016
7493072
7493208
7493253
7493254
7493257
7493258
7493260
7493268
7493272
7493281
7493282
7493284
7493288
7493313
7493314
7493316
7493320
7493328
7493344
7493400
7493508
7493512
7493520
7493568
7493745
7493746
7493797
7493798
7493801
7493802
7493809
7493810
7493969
7493970
7493972
7493976
7493985
7493986
7494000
7494021
7494022
7494025
7494026
7494028
7494033
7494034
7494036
7494040
7494049
7494050
7494052
7494056
7494064
7494084
7494088
7494096
7494225
7494226
7494228
7494232
7494256
7494340
7494344
7494352
7494420
7494465
7494466
7494468
7494472
7494480
7494496
7494532
7494536
7494544
7494592
7494705
7494706
7494753
7494754
7494929
7494930
7494932
7494936
7494945
7494946
7494960
7494977
7494978
7494980
7494984
7494992
7495008
7495044
7495048
7495056
7495104
7495185
7495186
7495188
7495192
7495201
7495202
7495216
7495233
7495234
7495236
7495240
7495248
7495264
7495300
7495304
7495312
7495360
7495440
7495488
7497897
7497900
7497905
7497908
7498121
7498124
7498129
7498132
7498152
7498160
7500964
7500968
7501024
7501444
7501448
7501472
7501504
7501936
7501988
7501992
7502000
7502160
7502176
7502212
7502216
7502224
7502240
7502416
7502656
7502896
7502944
7503120
7503136
7503168
7503376
7503392
7503424
7504725
7504726
7504729
7504730
7504732
7504756
7504760
7504793
7504796
7504809
7504824
7504844
7504852
7504856
7505067
7505069
7505070
7505081
7505129
7505130
7505244
7505305
7505308
7505321
7505336
7505368
7505465
7505500
7505547
7505549
7505550
7505561
7505564
7505577
7505578
7505580
7505585
7505592
7505609
7505610
7505612
7505624
7505640
7505689
7505692
7505720
7505748
7505752
7505801
7505804
7505809
7505812
7505816
7505832
7505840
7505864
7505872
7505975
7505981
7505982
7506087
7506091
7506093
7506094
7506099
7506101
7506102
7506105
7506150
7506199
7506205
7506206
7506215
7506221
7506222
7506230
7506236
7506268
7506278
7506311
7506315
7506317
7506318
7506323
7506325
7506326
7506329
7506332
7506339
7506341
7506342
7506345
7506346
7506348
7506353
7506354
7506356
7506360
7506374
7506380
7506388
7506402
7506404
7506524
7506598
7506601
7506609
7506630
7506636
7506644
7506660
7506716
7506726
7506758
7506764
7506772
7506776
7506788
7506822
7506825
7506828
7506833
7506836
7506840
7506849
7506850
7506852
7506856
7506864
7506882
7506884
7506888
7506896
7506912
7507001
7507046
7507110
7507113
7507121
7507170
7507225
7507228
7507238
7507241
7507256
7507270
7507276
7507284
7507288
7507300
7507334
7507337
7507340
7507345
7507348
7507352
7507361
7507362
7507364
7507368
7507376
7507394
7507396
7507400
7507408
7507424
7507481
7507484
7507494
7507497
7507512
7507526
7507532
7507540
7507544
7507556
7507590
7507593
7507596
7507601
7507604
7507608
7507617
7507618
7507620
7507624
7507632
7507650
7507652
7507656
7507664
7507680
7507736
7507780
7507844
7507848
7507856
7507872
7507904
7508812
7508817
7508818
7508820
7508824
7508848
7508881
7508884
7508888
7508897
7508912
7508932
7508944
7509155
7509157
7509158
7509161
7509169
7509217
7509218
7509332
7509393
7509396
7509400
7509409
7509424
7509456
7509545
7509553
7509580
7509588
7509635
7509637
7509638
7509641
7509644
7509649
7509652
7509656
7509665
7509666
7509668
7509672
7509680
7509697
7509698
7509700
7509704
7509712
7509728
7509777
7509780
7509784
7509808
7509840
7509889
7509892
7509896
7509904
7509920
7509952
7510070
7510179
7510181
7510182
7510185
7510193
7510294
7510300
7510356
7510403
7510405
7510406
7510409
7510412
7510417
7510420
7510424
7510433
7510434
7510436
7510440
7510448
7510468
7510612
7510689
7510724
7510804
7510852
7510864
7510913
7510916
7510920
7510928
7510944
7510976
7511089
7511201
7511313
7511316
7511320
7511329
7511344
7511364
7511376
7511425
7511428
7511432
7511440
7511456
7511488
7511569
7511572
7511576
7511585
7511600
7511620
7511632
7511681
7511684
7511688
7511696
7511712
7511744
7511824
7511936
7512913
7512914
7512916
7512920
7512944
7512977
7512984
7513000
7513008
7513257
7513258
7513260
7513265
7513272
7513320
7513489
7513496
7513512
7513520
7513649
7513656
7513737
7513738
7513740
7513745
7513752
7513768
7513800
7513873
7513880
7513904
7513992
7514000
7514172
7514275
7514277
7514278
7514281
7514282
7514284
7514289
7514290
7514292
7514296
7514338
7514340
7514396
7514466
7514468
7514499
7514501
7514502
7514505
7514506
7514508
7514513
7514514
7514516
7514520
7514529
7514530
7514532
7514536
7514544
7514562
7514564
7514785
7514786
7514788
7514792
7514800
7514818
7514820
7514848
7514916
7514946
7514948
7514976
7515009
7515010
7515012
7515016
7515024
7515040
7515072
7515185
7515192
7515234
7515236
7515297
7515298
7515300
7515304
7515312
7515360
7515409
7515416
7515425
7515426
7515428
7515432
7515440
7515458
7515460
7515488
7515521
7515522
7515524
7515528
7515536
7515552
7515584
7515665
7515672
7515681
7515682
7515684
7515688
7515696
7515714
7515716
7515744
7515777
7515778
7515780
7515784
7515792
7515808
7515840
7515936
7516032
7517008
7517072
7517088
7517345
7517346
7517348
7517352
7517360
7517408
7517584
7517600
7517744
7517825
7517826
7517828
7517832
7517840
7517856
7517888
7517968
7518080
7518369
7518370
7518372
7518376
7518384
7518593
7518594
7518596
7518600
7518608
7518624
7518880
7519104
7519280
7519392
7519504
7519520
7519616
7519760
7519776
7519872
7521052
7521105
7521106
7521108
7521112
7521136
7521176
7521224
7521232
7521449
7521450
7521624
7521688
7521880
7521929
7521930
7521932
7521944
7521960
7521992
7522072
7522128
7522184
7522192
7522467
7522470
7522473
7522474
7522481
7522482
7522530
7522588
7522598
7522648
7522658
7522691
7522694
7522697
7522698
7522700
7522705
7522706
7522708
7522712
7522721
7522722
7522724
7522728
7522736
7522754
7522756
7522760
7522768
7522784
7522904
7522978
7523010
7523012
7523016
7523024
7523040
7523096
7523106
7523138
7523140
7523144
7523152
7523168
7523202
7523204
7523208
7523216
7523232
7523264
7523426
7523490
7523608
7523618
7523650
7523652
7523656
7523664
7523680
7523714
7523716
7523720
7523728
7523744
7523776
7523864
7523874
7523906
7523908
7523912
7523920
7523936
7523970
7523972
7523976
7523984
7524000
7524032
7524160
7524224
7525140
7525200
7525264
7525312
7525537
7525538
7525712
7525776
7525968
7526017
7526018
7526020
7526024
7526032
7526048
7526080
7526160
7526272
7526561
7526562
7526676
7526736
7526785
7526786
7526788
7526792
7526800
7526816
7526848
7526992
7527104
7527184
7527232
7527296
7527696
7527744
7527808
7527952
7528000
7528064
7529296
7529640
7530120
7530657
7530658
7530660
7530664
7530672
7530720
7530788
7530848
7530881
7530882
7530884
7530888
7530896
7530912
7530944
7531168
7531200
7531296
7531328
7531392
7531616
7531680
7531808
7531840
7531904
7532064
7532096
7532160
7533728
7534208
7534752
7534976
7541340
7541580
7541588
7541592
7541656
7542168
7542321
7542424
7542545
7542552
7542576
7542608
7542664
7542672
7542953
7542961
7543177
7543180
7543185
7543188
7543192
7543201
7543208
7543216
7543632
7543688
7543696
7543857
7544081
7544088
7544097
7544112
7544144
7544200
7544208
7544337
7544344
7544353
7544368
7544400
7544456
7544464
7544592
7546784
7547046
7547049
7547057
7547270
7547273
7547281
7547297
7547298
7547300
7547304
7547312
7547808
7547953
7548177
7548208
7548320
7548433
7548464
7548576
7550512
7550736
7551144
7551152
7551368
7551376
7551392
7552048
7552272
7552288
7552528
7552544
7553628
7553868
7553880
7553988
7554948
7555008
7555238
7555462
7555468
7555476
7555490
7555492
7555524
7555780
7555920
7555972
7556032
7556432
7556484
7556544
7556688
7556740
7556800
7557720
7557960
7558480
7558736
7558928
7559504
7559556
7559560
7559568
7559760
7560000
7560464
7560512
7560720
7560768
7563428
7563652
7563680
7570012
7570246
7570252
7570260
7570264
7570276
7570328
7570372
7570840
7571096
7571224
7571268
7571332
7571336
7571344
7571360
7571392
7571622
7571625
7571633
7571846
7571849
7571852
7571857
7571860
7571864
7571873
7571874
7571876
7571880
7571888
7571908
7572164
7572292
7572356
7572360
7572368
7572384
7572416
7572760
7572804
7572868
7572872
7572880
7572896
7572928
7573016
7573060
7573124
7573128
7573136
7573152
7573184
7573376
7574100
7574340
7574352
7574416
7574928
7575184
7575312
7575424
7575713
7575937
7575940
7575944
7575952
7575968
7576448
7576848
7576960
7577104
7577216
7578434
7578436
7578464
7578528
7579040
7579424
7579520
7579809
7579810
7579812
7579816
7579824
7580033
7580034
7580036
7580040
7580048
7580064
7580320
7580544
7580832
7580960
7581056
7581216
7581312
7583904
7584128
7586392
7586626
7586628
7586632
7586640
7586656
7586752
7587648
7587712
7588002
7588226
7588228
7588232
7588240
7588256
7588288
7588544
7588672
7588736
7589184
7589248
7589440
7589504
7590480
7590720
7592320
7594816
7596192
7596416
7671899
7671901
7671902
7672028
7672156
7672377
7672412
7672601
7672604
7672617
7672632
7672652
7672664
7672728
7672915
7672924
7672985
7672988
7673048
7673240
7673393
7673496
7673617
7673624
7673648
7673680
7673736
7673744
7673939
7673948
7674060
7674068
7674417
7674641
7674648
7674657
7674672
7674704
7674760
7674768
7674899
7674905
7674908
7674929
7674947
7674956
7674961
7674962
7674964
7674968
7675017
7675020
7675025
7675028
7675032
7675080
7675088
7675153
7675160
7675169
7675184
7675216
7675272
7675280
7675409
7675416
7675425
7675440
7675472
7675528
7675536
7675664
7675995
7675997
7675998
7676473
7676697
7676713
7676728
7677081
7677856
7678035
7678150
7678513
7678737
7678768
7678880
7678995
7679001
7679025
7679057
7679058
7679110
7679113
7679121
7679170
7679249
7679280
7679392
7679505
7679536
7679648
7680090
7680092
7680568
7680792
7680808
7681176
7681808
7682130
7682608
7682832
7682848
7683089
7683090
7683096
7683120
7683138
7683152
7683208
7683216
7683344
7683360
7683600
7683616
7684187
7684189
7684190
7684316
7684444
7684700
7684892
7684940
7684952
7685060
7685212
7685276
7685336
7686020
7686080
7686227
7686236
7686342
7686348
7686356
7686596
7686852
7686992
7687044
7687104
7687187
7687196
7687244
7687249
7687250
7687252
7687256
7687302
7687308
7687316
7687362
7687364
7687368
7687376
7687504
7687556
7687616
7687760
7687812
7687872
7688281
7688282
7688284
7688404
7688408
7688536
7688792
7688984
7689032
7689300
7689304
7689364
7689368
7689424
7689552
7690321
7690322
7690324
7690328
7690436
7690440
7690448
7690576
7690832
7691024
7691072
7691281
7691282
7691284
7691288
7691329
7691330
7691332
7691336
7691344
7691396
7691400
7691408
7691456
7691536
7691584
7691792
7691840
7692377
7692380
7694417
7694532
7695377
7695440
7695492
7695552
7696472
7698512
7699472
7699520
7700567
7700571
7700573
7700574
7700700
7700828
7700838
7701049
7701084
7701273
7701276
7701286
7701289
7701304
7701318
7701324
7701332
7701336
7701348
7701400
7701444
7701596
7701657
7701660
7701720
7701912
7702168
7702296
7702340
7702404
7702408
7702416
7702432
7702464
7702620
7702726
7702732
7702740
7702980
7703236
7703320
7703364
7703428
7703432
7703440
7703456
7703488
7703577
7703580
7703622
7703628
7703636
7703640
7703686
7703689
7703692
7703697
7703700
7703704
7703746
7703748
7703752
7703760
7703832
7703876
7703940
7703944
7703952
7703968
7704000
7704088
7704132
7704196
7704200
7704208
7704224
7704256
7704448
7704659
7704661
7704662
7704668
7704788
7704916
7705137
7705172
7705361
7705364
7705368
7705377
7705392
7705412
7705424
7705488
7705684
7705745
7705748
7705752
7705808
7706000
7706256
7706384
7706496
7706708
7706820
7707408
7707520
7707665
7707668
7707672
7707716
7707728
7707777
7707780
7707784
7707792
7707840
7707920
7708032
7708176
7708288
7708755
7708757
7708762
7708764
7709026
7709028
7709233
7709240
7709457
7709464
7709473
7709474
7709476
7709480
7709488
7709506
7709508
7709536
7709600
7709841
7709848
7710112
7710496
7710592
7710914
7710916
7711392
7711520
7711616
7711761
7711768
7711810
7711812
7711873
7711874
7711876
7711880
7711888
7711904
7711936
7712032
7712128
7712288
7712384
7712850
7712852
7713328
7713552
7713568
7713936
7715856
7715968
7716947
7716953
7716954
7716956
7717080
7717208
7717218
7717464
7717656
7717666
7717698
7717700
7717704
7717712
7717728
7717824
7717976
7718040
7718720
7718784
7719000
7719106
7719108
7719112
7719120
7719360
7719616
7719744
7719808
7719960
7720002
7720004
7720008
7720016
7720066
7720068
7720072
7720080
7720128
7720256
7720320
7720512
7720576
7721041
7721042
7721044
7721048
7721168
7721296
7721552
7721744
7721792
7722064
7722128
7723088
7723200
7724048
7724096
7724160
7725137
7725144
7725408
7725856
7725888
7727296
7728192
7728256
7729232
7737692
7738137
7738140
7738168
7738200
7738264
7738537
7738776
7739017
7739020
7739032
7739041
7739048
7739080
7739160
7739272
7739280
7739953
7740177
7740184
7740193
7740208
7740240
7740296
7740304
7740465
7740689
7740696
7740705
7740720
7740752
7740808
7740816
7740945
7740952
7740961
7740976
7741008
7741064
7741072
7741200
7746328
7746728
7747208
7747232
7748144
7748368
7748384
7748656
7748880
7748896
7749136
7749152
7754072
7754520
7755396
7755400
7755456
7756112
7756368
7756560
7756608
7757072
7757120
7757328
7757376
7770452
7770897
7770900
7770904
7770928
7770960
7771024
7771536
7771920
7772944
7773056
7773456
7779088
7779488
7779968
7803672
7805712
7806224
7806480
7832344
7832388
7833472
7834496
7835008
7835264
7836432
7840544
7848768
7934377
7934392
7934872
7935059
7935068
7935192
7935537
7935640
7935761
7935768
7935777
7935792
7935824
7935880
7935888
7936291
7936297
7936305
7936306
7936312
7936417
7936424
7936432
7936561
7936785
7936792
7936801
7936816
7936848
7936904
7936912
7937073
7937091
7937100
7937105
7937106
7937108
7937112
7937224
7937232
7937313
7937328
7937360
7937553
7937560
7937569
7937584
7937616
7937672
7937680
7937808
7938470
7938473
7938488
7939155
7939633
7939857
7939888
7940000
7940387
7940390
7940393
7940401
7940402
7940408
7940450
7940513
7940514
7940516
7940520
7940528
7940657
7940881
7940897
7940898
7940912
7940930
7941024
7941169
7941187
7941190
7941201
7941202
7941218
7941314
7941409
7941410
7941424
7941442
7941472
7941536
7941649
7941665
7941666
7941680
7941792
7941920
7942568
7943250
7943728
7943952
7943968
7944481
7944482
7944488
7944496
7944608
7944752
7944976
7944992
7945264
7945282
7945296
7945504
7945744
7945760
7951441
7951442
7951444
7951448
7951568
7951696
7951952
7952144
7952192
7952673
7952674
7952688
7952720
7952976
7953168
7953216
7953473
7953474
7953476
7953480
7953488
7953600
7953728
7953936
7953984
7954852
7956769
7956772
7956784
7956896
7957792
7959632
7960864
7961664
7967137
7967152
7967632
7968528
7969057
7969072
7969184
7969552
7969664
7975328
7977248
8065432
8066832
8067121
8067345
8067352
8067361
8067376
8067464
8067472
8067856
8068368
8068624
8071217
8071441
8071457
8071472
8071584
8075312
8075536
8075552
8079748
8083728
8094104
8095616
8096024
8096132
8096136
8096144
8096160
8096640
8097152
8097408
8098192
8100112
8100224
8102304
8104096
8104224
8104320
8112512
15736593
15736609
15736624
15736656
15798867
15798876
15798897
15799107
15799116
15799121
15799122
15799124
15799128
15799137
15799152
15799192
15799857
15800081
15800088
15800097
15800112
15800144
15800200
15800208
15800737
15800752
15801168
15801224
15801232
15802128
15802963
15802993
15803203
15803206
15803217
15803218
15803233
15803234
15803236
15803248
15803475
15803746
15803953
15804177
15804193
15804194
15804208
15804226
15804256
15804320
15804770
15804833
15804834
15804836
15804840
15804848
15805250
15805280
15805344
15805489
15805507
15805510
15805521
15805522
15805538
15805634
15805729
15805730
15805744
15805762
15805792
15805856
15805969
15805985
15805986
15806000
15806018
15806048
15806112
15806240
15807058
15807088
15807298
15807312
15807328
15807570
15808048
15808272
15808288
15808928
15809584
15809602
15809616
15809824
15810064
15810080
15811155
15811164
15811185
15811395
15811398
15811404
15811409
15811410
15811412
15811416
15811425
15811426
15811428
15811440
15811524
15811938
15812386
15812418
15812420
15812432
15812448
15812484
15812544
15812962
15813026
15813442
15813444
15813456
15813472
15813508
15813568
15814464
15815249
15815250
15815252
15815256
15815280
15815489
15815490
15815492
15815496
15815504
15815520
15816016
15816272
15816464
15816512
15817040
15817536
15819345
15819585
15819586
15819588
15819600
15819616
15819857
15820128
15820576
15820608
15821152
15821216
15821632
15821889
15821890
15821892
15821904
15821920
15822016
15822112
15822144
15822368
15822400
15823440
15823680
15823952
15825984
15835970
15835972
15836000
15836064
15836576
15836960
15837056
15837600
15838080
15852352
15930192
15931152
15931784
15931792
15932688
15932944
15942466
15942468
15942480
15942496
15943488
15944068
15944512
15945024
15945280
15946320
15946560
15950656
15975232
16060499
16060977
16061201
16061208
16061217
16061232
16061264
16062224
16063248
16064595
16064866
16065297
16065313
16065328
16066336
16067601
16067872
16068690
16069168
16069392
16069408
16071696
16076881
16077136
16077584
16085072
16098080
16192272
16196384
18956895
18956925
18956926
18956983
18956987
18956989
18956990
18957015
18957019
18957021
18957045
18957049
18957052
18957135
18957149
18957150
18957165
18957166
18957180
18957207
18957213
18957214
18957229
18957230
18957255
18957259
18957261
18957262
18957269
18957270
18957273
18957274
18957276
18957285
18957286
18957289
18957292
18957300
18957304
18957407
18957435
18957437
18957438
18957495
18957499
18957501
18957502
18957527
18957531
18957533
18957555
18957561
18957562
18957659
18957661
18957662
18957675
18957677
18957678
18957690
18957692
18957735
18957739
18957741
18957742
18957750
18957754
18957756
18957779
18957785
18957786
18957788
18957795
18957798
18957801
18957802
18957816
18957915
18957917
18957945
18957948
18957975
18957979
18957981
18958005
18958010
18958012
18958035
18958041
18958065
18958072
18958155
18958157
18958158
18958169
18958170
18958172
18958185
18958188
18958200
18958215
18958221
18958222
18958230
18958236
18958252
18958275
18958278
18958281
18958282
18958284
18958289
18958292
18958296
18958305
18958308
18958312
18958679
18958685
18958686
18958701
18958702
18958791
18958795
18958797
18958798
18958803
18958805
18958806
18958812
18958819
18958821
18958822
18958826
18958828
18958836
18959047
18959051
18959053
18959059
18959061
18959077
18959078
18959081
18959084
18959092
18959302
18959308
18959439
18959447
18959451
18959453
18959463
18959467
18959469
18959470
18959477
18959478
18959482
18959559
18959563
18959565
18959571
18959573
18959577
18959587
18959590
18959593
18959594
18959601
18959687
18959693
18959694
18959702
18959708
18959724
18959811
18959814
18959817
18959818
18959820
18959825
18959828
18959832
18959841
18959844
18959848
18960067
18960073
18960100
18960104
18960324
18960989
18961005
18961006
18961020
18961063
18961067
18961069
18961070
18961095
18961099
18961101
18961125
18961129
18961132
18961229
18961230
18961244
18961260
18961287
18961291
18961293
18961294
18961308
18961318
18961322
18961324
18961349
18961350
18961353
18961354
18961356
18961364
18961368
18961380
18961384
18961499
18961515
18961517
18961518
18961575
18961579
18961581
18961582
18961607
18961611
18961613
18961619
18961625
18961635
18961641
18961642
18961739
18961741
18961742
18961756
18961770
18961772
18961830
18961834
18961836
18961859
18961865
18961866
18961868
18961880
18961890
18961896
18961963
18961965
18961966
18961995
18961997
18962025
18962028
18962055
18962059
18962061
18962083
18962085
18962090
18962092
18962115
18962121
18962145
18962152
18962187
18962189
18962190
18962204
18962218
18962220
18962249
18962250
18962252
18962264
18962280
18962307
18962309
18962310
18962316
18962324
18962338
18962340
18962369
18962370
18962372
18962376
18962384
18962400
18962759
18962765
18962766
18962780
18962790
18962796
18962853
18962854
18962858
18962860
18962868
18962883
18962885
18962886
18962892
18962900
18962914
18962916
18963015
18963021
18963045
18963052
18963107
18963109
18963110
18963139
18963141
18963169
18963172
18963269
18963270
18963276
18963284
18963300
18963331
18963333
18963334
18963340
18963348
18963362
18963364
18963393
18963394
18963396
18963400
18963408
18963424
18963495
18963499
18963501
18963502
18963527
18963531
18963533
18963539
18963541
18963545
18963555
18963557
18963558
18963561
18963562
18963569
18963570
18963619
18963621
18963622
18963651
18963653
18963657
18963665
18963681
18963682
18963750
18963754
18963756
18963779
18963781
18963782
18963785
18963786
18963788
18963793
18963794
18963796
18963800
18963809
18963810
18963812
18963816
18963824
18963874
18963876
18963905
18963906
18963908
18963912
18963920
18963936
18963975
18963979
18963981
18963987
18964003
18964006
18964010
18964012
18964018
18964035
18964037
18964041
18964049
18964065
18964066
18964068
18964072
18964080
18964099
18964101
18964130
18964132
18964161
18964192
18964227
18964236
18964258
18964289
18964290
18964292
18964296
18964304
18964320
18964356
18964416
18969253
18969257
18969260
18969285
18969289
18969292
18969420
18969477
18969484
18969540
18969544
18969705
18969708
18969765
18969769
18969772
18969809
18969825
18969832
18969929
18969932
18969960
18970020
18970024
18970049
18970056
18970080
18970185
18970188
18970245
18970249
18970252
18970280
18970305
18970312
18970440
18970500
18970560
18970949
18970956
18971073
18971076
18971104
18971329
18971332
18971715
18971717
18971718
18971721
18971722
18971724
18971730
18971732
18971736
18971748
18971752
18971841
18971842
18971844
18971848
18971856
18971872
18971972
18972096
18972352
18981703
18981707
18981709
18981710
18981717
18981718
18981721
18981722
18981733
18981734
18981740
18981748
18981752
18981798
18981830
18981860
18982073
18982246
18982310
18982313
18982328
18982370
18982457
18982553
18982577
18982584
18982681
18982694
18982697
18982712
18982726
18982756
18982790
18982793
18982801
18982817
18982818
18982820
18982824
18982832
18982850
18982880
18983270
18983333
18983334
18983340
18983348
18983366
18983394
18983396
18983590
18983622
18983652
18983750
18983780
18983814
18983844
18983874
18983904
18983993
18984007
18984011
18984013
18984014
18984021
18984022
18984025
18984026
18984038
18984102
18984105
18984113
18984131
18984134
18984137
18984138
18984145
18984146
18984162
18984230
18984233
18984248
18984262
18984292
18984353
18984354
18984356
18984360
18984368
18984386
18984416
18984473
18984486
18984489
18984504
18984518
18984548
18984582
18984585
18984593
18984609
18984610
18984612
18984616
18984624
18984642
18984672
18984864
18985797
18985798
18985802
18985828
18986408
18986537
18986633
18986657
18986664
18986761
18986792
18986881
18986912
18987428
18988073
18988101
18988102
18988105
18988106
18988193
18988225
18988226
18988328
18988448
18988553
18988584
18988673
18988704
18989895
18989899
18989901
18989902
18989909
18989910
18989913
18989914
18989916
18989925
18989926
18989929
18989932
18989940
18989944
18989980
18989990
18990022
18990028
18990036
18990040
18990052
18990428
18990438
18990502
18990552
18990562
18990876
18990886
18990918
18990924
18990932
18990936
18990948
18990982
18990988
18990996
18991010
18991012
18991042
18991044
18991048
18991056
18991072
18991452
18991462
18991523
18991525
18991526
18991530
18991532
18991538
18991540
18991558
18991564
18991572
18991586
18991588
18991782
18991844
18991942
18991948
18991956
18991960
18991972
18992006
18992012
18992020
18992034
18992036
18992066
18992068
18992072
18992080
18992096
18992199
18992203
18992205
18992213
18992217
18992230
18992294
18992323
18992329
18992337
18992354
18992422
18992454
18992460
18992468
18992472
18992484
18992546
18992548
18992578
18992580
18992584
18992592
18992608
18992678
18992740
18992802
18992804
18992864
18992964
18993028
18993088
18993989
18993990
18993993
18993994
18993996
18994004
18994008
18994020
18994024
18994060
18994116
18994120
18994508
18994632
18994956
18995012
18995016
18995076
18995136
18995532
18995618
18995620
18995652
18996036
18996040
18996100
18996160
18996293
18996297
18996417
18996548
18996552
18996672
18998085
18998086
18998089
18998092
18998100
18998104
18998116
18998180
18998212
18998628
18998692
18998752
18999076
18999108
18999172
18999200
18999232
18999652
18999713
18999714
18999716
18999720
18999728
18999748
18999776
18999972
19000004
19000132
19000196
19000224
19000256
19000389
19000390
19000393
19000396
19000404
19000408
19000420
19000484
19000513
19000514
19000516
19000520
19000528
19000544
19000612
19000644
19000736
19000768
19000868
19000900
19000964
19000992
19001024
19002180
19002184
19003808
19004484
19004488
19004608
19051689
19052169
19052200
19059532
19059540
19059544
19060300
19060364
19060424
19061132
19061140
19120732
19120966
19120972
19120980
19120984
19120996
19121092
19121988
19122052
19122112
19122628
19122884
19123524
19123648
19123904
19124812
19125060
19125064
19126660
19149149
19149150
19149165
19149180
19149645
19149646
19149676
19149721
19149737
19149752
19150233
19150249
19150264
19150381
19150382
19150411
19150413
19150414
19150441
19150444
19150471
19150475
19150477
19150478
19150489
19150499
19150501
19150505
19150506
19150508
19150513
19150520
19150531
19150537
19150538
19150561
19150568
19150729
19150737
19150753
19150760
19150768
19150935
19150941
19150942
19151047
19151051
19151059
19151061
19151062
19151529
19151537
19151753
19151761
19151777
19151784
19151895
19151901
19151902
19151943
19151947
19151949
19151950
19151955
19151957
19151958
19151961
19151962
19151971
19151985
19151986
19152007
19152011
19152013
19152014
19152019
19152021
19152022
19152025
19152041
19152049
19152067
19152073
19152074
19152081
19152082
19152195
19152209
19152210
19152225
19152240
19152265
19152273
19152289
19152296
19152304
19152451
19152465
19152466
19152481
19152496
19152521
19152529
19152545
19152552
19152560
19157341
19157372
19157468
19157789
19157790
19157805
19157806
19157820
19157837
19157838
19157852
19157868
19157916
19157964
19157972
19157976
19158364
19158428
19158488
19158571
19158573
19158574
19158603
19158605
19158633
19158636
19158663
19158667
19158669
19158691
19158693
19158698
19158700
19158723
19158729
19158753
19158760
19158812
19158860
19158872
19158924
19158932
19158984
19158992
19159127
19159251
19159253
19159388
19159500
19159508
19159836
19159884
19159892
19159948
19159956
19160008
19160016
19160087
19160091
19160093
19160115
19160135
19160139
19160141
19160147
19160149
19160153
19160163
19160177
19160178
19160199
19160203
19160205
19160211
19160213
19160259
19160265
19160273
19160339
19160348
19160355
19160370
19160387
19160396
19160401
19160402
19160404
19160408
19160417
19160432
19160460
19160468
19160520
19160528
19160595
19160611
19160626
19160643
19160657
19160673
19160688
19160912
19165980
19165996
19166028
19166761
19166764
19166793
19166796
19166853
19166857
19166860
19166881
19166888
19166913
19166920
19167441
19168275
19168277
19168281
19168284
19168305
19168323
19168325
19168329
19168332
19168337
19168338
19168340
19168344
19168353
19168368
19168389
19168393
19168396
19168401
19168404
19168449
19168456
19168464
19168529
19168545
19168560
19168577
19168592
19168785
19168801
19168816
19168833
19168848
19182361
19182377
19182392
19183145
19183241
19183265
19183272
19184665
19184777
19184785
19190556
19190604
19190612
19190616
19210335
19210365
19210366
19210455
19210459
19210461
19210462
19210589
19210590
19210605
19210606
19210620
19210726
19210845
19210846
19210876
19210937
19211085
19211086
19211116
19211161
19211174
19211177
19211206
19211236
19211355
19211357
19211358
19211415
19211419
19211421
19211422
19211449
19211475
19211481
19211482
19211673
19211686
19211689
19211704
19211929
19211953
19211960
19212166
19212169
19212177
19212193
19212196
19212200
19212375
19212381
19212382
19212487
19212491
19212493
19212494
19212499
19212501
19212502
19212518
19212646
19212742
19212772
19212966
19212969
19212998
19213028
19213126
19213156
19213190
19213193
19213220
19213224
19213335
19213341
19213342
19213383
19213387
19213389
19213390
19213395
19213397
19213398
19213401
19213402
19213411
19213414
19213425
19213447
19213451
19213453
19213454
19213459
19213461
19213462
19213465
19213478
19213481
19213489
19213507
19213510
19213513
19213514
19213521
19213606
19213635
19213638
19213649
19213665
19213668
19213702
19213705
19213713
19213729
19213732
19213736
19213862
19213891
19213894
19213905
19213921
19213924
19213958
19213961
19213969
19213985
19213988
19213992
19214415
19214429
19214430
19214445
19214446
19214535
19214539
19214541
19214542
19214669
19214670
19214700
19214925
19214926
19214956
19215435
19215437
19215438
19215495
19215499
19215501
19215502
19215513
19215529
19215555
19215561
19215562
19215753
19215784
19216009
19216033
19216040
19216257
19216288
19216455
19216461
19216462
19216579
19216581
19216582
19217415
19217421
19217422
19217475
19217477
19217478
19217481
19217482
19217489
19217490
19217505
19217506
19217539
19217541
19217542
19217545
19217553
19217569
19217601
19217602
19217729
19217730
19217760
19217793
19217824
19217985
19217986
19218016
19218049
19218080
19218527
19218557
19218558
19218647
19218651
19218653
19218781
19218782
19218797
19218798
19218812
19218908
19218918
19219005
19219006
19219037
19219068
19219229
19219230
19219245
19219246
19219260
19219277
19219278
19219292
19219308
19219356
19219366
19219398
19219404
19219412
19219416
19219428
19219547
19219549
19219607
19219611
19219613
19219667
19219673
19219804
19219868
19219878
19219928
19220252
19220300
19220312
19220358
19220364
19220372
19220388
19220420
19220424
19220567
19220573
19220679
19220683
19220685
19220691
19220693
19220710
19220828
19220838
19220934
19220940
19220948
19220964
19221158
19221220
19221276
19221286
19221318
19221324
19221332
19221348
19221382
19221388
19221396
19221412
19221444
19221448
19221527
19221531
19221533
19221555
19221575
19221579
19221581
19221587
19221589
19221593
19221603
19221606
19221617
19221639
19221643
19221645
19221651
19221653
19221670
19221699
19221705
19221713
19221779
19221788
19221795
19221798
19221827
19221830
19221836
19221841
19221844
19221848
19221857
19221860
19221894
19221900
19221908
19221924
19221956
19221960
19222035
19222051
19222054
19222083
19222097
19222113
19222116
19222180
19222340
19222404
19222607
19222621
19222637
19222638
19222727
19222731
19222733
19222861
19222862
19222876
19222892
19222988
19223085
19223086
19223117
19223148
19223309
19223310
19223324
19223340
19223372
19223436
19223492
19223496
19223627
19223629
19223687
19223691
19223693
19223747
19223753
19223884
19223948
19224008
19224332
19224392
19224452
19224512
19224647
19224653
19224771
19224773
19224908
19225028
19225356
19225412
19225476
19225536
19225607
19225611
19225613
19225619
19225635
19225667
19225669
19225673
19225681
19225697
19225698
19225731
19225733
19225793
19225859
19225868
19225890
19225921
19225922
19225924
19225928
19225936
19225952
19225988
19226048
19226115
19226146
19226177
19226208
19226432
19226717
19226718
19226748
19226837
19226841
19226844
19226972
19226988
19227108
19227196
19227228
19227420
19227436
19227468
19227556
19227588
19227737
19227740
19227797
19227801
19227804
19227857
19227864
19228068
19228548
19228757
19228764
19228869
19228870
19228873
19228876
19228881
19228884
19228900
19229028
19229124
19229348
19229380
19229476
19229508
19229572
19229715
19229717
19229721
19229724
19229745
19229763
19229765
19229766
19229769
19229772
19229777
19229780
19229784
19229793
19229796
19229829
19229830
19229833
19229836
19229841
19229844
19229860
19229889
19229892
19229896
19229969
19229985
19229988
19230017
19230020
19230084
19230225
19230241
19230244
19230273
19230276
19230340
19230797
19230798
19230812
19230828
19230917
19230921
19230924
19231052
19231276
19231308
19231500
19231817
19231820
19231877
19231881
19231884
19231937
19231944
19232837
19232844
19232961
19232964
19233795
19233797
19233801
19233804
19233809
19233825
19233857
19233858
19233860
19233864
19233872
19233888
19233921
19233924
19233984
19234049
19234080
19234112
19234305
19234336
19234368
19243095
19243099
19243101
19243102
19243366
19243577
19243801
19243814
19243817
19243832
19243846
19243876
19244185
19244960
19245254
19245984
19246105
19246150
19246214
19246217
19246225
19246274
19246496
19246752
19247175
19247179
19247181
19247182
19247657
19247881
19247912
19248265
19250185
19250305
19251287
19251291
19251293
19251548
19251558
19251996
19252006
19252038
19252044
19252052
19252056
19252068
19252164
19253060
19253124
19253184
19253700
19254084
19254148
19254208
19254596
19254660
19254720
19255367
19255371
19255373
19255628
19256076
19256132
19256136
19259477
19259481
19259484
19259748
19260196
19260228
19261636
19262532
19262596
19262656
19263557
19263561
19263564
19281065
19281545
19281569
19281576
19288412
19288860
19288908
19289676
19289740
19289800
19291472
19291728
19349852
19350108
19350300
19350348
19350468
19351428
19352004
19352260
19352388
19352452
19352900
19352964
19353156
19353220
19353932
19354188
19354380
19356992
19357248
19383108
19673769
19674691
19674721
19674761
19674792
19675219
19676227
19676242
19682851
19682883
19682913
19683152
19683411
19684176
19684371
19684419
19684433
19684688
19691041
19691073
19691601
19692561
19692609
19692624
19743684
19743827
19744580
19744644
19744851
19745220
19745859
19746116
19747907
19748672
19748931
19749696
19749891
19749953
19750208
19756097
19757121
19758144
20005709
20005710
20005724
20005740
20005767
20005773
20005774
20005782
20005788
20005804
20005830
20005836
20005844
20005848
20005860
20006219
20006221
20006222
20006233
20006234
20006236
20006249
20006252
20006264
20006309
20006310
20006313
20006316
20006324
20006328
20006339
20006342
20006345
20006346
20006348
20006353
20006354
20006356
20006360
20006369
20006370
20006372
20006376
20006384
20006475
20006477
20006478
20006489
20006490
20006492
20006505
20006508
20006520
20006535
20006539
20006541
20006542
20006549
20006550
20006553
20006554
20006556
20006565
20006566
20006570
20006572
20006580
20006595
20006598
20006601
20006602
20006604
20006609
20006610
20006612
20006616
20006625
20006626
20006628
20006632
20006640
20006732
20006744
20006790
20006796
20006850
20006852
20006856
20006864
20006880
20007239
20007245
20007246
20007254
20007260
20007276
20007363
20007366
20007369
20007370
20007372
20007377
20007378
20007380
20007384
20007393
20007394
20007396
20007400
20007408
20007619
20007622
20007625
20007626
20007628
20007634
20007636
20007640
20007652
20007656
20007876
20008007
20008011
20008019
20008021
20008022
20008025
20008026
20008028
20008038
20008131
20008134
20008137
20008138
20008140
20008145
20008146
20008148
20008152
20008162
20008262
20008268
20008386
20008388
20008392
20008400
20008416
20008642
20008644
20008648
20009861
20009862
20009868
20009876
20009892
20009924
20009928
20010313
20010314
20010316
20010328
20010344
20010404
20010408
20010433
20010434
20010436
20010440
20010448
20010464
20010569
20010570
20010572
20010584
20010600
20010629
20010630
20010633
20010634
20010636
20010644
20010648
20010657
20010658
20010660
20010664
20010689
20010690
20010692
20010696
20010704
20010720
20010764
20010824
20010881
20010882
20010884
20010888
20010896
20010912
20010944
20011333
20011334
20011340
20011348
20011364
20011457
20011458
20011460
20011464
20011472
20011488
20011589
20011590
20011596
20011604
20011620
20011713
20011714
20011716
20011720
20011728
20011744
20011844
20011908
20011968
20012069
20012070
20012114
20012130
20012193
20012194
20012226
20012324
20012356
20012360
20012448
20012480
20012549
20012550
20012556
20012564
20012580
20012609
20012610
20012612
20012616
20012624
20012673
20012674
20012676
20012680
20012688
20012704
20012736
20012804
20012928
20018052
20018504
20018624
20018760
20018820
20018824
20018880
20019524
20019648
20019904
20022172
20022182
20022214
20022220
20022228
20022232
20022244
20022630
20022694
20022754
20022876
20022937
20022940
20022961
20022968
20023000
20023068
20023078
20023110
20023116
20023124
20023128
20023140
20023174
20023177
20023180
20023185
20023188
20023192
20023201
20023202
20023204
20023208
20023216
20023234
20023236
20023240
20023248
20023264
20023654
20023718
20023750
20023778
20023780
20023900
20023974
20024006
20024012
20024020
20024036
20024134
20024140
20024148
20024164
20024198
20024204
20024212
20024228
20024258
20024260
20024264
20024272
20024288
20024422
20024486
20024546
20024614
20024646
20024676
20024738
20024770
20024800
20024860
20024870
20024902
20024908
20024916
20024920
20024932
20024966
20024969
20024972
20024977
20024980
20024984
20024993
20024994
20024996
20025000
20025008
20025026
20025028
20025032
20025040
20025056
20025156
20025220
20025224
20025232
20025248
20025280
20026308
20026312
20026956
20027017
20027020
20027032
20027041
20027048
20027080
20027148
20027204
20027208
20027265
20027268
20027272
20027280
20027296
20027328
20027980
20028100
20028228
20028292
20028352
20028940
20028996
20029000
20029057
20029060
20029064
20029072
20029088
20029120
20029312
20030404
20030790
20030914
20031014
20031046
20031076
20031110
20031113
20031128
20031137
20031138
20031140
20031144
20031152
20031170
20031200
20031238
20031300
20031361
20031362
20031364
20031368
20031376
20031392
20031424
20031814
20031908
20031938
20031940
20032070
20032100
20032164
20032194
20032196
20032224
20032324
20032388
20032448
20032612
20032673
20032674
20032688
20032736
20032836
20032928
20032960
20033030
20033092
20033153
20033154
20033156
20033160
20033168
20033184
20033216
20033408
20035208
20035232
20035456
20037248
20038596
20038982
20038988
20038996
20039000
20039012
20039076
20039106
20039108
20039112
20039120
20039136
20039206
20039238
20039244
20039252
20039256
20039268
20039302
20039308
20039316
20039320
20039330
20039332
20039362
20039364
20039368
20039376
20039392
20039430
20039436
20039444
20039448
20039460
20039492
20039554
20039556
20039560
20039568
20039584
20039616
20040006
20040012
20040020
20040024
20040036
20040097
20040098
20040100
20040104
20040112
20040130
20040132
20040136
20040144
20040160
20040262
20040268
20040276
20040280
20040292
20040354
20040386
20040388
20040392
20040400
20040416
20040516
20040578
20040580
20040584
20040592
20040608
20040640
20040996
20041028
20041120
20041152
20041222
20041228
20041236
20041240
20041252
20041284
20041346
20041348
20041352
20041360
20041376
20041408
20041476
20041600
20043076
20043080
20043200
20043332
20043336
20043396
20043400
20043456
20043524
20043528
20043648
20044100
20044104
20044192
20044224
20044356
20044360
20044480
20044672
20045316
20045320
20045440
20047172
20047296
20047396
20047428
20047492
20047520
20047552
20047620
20047744
20048196
20048288
20048320
20048452
20048544
20048576
20048768
20049412
20049536
20092492
20092553
20092556
20092568
20092577
20092584
20092616
20092808
20092816
20094600
20094608
20100744
20104012
20104020
20104024
20104132
20104780
20104838
20104844
20104866
20104868
20104898
20104900
20104904
20104928
20105092
20105152
20105668
20105924
20106052
20106116
20106176
20106564
20106628
20106688
20106820
20106884
20106944
20108100
20108104
20108868
20108872
20108932
20108936
20108992
20113028
20113056
20113088
20169286
20169292
20169300
20169304
20169316
20169412
20169540
20169604
20170052
20170116
20170176
20170308
20170372
20170432
20171076
20171200
20171456
20173380
20173384
20175232
20190108
20190156
20190164
20190168
20190556
20190633
20190648
20190680
20190765
20190766
20190795
20190797
20190798
20190812
20190825
20190828
20190855
20190859
20190861
20190862
20190873
20190876
20190883
20190885
20190889
20190890
20190892
20190897
20190904
20190915
20190921
20190922
20190924
20190936
20190945
20190952
20191004
20191052
20191064
20191113
20191116
20191121
20191124
20191128
20191137
20191144
20191152
20191176
20191184
20191692
20191700
20191948
20191956
20192140
20192148
20192200
20192208
20192279
20192286
20192327
20192331
20192339
20192341
20192342
20192345
20192346
20192348
20192355
20192369
20192370
20192391
20192395
20192398
20192403
20192406
20192425
20192433
20192451
20192457
20192458
20192460
20192465
20192466
20192468
20192472
20192579
20192588
20192593
20192594
20192596
20192600
20192609
20192624
20192673
20192680
20192712
20192720
20192796
20192835
20192844
20192849
20192850
20192852
20192856
20192865
20192880
20192905
20192908
20192913
20192916
20192920
20192929
20192936
20192944
20192968
20192976
20193104
20193160
20193168
20194214
20194246
20194276
20194713
20194726
20194729
20194744
20194786
20194951
20194955
20194957
20194958
20194969
20194979
20194981
20194982
20194985
20194986
20194988
20194993
20195000
20195011
20195014
20195017
20195018
20195041
20195042
20195044
20195048
20195206
20195209
20195217
20195233
20195234
20195236
20195240
20195266
20195296
20195782
20195810
20195812
20196006
20196038
20196068
20196230
20196260
20196290
20196320
20196375
20196381
20196382
20196435
20196437
20196438
20196441
20196442
20196465
20196466
20196487
20196491
20196499
20196501
20196502
20196505
20196518
20196521
20196547
20196550
20196553
20196554
20196561
20196562
20196578
20196689
20196690
20196720
20196742
20196745
20196770
20196772
20196776
20196802
20196832
20196945
20196946
20196976
20196998
20197001
20197009
20197025
20197026
20197028
20197032
20197040
20197058
20197088
20197280
20198808
20198824
20198956
20198988
20199046
20199049
20199050
20199052
20199064
20199074
20199076
20199080
20199106
20199112
20199136
20199304
20200470
20200476
20200529
20200530
20200532
20200536
20200546
20200560
20200594
20200596
20200600
20200616
20200642
20200656
20200770
20200784
20200800
20200840
20201026
20201040
20201056
20201096
20201104
20201120
20202269
20202300
20202332
20202396
20202406
20202438
20202444
20202452
20202456
20202468
20202844
20202908
20202918
20202968
20202978
20203100
20203143
20203147
20203149
20203164
20203171
20203173
20203174
20203178
20203180
20203203
20203209
20203224
20203233
20203234
20203236
20203240
20203292
20203352
20203398
20203404
20203412
20203426
20203428
20203458
20203460
20203464
20203472
20203488
20203868
20203974
20203980
20203988
20204002
20204004
20204124
20204198
20204244
20204260
20204316
20204364
20204372
20204422
20204428
20204436
20204450
20204452
20204482
20204484
20204488
20204496
20204512
20204567
20204571
20204595
20204627
20204629
20204630
20204633
20204634
20204636
20204657
20204658
20204691
20204693
20204694
20204700
20204710
20204753
20204754
20204756
20204760
20204770
20204819
20204828
20204850
20204876
20204881
20204882
20204884
20204888
20204912
20204934
20204940
20204948
20204962
20204964
20204994
20204996
20205000
20205008
20205024
20205075
20205084
20205106
20205137
20205138
20205140
20205144
20205168
20205204
20205218
20205220
20205264
20205280
20205392
20205444
20205504
20206484
20206488
20206532
20206536
20206936
20206996
20207000
20207056
20207180
20207192
20207237
20207238
20207241
20207242
20207244
20207252
20207256
20207265
20207266
20207268
20207272
20207297
20207298
20207300
20207304
20207312
20207328
20207384
20207432
20207492
20207496
20207504
20207552
20207956
20208068
20208072
20208080
20208212
20208324
20208328
20208336
20208404
20208452
20208516
20208520
20208528
20208576
20208689
20208690
20208721
20208722
20208737
20208738
20208785
20208786
20208788
20208792
20208848
20208913
20208914
20208916
20208920
20208929
20208930
20208944
20208961
20208962
20208964
20208968
20208976
20208992
20209028
20209032
20209040
20209088
20209169
20209170
20209172
20209176
20209185
20209186
20209200
20209217
20209218
20209220
20209224
20209232
20209248
20209284
20209288
20209296
20209344
20209424
20209472
20210596
20210628
20211108
20211168
20211333
20211334
20211337
20211340
20211361
20211362
20211364
20211368
20211393
20211394
20211400
20211424
20211588
20211616
20211648
20212164
20212192
20212388
20212420
20212612
20212640
20212672
20212785
20212848
20212881
20212900
20212944
20212960
20213009
20213040
20213072
20213124
20213152
20213184
20213265
20213296
20213328
20213380
20213408
20213440
20215428
20215432
20215456
20215488
20216880
20216928
20217104
20217120
20217152
20217360
20217376
20217408
20222872
20223529
20223564
20223625
20223628
20223640
20223649
20223656
20223688
20223768
20223880
20223888
20224792
20224904
20224912
20225560
20225672
20225680
20227625
20227721
20227745
20227746
20227748
20227752
20227808
20228000
20229024
20229536
20229792
20231720
20231816
20231840
20235938
20235940
20236000
20236164
20236224
20236740
20237124
20237188
20237248
20237636
20237700
20237760
20239940
20239944
20240004
20240008
20240064
20244128
20250839
20250843
20250845
20250846
20251100
20251110
20251356
20251548
20251558
20251590
20251596
20251604
20251608
20251620
20251739
20251741
20251742
20251799
20251803
20251806
20251833
20251859
20251865
20251866
20251868
20251996
20252070
20252073
20252120
20252130
20252252
20252313
20252316
20252344
20252376
20252444
20252492
20252504
20252550
20252553
20252556
20252564
20252568
20252578
20252580
20252584
20252610
20252612
20252616
20252871
20252875
20252877
20252878
20252883
20252885
20252886
20252892
20252902
20253126
20253132
20253140
20253154
20253156
20253350
20253382
20253388
20253396
20253412
20253574
20253580
20253588
20253604
20253634
20253636
20253640
20253719
20253726
20253767
20253771
20253773
20253774
20253779
20253781
20253782
20253785
20253786
20253788
20253798
20253809
20253810
20253831
20253835
20253838
20253843
20253846
20253862
20253865
20253891
20253894
20253897
20253898
20253905
20253906
20253908
20253912
20253922
20253990
20254022
20254028
20254033
20254034
20254036
20254040
20254052
20254086
20254114
20254116
20254120
20254146
20254148
20254152
20254236
20254246
20254278
20254284
20254289
20254290
20254292
20254296
20254308
20254342
20254345
20254348
20254356
20254360
20254370
20254372
20254376
20254402
20254404
20254408
20254532
20254596
20254600
20254919
20254923
20254925
20254926
20254940
20255180
20255436
20255628
20255684
20255688
20255819
20255821
20255822
20255836
20255879
20255883
20255886
20255939
20255945
20255946
20255948
20255960
20256076
20256200
20256332
20256393
20256396
20256408
20256424
20256456
20256524
20256584
20256644
20256648
20256704
20256963
20256965
20256966
20256972
20256980
20257220
20257476
20257668
20257728
20257799
20257806
20257859
20257861
20257862
20257865
20257866
20257868
20257873
20257874
20257876
20257880
20257889
20257890
20257923
20257926
20257985
20257986
20257988
20257992
20258000
20258113
20258114
20258116
20258120
20258128
20258144
20258240
20258316
20258369
20258370
20258372
20258376
20258384
20258400
20258436
20258440
20258496
20259015
20259019
20259021
20259022
20259030
20259034
20259036
20259046
20259270
20259494
20259526
20259556
20259718
20259780
20259915
20259917
20259918
20259930
20259932
20259975
20259979
20259981
20259982
20259990
20259994
20259996
20260006
20260035
20260038
20260041
20260042
20260050
20260056
20260066
20260230
20260290
20260486
20260489
20260504
20260514
20260516
20260520
20260546
20260576
20260738
20260740
20260800
20261059
20261061
20261062
20261066
20261068
20261074
20261076
20261090
20261092
20261314
20261316
20261540
20261570
20261572
20261600
20261764
20261824
20261895
20261901
20261902
20261910
20261916
20261926
20261957
20261958
20261961
20261964
20261969
20261970
20261972
20261976
20261988
20262000
20262019
20262021
20262022
20262026
20262028
20262034
20262036
20262050
20262052
20262081
20262082
20262084
20262088
20262096
20262112
20262150
20262212
20262224
20262274
20262276
20262336
20262406
20262468
20262480
20262530
20262532
20262536
20262592
20263110
20263114
20263116
20264010
20264012
20264070
20264074
20264076
20264130
20264136
20265154
20265156
20265990
20265996
20266049
20266050
20266052
20266056
20266064
20266080
20266114
20266116
20266176
20266304
20266560
20267087
20267101
20267102
20267117
20267118
20267207
20267211
20267213
20267214
20267221
20267222
20267225
20267226
20267228
20267238
20267341
20267342
20267356
20267372
20267462
20267468
20267476
20267480
20267492
20267565
20267566
20267597
20267598
20267612
20267628
20267686
20267718
20267724
20267732
20267736
20267748
20267789
20267790
20267804
20267820
20267852
20267910
20267916
20267924
20267928
20267940
20267972
20268107
20268109
20268110
20268121
20268122
20268124
20268167
20268171
20268173
20268174
20268181
20268182
20268185
20268186
20268188
20268198
20268227
20268233
20268234
20268241
20268242
20268244
20268248
20268258
20268364
20268376
20268422
20268428
20268436
20268440
20268452
20268482
20268484
20268488
20268496
20268512
20268620
20268632
20268678
20268684
20268692
20268696
20268706
20268708
20268738
20268744
20268752
20268768
20268812
20268824
20268930
20268932
20268936
20268944
20268960
20268992
20269127
20269133
20269134
20269141
20269142
20269148
20269251
20269257
20269258
20269265
20269266
20269268
20269272
20269282
20269388
20269396
20269506
20269508
20269512
20269520
20269536
20269644
20269652
20269730
20269762
20269764
20269768
20269776
20269792
20269836
20269844
20269954
20269956
20269960
20269968
20269984
20270016
20270087
20270091
20270093
20270094
20270099
20270101
20270102
20270105
20270106
20270108
20270118
20270129
20270130
20270150
20270161
20270162
20270164
20270168
20270211
20270217
20270218
20270225
20270226
20270228
20270232
20270242
20270274
20270288
20270342
20270348
20270353
20270354
20270356
20270360
20270372
20270384
20270404
20270416
20270466
20270468
20270472
20270480
20270496
20270598
20270604
20270609
20270610
20270612
20270616
20270640
20270722
20270728
20270736
20270752
20270852
20271181
20271182
20271196
20271301
20271302
20271305
20271306
20271308
20271316
20271320
20271436
20271556
20271560
20271692
20271812
20271816
20271884
20272004
20272008
20272201
20272202
20272204
20272216
20272261
20272262
20272265
20272266
20272268
20272276
20272280
20272321
20272322
20272328
20272336
20272456
20272516
20272520
20272576
20272712
20272772
20272776
20272832
20272904
20273024
20273221
20273222
20273228
20273236
20273345
20273346
20273348
20273352
20273360
20273476
20273600
20273732
20273856
20273924
20274048
20274179
20274181
20274182
20274185
20274186
20274188
20274193
20274194
20274196
20274200
20274209
20274210
20274241
20274242
20274244
20274248
20274256
20274305
20274306
20274308
20274312
20274320
20274368
20274433
20274434
20274436
20274440
20274448
20274464
20274496
20274560
20274689
20274690
20274692
20274696
20274704
20274720
20274752
20274816
20275277
20275278
20275292
20275308
20275397
20275398
20275401
20275404
20275412
20275416
20275428
20275532
20275652
20275756
20275788
20275876
20275908
20275980
20276100
20276297
20276300
20276312
20276357
20276358
20276361
20276364
20276372
20276376
20276388
20276417
20276418
20276424
20276432
20276448
20276612
20276672
20276868
20276896
20276928
20277120
20277317
20277324
20277332
20277441
20277442
20277444
20277448
20277456
20277472
20277696
20277920
20277952
20278144
20278277
20278281
20278284
20278289
20278290
20278292
20278296
20278320
20278352
20278401
20278402
20278404
20278408
20278416
20278432
20278464
20278532
20278544
20278656
20278800
20278912
20279372
20279496
20280392
20280456
20281412
20281536
20282369
20282370
20282372
20282376
20282384
20282400
20282432
20282496
20283479
20283483
20283485
20283486
20283612
20283740
20283750
20283961
20283996
20284185
20284188
20284198
20284201
20284216
20284230
20284236
20284244
20284248
20284260
20284312
20284356
20284508
20284632
20285080
20285208
20285252
20285316
20285320
20285328
20285344
20285376
20285532
20285652
20285892
20286232
20286276
20286340
20286344
20286352
20286368
20286400
20286548
20286552
20286672
20286788
20286880
20286912
20287000
20287112
20287120
20287136
20287360
20287559
20287563
20287565
20287566
20287580
20287692
20287820
20288041
20288076
20288265
20288268
20288280
20288296
20288324
20288328
20288392
20288588
20288712
20289160
20289288
20289408
20289612
20289732
20290312
20290432
20290628
20290632
20290752
20291080
20291200
20291655
20291659
20291661
20291662
20291670
20291674
20291676
20291686
20291782
20291910
20292134
20292137
20292152
20292166
20292196
20292358
20292361
20292376
20292420
20292678
20292742
20292745
20292760
20292802
20293280
20293504
20293702
20293826
20293828
20294304
20294528
20294662
20294665
20294680
20294724
20294785
20294786
20294788
20294792
20294800
20294816
20294848
20295040
20295296
20295750
20295754
20295756
20296232
20296456
20296840
20298760
20298880
20299847
20299851
20299853
20299854
20299861
20299862
20299865
20299866
20299868
20299878
20299988
20299992
20300102
20300108
20300116
20300120
20300132
20300228
20300326
20300358
20300372
20300376
20300388
20300550
20300556
20300564
20300568
20300580
20300612
20300676
20300884
20300888
20300948
20300952
20301008
20301124
20301188
20301248
20301572
20301696
20301908
20301912
20302032
20302148
20302272
20302596
20302720
20302868
20302872
20302992
20303108
20303232
20303941
20303942
20303945
20303946
20303956
20303960
20304072
20304196
20304200
20304452
20304456
20304644
20304648
20304968
20305988
20305992
20306112
20306948
20306952
20307072
20308037
20308038
20308041
20308052
20308056
20308068
20308292
20308516
20308740
20310084
20310208
20311044
20311168
20321932
20321992
20325542
20325602
20326022
20326050
20326052
20326082
20326112
20332892
20333340
20333508
20333734
20333794
20334214
20334220
20334242
20334244
20334274
20334276
20334280
20334468
20335044
20335300
20335492
20336004
20336260
20338308
20338312
20338368
20339984
20340032
20340240
20340288
20341924
20341984
20342404
20342432
20342464
20353816
20354696
20358816
20366980
20367040
20382660
20383620
20384196
20384452
20384644
20385156
20385412
20398412
20398532
20398668
20398788
20398860
20398980
20399492
20399748
20415256
20415300
20416384
20417408
20417920
20418176
20419336
20431172
20431620
20714153
20714188
20714392
20715075
20715084
20715105
20715145
20715148
20715160
20715169
20715176
20715208
20715400
20715603
20715612
20715724
20715732
20716424
20716611
20716620
20716625
20716626
20716628
20716632
20716744
20716752
20717192
20722344
20723266
20723296
20723336
20723794
20724802
20726438
20726500
20726724
20727458
20727460
20727684
20727891
20727900
20728020
20728162
20728260
20728610
20728642
20728644
20728708
20728851
20728860
20728899
20728913
20728914
20728916
20728920
20728930
20728980
20729040
20729122
20729154
20729156
20729220
20729378
20730564
20730568
20731216
20731425
20731426
20731457
20731458
20731460
20731464
20731472
20731488
20731524
20731528
20731584
20731664
20731712
20731985
20731986
20731988
20731992
20732100
20732104
20732112
20732240
20732496
20732688
20732736
20732945
20732946
20732948
20732952
20732993
20732994
20732996
20733000
20733008
20733060
20733064
20733072
20733120
20733200
20733248
20733456
20733504
20734628
20735648
20736081
20736352
20736800
20736832
20737041
20737089
20737104
20737120
20737312
20737344
20737568
20739648
20740176
20741136
20741184
20747912
20752032
20791508
20791512
20791748
20792196
20792387
20792401
20792402
20792404
20792408
20792418
20792468
20792472
20792528
20792642
20792644
20792708
20793411
20793426
20793428
20793432
20793668
20795592
20796481
20796488
20796496
20796736
20796992
20797505
20797506
20797508
20797512
20797520
20797632
20797760
20798016
20798465
20798466
20798468
20798472
20798592
20809600
20810624
20819072
22103522
22103942
22103970
22103972
22104002
22104032
22104518
22104546
22104548
22104742
22104804
22104966
22104994
22104996
22105026
22105056
22105426
22105456
22105538
22105568
22105619
22105650
22105682
22105712
22105762
22105764
22105824
22109506
22109536
22109699
22109730
22109762
22109792
22111682
22111878
22111906
22111908
22111938
22111968
22112130
22112132
22112192
22112674
22112676
22112706
22112708
22112930
22112932
22112962
22112992
22113154
22113156
22113216
22113616
22113728
22113810
22113872
22113922
22113924
22113984
22117696
22117890
22117952
22128166
22128198
22128228
22128262
22128290
22128322
22128352
22128390
22128452
22128514
22128576
22129252
22129376
22129476
22129600
22130182
22130244
22130306
22130368
22136610
22136642
22136672
22136706
22136736
22137186
22137282
22137312
22137568
22137666
22137696
22137730
22137760
22138178
22138208
22138402
22138464
22138528
22144546
22144578
22144608
22144642
22144672
22144770
22144832
22144896
22145346
22145472
22145856
22145920
22146368
22146562
22146624
22146688
22175056
22175312
22194080
22195872
22205256
22205264
22233932
22234052
22235012
22235072
22235526
22235532
22235540
22235554
22235556
22235588
22235844
22236036
22236096
22236496
22236548
22236752
22236804
22239620
22240576
22240832
22243714
22243716
22250310
22250340
22251424
22253216
22258500
22259360
22259584
22261376
22266690
22266692
22266696
22266704
22266720
22266816
22267712
22267776
22268290
22268292
22268296
22268304
22268320
22268352
22268608
22268736
22268800
22269248
22269312
22269504
22269568
22304396
22304456
22305616
22306384
22308514
22308516
22308576
22320716
22320840
22324777
22324873
22324897
22324898
22324900
22324904
22324960
22325152
22326176
22326688
22326944
22328872
22328968
22328992
22337096
22341280
22364251
22364254
22364764
22364956
22365004
22365016
22365124
22366084
22366291
22367056
22367108
22367314
22368331
22368334
22368844
22369036
22369096
22370371
22371136
22371394
22371904
22372427
22372429
22372430
22372442
22372444
22372550
22373510
22373570
22374482
22374594
22374596
22375442
22375504
22375554
22375556
22375616
22376522
22378562
22379522
22380902
22381148
22381350
22381382
22381388
22381396
22381400
22381412
22381508
22382404
22383428
22385228
22385476
22385480
22388807
22388811
22388813
22388814
22388822
22388826
22388828
22388838
22388934
22389062
22389286
22389289
22389304
22389318
22389348
22389510
22389513
22389528
22389572
22389830
22389894
22389897
22389912
22389954
22390432
22390656
22390854
22390978
22390980
22391456
22391680
22391814
22391817
22391832
22391876
22391937
22391938
22391940
22391944
22391952
22391968
22392000
22392192
22392448
22392902
22392906
22393384
22393608
22395912
22396032
22397011
22397018
22397282
22397528
22397730
22397762
22397764
22397768
22397776
22397792
22397888
22398784
22399808
22401098
22401608
22405190
22405193
22405202
22405208
22405442
22405890
22406274
22407234
22408194
22408320
22455968
22512452
22568003
22568018
22571810
22571842
22571872
22572099
22572114
22572130
22572322
22572354
22572384
22572578
22572640
22576194
22627682
22628130
22628162
22628192
22628706
22629154
22629186
22629216
22629443
22629458
22629474
22629698
22629922
22633538
22635842
22636290
22636834
22636866
22637090
22637122
22637152
22637314
22637376
22637602
22637634
22637664
22637888
22638082
22638144
22700198
22702370
22716582
22718112
22732962
22759714
22759812
22767650
22767874
22849184
22898754
22899714
22916224
23143993
23144089
23144113
23144120
23144217
23144233
23144248
23144326
23144329
23144337
23144353
23144354
23144356
23144360
23144386
23144902
23144930
23144932
23145410
23145778
23145809
23145810
23145890
23145922
23146003
23146009
23146025
23146033
23146034
23146040
23146065
23146066
23146118
23146121
23146129
23146145
23146146
23146148
23146152
23146178
23146257
23148193
23148200
23148297
23148328
23148417
23148448
23149858
23149889
23149890
23149920
23150083
23150089
23150097
23150113
23150114
23150120
23150128
23150145
23150146
23150176
23150209
23150240
23150337
23150368
23152412
23152472
23152532
23152546
23152548
23152592
23152608
23153059
23153061
23153062
23153074
23153122
23153492
23153556
23153570
23153572
23153616
23153632
23154512
23156492
23156552
23156612
23156672
23157154
23157572
23157636
23157696
23158592
23160708
23160736
23160768
23161250
23161252
23161284
23161312
23161732
23161760
23161792
23162160
23162192
23162272
23162304
23162385
23162416
23162448
23162500
23162528
23162560
23166240
23166272
23166465
23166496
23166528
23176977
23176984
23176993
23176994
23176996
23177000
23177008
23177026
23177028
23177056
23177089
23177090
23177092
23177096
23177104
23177120
23177152
23177570
23177572
23178050
23178052
23178080
23178116
23178176
23179040
23181057
23181064
23181088
23181184
23193376
23193408
23193472
23193952
23194016
23194432
23194496
23215153
23215393
23215408
23215633
23215649
23215664
23223632
23223888
23237452
23237460
23238424
23238536
23238544
23240216
23240328
23240336
23253832
23253840
23276593
23277073
23280673
23280928
23281153
23281184
23282508
23282628
23283588
23283648
23284102
23284108
23284116
23284132
23284164
23284612
23284672
23285072
23285124
23285184
23285328
23288196
23289152
23289408
23292292
23298886
23298892
23298900
23298916
23299012
23299736
23299864
23299908
23299972
23299976
23300486
23300548
23300932
23300996
23301444
23301656
23302980
23303816
23303944
23304064
23305736
23305856
23307076
23307680
23308064
23308160
23309472
23309600
23309856
23309952
23315266
23315268
23315272
23315280
23315296
23315392
23316288
23316352
23316866
23316868
23316872
23316880
23316896
23316928
23317312
23317376
23317824
23317888
23344777
23344801
23344808
23346449
23346465
23346480
23346705
23346721
23346736
23354192
23377448
23404637
23404638
23405721
23406790
23407635
23407641
23407665
23407697
23407698
23407750
23407753
23407761
23407810
23407889
23408145
23408717
23408718
23409801
23411715
23411721
23411729
23411745
23411777
23411778
23411841
23411969
23412000
23412225
23412256
23412827
23413084
23413532
23413592
23415632
23416907
23417164
23417612
23417672
23419712
23421017
23421020
23423057
23423172
23424017
23424080
23424132
23424192
23425097
23427137
23428097
23437395
23437397
23437666
23437668
23437873
23437880
23438097
23438104
23438113
23438114
23438116
23438120
23438128
23438146
23438148
23438176
23438240
23438752
23439136
23439232
23440160
23440256
23441960
23442184
23442208
23453777
23454496
23499544
23500424
23560984
23561028
23565064
23569184
23737889
23769249
23808290
23808832
23830944
24184601
24184604
24184632
24184664
24184710
24184713
24184716
24184721
24184724
24184728
24184737
24184738
24184740
24184744
24184770
24184772
24184776
24185314
24185316
24185794
24185796
24185800
24186387
24186393
24186396
24186409
24186417
24186418
24186424
24186449
24186450
24186452
24186456
24186505
24186513
24186516
24186520
24186529
24186530
24186532
24186536
24186641
24186648
24186756
24186760
24188696
24188712
24188744
24188801
24188804
24188808
24188816
24188832
24188864
24189888
24190304
24190481
24190497
24190498
24190504
24190512
24190529
24190530
24190532
24190536
24190544
24190560
24190593
24190596
24190600
24190608
24190624
24190656
24190721
24190728
24190736
24190752
24190784
24190848
24192897
24192898
24192900
24192904
24192912
24192928
24192960
24193474
24193984
24194608
24194640
24194689
24194690
24194704
24194720
24194752
24194832
24194944
24196992
24198688
24198720
24201090
24201092
24201096
24201104
24201120
24201152
24201666
24201696
24202116
24202176
24202800
24202832
24202912
24203024
24203136
24205184
24206880
24209280
24209856
24217476
24217480
24217488
24217504
24217536
24217956
24218436
24218500
24218560
24218976
24219169
24219170
24219184
24219232
24219296
24219396
24219400
24219408
24219424
24219456
24219520
24234306
24234336
24234816
24234880
24254232
24254344
24254352
24255824
24256017
24256024
24256048
24256080
24256136
24256144
24258464
24260000
24260256
24264208
24265668
24266628
24266688
24267652
24267712
24268164
24268224
24272400
24282052
24282904
24283012
24283016
24283024
24283040
24283072
24283972
24284036
24284096
24284484
24284608
24284696
24284816
24284832
24286992
24287104
24288784
24288896
24291200
24292896
24292992
24298432
24299392
24300352
24300416
24314820
24315544
24315672
24315780
24315784
24316356
24316612
24317457
24317464
24317572
24317576
24319624
24319752
24319872
24321344
24321537
24321544
24321600
24321664
24323744
24323968
24325168
24325280
24325648
24325760
24331652
24331712
24331908
24331968
24332736
24332992
24333584
24333696
24333840
24333952
24347524
24347584
24347972
24348096
24348228
24348296
24348304
24348320
24348420
24348424
24348432
24348448
24349252
24350212
24350216
24350240
24356000
24364608
24385161
24385164
24385176
24385185
24385192
24385224
24385304
24385416
24385424
24386440
24386448
24387089
24387096
24387152
24387208
24387216
24389257
24389281
24389282
24389284
24389288
24389344
24389536
24390560
24391072
24391328
24393352
24393376
24395024
24395280
24397474
24397476
24397536
24397700
24397760
24398724
24398784
24401540
24401544
24401600
24403472
24405664
24413857
24413858
24413860
24413864
24413920
24413976
24414084
24414088
24414096
24414112
24415108
24415120
24415136
24415648
24415904
24417921
24417928
24417936
24417952
24417984
24418064
24418176
24419968
24422048
24422272
24423968
24430240
24445022
24445532
24445724
24445848
24445892
24446616
24446744
24446852
24446856
24447876
24447880
24448019
24448049
24448082
24448529
24448536
24449928
24450696
24450824
24450944
24452099
24452129
24452162
24452609
24452616
24452736
24453212
24453318
24454278
24454281
24454296
24454338
24454816
24455362
24455364
24455840
24456201
24456209
24456210
24456240
24456272
24456321
24456322
24456324
24456328
24456336
24456352
24456384
24456464
24456576
24456720
24456832
24460289
24460290
24460416
24462212
24462784
24464256
24464402
24472704
24477767
24477771
24477779
24477782
24477798
24478022
24478050
24478052
24478246
24478249
24478470
24478473
24478476
24478484
24478488
24478497
24478498
24478500
24478504
24478512
24478532
24478536
24478544
24478560
24478596
24478600
24478608
24478624
24479136
24479492
24479496
24479504
24480516
24480520
24480528
24481862
24482564
24482568
24482592
24485958
24485970
24485972
24486212
24486440
24486560
24486660
24486664
24486688
24487041
24487072
24488002
24488961
24488962
24489088
24494162
24494852
24494856
24494880
24502352
24516232
24520352
24544024
24609092
24609540
24609544
24647441
24647448
24647457
24647560
24647568
24649233
24649240
24649249
24649352
24649360
24651537
24651568
24651680
24653329
24653360
24653472
24655648
24657424
24657440
24659792
24665154
24665664
24676120
24676240
24682112
24708036
24708657
24708881
24708888
24708996
24709000
24709474
24709954
24709956
24710020
24710242
24710673
24710689
24710690
24712737
24712840
24712961
24712968
24714753
24714760
24716848
24716960
24718370
24718432
24718849
24718850
24718912
24718976
24724356
24726276
24726288
24729152
24740740
24741636
24741640
24742660
24778273
24778376
24780966
24782496
24789158
24791428
24794688
24795408
24797348
24805542
24821922
24830112
24854916
24856836
24856848
24909345
24909448
24913568
24914961
24925760
24980608
26298726
26299206
26307396
26395588
26396548
26396608
26397508
26397572
26397632
26460996
26461060
26461120
26461508
26461572
26461632
26461764
26461888
26462596
26482247
26482259
26482275
26482277
26482284
26482401
26486498
26486500
26486504
26486722
26490450
26490562
26490592
26498896
26502818
26502820
26502880
26504800
26519201
26519264
26519313
26519320
26519344
26519425
26519426
26519428
26519432
26519440
26519456
26519488
26521376
26523424
26559308
26559428
26561348
26562631
26563148
26563396
26564416
26566734
26566748
26566854
26568774
26568898
26569734
26569793
26569794
26569808
26569824
26569858
26569860
26569920
26570304
26570822
26583111
26583123
26583125
26583126
26583139
26583141
26583142
26583146
26583148
26583154
26583156
26583266
26583363
26583365
26583366
26583370
26583372
26583378
26583380
26583396
26583490
26583492
26583621
26583622
26583626
26583628
26583634
26583636
26583716
26583746
26583776
26583876
26584000
26584642
26587206
26587218
26587460
26599506
26599748
26600196
26722628
26894502
26927266
28477316
28592004
28608388
28650688
28656516
28672071
28672083
28672102
28672326
28672356
28672553
28672774
28672777
28672780
28672788
28672792
28672802
28672804
28672808
28672836
28672840
28672900
28672904
28673796
28673800
28674820
28674824
28676868
28676872
28680274
28680276
28680516
28680744
28680864
28680964
28680968
28681345
28681376
28682306
28683265
28683266
28689156
28689160
28696656
28738328
28803396
28803844
28803848
28855842
28918660
28919106
28919554
28919556
28920354
28920578
28920580
28935044
28935940
28983462
28985634
28985732
28991652
29016226
29024416
29049220
29050914
29051138
29051140
32844801
32844802
55935068
55935812
55951448
56821400
56821640
56823320
56823432
56825480
56827400
56854280
56856072
56983644
56984344
56988424
57000024
57115160
57115400
57119240
57284129
57284232
57292289
57316872
58032212
58032452
58032900
58032904
58048592
58163720
58332673
58332680
58343588
58343812
61194324
62226516
62226756
62242896
65350657
65350658
84234407
84234662
84234666
84234668
84243587
84243593
84245633
84255078
84255513
84255526
84255544
84256672
84259369
84259593
84259624
84398348
85262822
85263270
85263782
85264614
85265062
85265574
85270982
85271430
85271687
85271702
85271718
85271942
85272228
85272452
85272773
85272774
85272788
85272804
85273028
85273252
85273476
85273733
85273734
85273764
85273988
85280934
85281188
85281444
85289124
85289348
85304992
85306016
85306374
85306498
87369352
