6143
7167
8175
13311
13823
14079
14207
14271
14303
14319
14327
14331
14333
14334
15103
15327
15358
16095
16119
16123
16126
16335
16343
16349
16350
21503
22015
22271
22399
22463
22495
22511
22519
22523
22525
22526
24383
24415
24439
24445
24495
24503
24507
24563
24565
24566
29183
29567
29631
29663
29687
29693
29951
30079
30143
30175
30191
30199
30203
30205
30206
30335
30399
30431
30447
30455
30459
30461
30462
30527
30559
30575
30583
30587
30589
30590
30623
30639
30647
30651
30653
30654
30671
30679
30683
30685
30686
30695
30699
30701
30702
30707
30709
30710
30713
30714
30716
31871
31935
31967
31991
31997
32063
32095
32111
32119
32123
32125
32126
32159
32175
32183
32187
32189
32190
32207
32215
32219
32221
32222
32231
32235
32237
32238
32243
32245
32246
32249
32250
32252
32543
32559
32567
32571
32573
32574
32599
32605
32627
32629
32630
32636
32655
32663
32667
32669
32670
32679
32685
32691
32693
32694
32698
32700
32723
32725
32726
32753
32756
61695
61823
61919
61943
61947
61950
62271
62303
62327
62333
62367
62383
62391
62395
62397
62398
62423
62429
62453
62454
62460
62815
62831
62839
62843
62845
62846
62963
62970
63263
63279
63287
63291
63293
63294
63319
63323
63325
63326
63335
63339
63341
63349
63350
63353
63354
63356
63383
63387
63389
63411
63413
63414
63418
63420
63473
63474
63480
65303
65307
65334
65338
65365
65366
65396
65520
82943
83455
83711
83903
83935
83965
84479
84959
84990
86527
86783
86911
86975
87007
87023
87031
87035
87037
87038
87423
87487
87519
87535
87543
87547
87549
87550
87679
87743
87799
87803
87871
87903
87919
87927
87931
87933
87934
87967
87983
87991
87995
87997
87998
88015
88023
88027
88029
88030
88039
88043
88045
88046
88051
88053
88054
88057
88058
88060
88447
88511
88559
88567
88571
88895
88927
88943
88951
88955
88957
88958
88991
89007
89015
89019
89021
89022
89039
89047
89051
89053
89054
89063
89067
89069
89070
89075
89077
89078
89081
89082
89084
89887
89903
89911
89915
89917
89918
89935
89943
89947
89959
89963
89965
89966
89971
89973
89974
89977
89978
89980
90023
90027
90035
90037
90038
90083
90085
90089
90097
90098
94463
94591
94655
94687
94703
94711
94715
94717
94718
94847
94911
94943
94967
94971
94973
94974
95071
95087
95095
95099
95101
95102
95135
95151
95166
95183
95191
95195
95197
95198
95207
95211
95213
95214
95221
95222
95225
95226
95228
95359
95423
95455
95479
95483
95485
95486
95583
95599
95607
95611
95613
95614
95647
95663
95671
95675
95677
95678
95703
95707
95709
95710
95719
95723
95725
95726
95731
95734
95737
95738
95740
95839
95863
95867
95869
95870
95903
95927
95931
95933
95934
95959
95963
95965
95966
95987
95989
95993
95994
95996
96079
96087
96091
96093
96094
96103
96107
96109
96110
96115
96117
96118
96121
96122
96124
96143
96151
96157
96158
96173
96174
96199
96203
96205
96206
96211
96213
96214
96217
96218
96227
96229
96233
96234
96236
96241
96242
96244
96248
96383
96479
96495
96503
96507
96509
96510
96607
96623
96638
96719
96727
96731
96733
96734
96743
96747
96749
96750
96755
96757
96758
96762
96764
96975
96983
96987
96989
96990
96999
97003
97005
97006
97013
97014
97020
97223
97229
97230
97238
97260
97375
97391
97399
97403
97405
97406
97487
97495
97499
97501
97502
97511
97515
97517
97518
97523
97525
97526
97529
97530
97615
97623
97629
97630
97645
97646
97735
97739
97741
97742
97747
97749
97750
97753
97754
97763
97765
97769
97770
97772
97777
97778
97780
97784
97991
97995
97997
97998
98003
98005
98006
98009
98010
98021
98025
98026
98028
98036
107007
107263
107391
107455
107487
107503
107511
107515
107517
107518
107903
107967
108015
108023
108027
108029
108030
108159
108223
108279
108283
108383
108399
108414
108463
108471
108478
108495
108503
108507
108510
108519
108525
108526
108533
108534
108991
109039
109047
109543
109550
110566
110847
110975
111039
111071
111087
111095
111099
111101
111102
111231
111295
111327
111351
111355
111357
111358
111455
111471
111486
111519
111535
111543
111549
111550
111567
111575
111579
111581
111582
111591
111595
111597
111598
111605
111606
111609
111610
111612
111983
111991
111995
111997
111998
112047
112055
112062
112103
112107
112109
112110
112115
112118
112122
112223
112247
112251
112253
112254
112311
112371
112373
112377
112463
112471
112478
112487
112494
112551
112558
112566
112583
112587
112590
112598
112613
112620
113071
113127
113142
123135
123263
123327
123359
123375
123383
123387
123389
123390
123519
123583
123615
123639
123643
123645
123646
123711
123743
123759
123767
123771
123773
123774
123807
123823
123831
123835
123837
123838
123855
123863
123867
123869
123870
123879
123883
123885
123886
123893
123894
123897
123898
123900
124255
124271
124279
124283
124285
124286
124319
124335
124343
124347
124349
124350
124375
124379
124381
124382
124391
124395
124397
124398
124403
124406
124409
124410
124412
124479
124511
124535
124539
124541
124542
124599
124603
124659
124661
124665
124703
124719
124727
124731
124733
124734
124751
124759
124763
124765
124766
124775
124779
124781
124782
124789
124790
124793
124794
124796
124815
124823
124827
124829
124830
124839
124843
124845
124846
124851
124853
124854
124858
124860
124871
124875
124877
124878
124883
124885
124886
124889
124890
124899
124901
124902
124905
124906
124908
124913
124914
124916
124920
125247
125279
125295
125303
125307
125309
125310
125359
125367
125371
125415
125419
125427
125429
125430
125727
125743
125751
125755
125757
125758
125775
125783
125787
125789
125790
125799
125803
125805
125806
125813
125814
125817
125818
125820
125839
125847
125851
125853
125854
125863
125867
125869
125870
125875
125877
125878
125882
125884
125895
125899
125901
125902
125907
125909
125910
125913
125914
125923
125925
125926
125929
125930
125932
125937
125938
125940
125944
126743
126747
126759
126763
126765
126766
126774
126778
126780
126791
126795
126805
126806
126809
126821
126822
126825
126828
126836
126840
126883
126885
126886
126898
126945
126946
126960
127103
127167
127223
127227
127295
127327
127343
127351
127355
127357
127358
127391
127407
127415
127419
127421
127422
127447
127451
127453
127454
127463
127467
127469
127470
127478
127482
127484
127551
127583
127607
127611
127613
127614
127671
127675
127677
127678
127703
127707
127709
127710
127733
127737
127740
127775
127791
127799
127803
127805
127806
127823
127831
127835
127837
127838
127847
127851
127853
127854
127861
127862
127865
127866
127868
127895
127899
127901
127902
127911
127915
127917
127918
127926
127930
127932
127943
127947
127949
127950
127957
127958
127961
127962
127973
127977
127980
127988
127992
128343
128347
128349
128350
128359
128363
128365
128366
128374
128378
128380
128407
128411
128413
128414
128423
128427
128429
128430
128438
128442
128444
128467
128473
128474
128483
128489
128490
128498
128504
128567
128571
128573
128574
128599
128603
128629
128633
128636
128691
128693
128753
128791
128795
128797
128798
128807
128811
128813
128814
128822
128826
128828
128839
128843
128845
128846
128853
128854
128857
128858
128869
128873
128876
128884
128888
128903
128907
128909
128910
128915
128917
128918
128931
128933
128938
128940
128946
128948
128963
128969
128970
128977
128978
128993
129000
129008
129311
129327
129335
129339
129341
129342
129367
129371
129383
129387
129389
129390
129398
129402
129404
129447
129451
129459
129461
129462
129507
129509
129522
129815
129819
129821
129822
129831
129835
129837
129838
129846
129850
129852
129863
129867
129869
129870
129877
129878
129881
129882
129893
129897
129900
129908
129912
129927
129931
129933
129934
129939
129941
129942
129955
129957
129962
129964
129970
129972
129987
129993
129994
130001
130002
130017
130024
130032
246015
246143
246239
246263
246267
246270
246399
246463
246495
246519
246523
246525
246526
246623
246639
246654
246687
246703
246718
246735
246743
246747
246749
246750
246759
246763
246765
246766
246773
246774
246777
246778
246780
246911
247031
247035
247038
247135
247151
247159
247163
247165
247166
247255
247259
247261
247283
247290
247391
247415
247419
247421
247422
247455
247479
247483
247485
247486
247515
247539
247545
247546
247639
247645
247655
247703
247725
249983
250047
250103
250107
250109
250110
250175
250207
250223
250231
250235
250237
250238
250271
250287
250295
250299
250301
250302
250327
250331
250333
250334
250343
250347
250349
250350
250358
250362
250364
250463
250487
250491
250493
250494
250551
250555
250557
250558
250583
250587
250589
250590
250613
250617
250620
250703
250711
250717
250718
250727
250734
250775
250779
250781
250782
250791
250795
250797
250798
250806
250810
250812
250823
250827
250829
250830
250837
250838
250841
250842
250844
250853
250857
250860
250868
250872
250999
251003
251005
251006
251063
251067
251069
251070
251123
251129
251130
251223
251227
251229
251230
251239
251243
251245
251246
251254
251258
251260
251287
251291
251293
251294
251303
251307
251309
251310
251318
251322
251324
251347
251353
251354
251356
251363
251369
251370
251378
251384
251479
251483
251485
251486
251509
251516
251543
251547
251549
251550
251571
251573
251578
251580
251603
251609
251610
251612
251633
251640
251719
251725
251726
251734
251740
251783
251787
251789
251790
251795
251797
251798
251804
251811
251813
251818
251820
251826
251828
251843
251849
251850
251852
251857
251858
251860
251864
251873
251880
251888
252079
252087
252091
252093
252094
252135
252139
252141
252142
252147
252149
252150
252303
252311
252317
252318
252327
252334
252359
252363
252365
252366
252371
252373
252374
252380
252387
252389
252394
252396
252402
252404
252615
252619
252621
252622
252627
252629
252630
252636
252645
252652
252660
252876
253095
253099
253101
253102
253109
253110
253155
253161
253162
253169
253170
253319
253325
253326
253334
253340
253379
253385
253386
253388
253393
253394
253396
253400
253409
253416
253424
253635
253641
253642
253644
253650
253652
253656
258111
258167
258171
258173
258174
258335
258366
258391
258395
258397
258398
258407
258411
258413
258414
258422
258426
258428
258647
258651
258653
258654
258677
258684
258887
258893
258894
258902
368895
369023
369119
369135
369143
369147
369149
369150
369503
369567
369583
369591
369597
369598
369623
369629
369653
369654
369660
370095
370103
370110
370170
372863
372983
372987
373087
373103
373111
373115
373117
373118
373207
373211
373213
373214
373223
373227
373229
373230
373238
373242
373244
373343
373367
373371
373373
373374
373431
373437
373438
373463
373467
373469
373470
373493
373497
373500
373583
373591
373597
373598
373607
373614
373655
373662
373671
373677
373678
373686
373703
373707
373709
373710
373717
373718
373721
373722
373733
373737
373740
373748
373752
374119
374123
374125
374126
374134
374138
374140
374183
374190
374198
374243
374250
374258
374359
374363
374389
374396
374513
374599
374606
374614
374723
389215
389239
389245
389463
389467
389469
389470
389479
389483
389485
389486
389494
389498
389500
389911
389915
389917
389918
389927
389933
389942
389946
389948
389973
389974
390004
512119
512125
512343
512347
512349
512350
512363
512365
512380
512860
1053695
1054207
1054463
1054591
1054655
1054687
1054703
1054711
1054715
1054717
1054718
1055231
1055487
1055711
1055727
1055742
1055999
1056191
1056223
1056239
1056247
1056251
1056253
1056254
1056479
1056495
1056503
1056507
1056509
1056510
1056719
1056727
1056733
1056734
1056743
1056750
1061375
1061631
1061759
1061823
1061855
1061871
1061879
1061883
1061885
1061886
1062143
1062271
1062367
1062391
1062395
1062398
1062527
1062591
1062623
1062639
1062647
1062651
1062653
1062654
1062751
1062767
1062782
1062815
1062831
1062846
1062863
1062871
1062875
1062877
1062878
1062887
1062891
1062893
1062894
1062899
1062901
1062902
1062905
1062906
1062908
1063647
1063671
1063675
1063678
1063887
1063895
1063901
1063902
1064655
1064663
1064667
1064669
1064670
1064693
1064694
1064698
1064903
1064910
1064918
1064924
1069567
1069823
1069951
1070015
1070047
1070063
1070071
1070075
1070077
1070078
1070335
1070463
1070527
1070559
1070575
1070583
1070587
1070589
1070590
1070719
1070783
1070815
1070831
1070839
1070843
1070845
1070846
1070911
1070943
1070959
1070967
1070971
1070973
1070974
1071007
1071023
1071031
1071035
1071037
1071038
1071055
1071063
1071067
1071069
1071070
1071079
1071083
1071085
1071086
1071091
1071093
1071094
1071097
1071098
1071100
1071359
1071487
1071551
1071583
1071599
1071607
1071611
1071613
1071614
1071743
1071807
1071839
1071855
1071863
1071867
1071869
1071870
1071935
1071967
1071983
1071991
1071995
1071997
1071998
1072031
1072047
1072055
1072059
1072061
1072062
1072079
1072087
1072091
1072093
1072094
1072103
1072107
1072109
1072110
1072115
1072117
1072118
1072121
1072122
1072124
1072255
1072319
1072351
1072367
1072375
1072379
1072381
1072382
1072447
1072479
1072495
1072503
1072507
1072509
1072510
1072543
1072559
1072567
1072571
1072573
1072574
1072591
1072599
1072603
1072605
1072606
1072615
1072619
1072621
1072622
1072627
1072629
1072630
1072633
1072634
1072636
1072703
1072735
1072751
1072759
1072763
1072765
1072766
1072799
1072815
1072823
1072827
1072829
1072830
1072847
1072855
1072859
1072861
1072862
1072871
1072875
1072877
1072878
1072883
1072885
1072886
1072889
1072890
1072892
1072927
1072943
1072951
1072955
1072957
1072958
1072975
1072983
1072987
1072989
1072990
1072999
1073003
1073005
1073006
1073011
1073013
1073014
1073017
1073018
1073020
1073039
1073047
1073051
1073053
1073054
1073063
1073067
1073069
1073070
1073075
1073077
1073078
1073082
1073084
1073095
1073099
1073101
1073102
1073107
1073109
1073110
1073113
1073114
1073116
1073123
1073125
1073129
1073130
1073132
1073137
1073138
1073140
1073144
1073663
1073919
1074047
1074111
1074143
1074159
1074167
1074171
1074173
1074174
1074431
1074559
1074623
1074655
1074671
1074679
1074683
1074685
1074686
1074815
1074879
1074911
1074927
1074935
1074939
1074941
1074942
1075007
1075039
1075055
1075063
1075067
1075069
1075070
1075103
1075119
1075127
1075131
1075133
1075134
1075151
1075159
1075163
1075165
1075166
1075175
1075179
1075181
1075182
1075187
1075189
1075190
1075193
1075194
1075196
1075455
1075583
1075647
1075679
1075695
1075703
1075707
1075709
1075710
1075839
1075903
1075935
1075951
1075959
1075963
1075965
1075966
1076031
1076063
1076079
1076087
1076091
1076093
1076094
1076127
1076143
1076151
1076155
1076157
1076158
1076175
1076183
1076187
1076189
1076190
1076199
1076203
1076205
1076206
1076211
1076213
1076214
1076217
1076218
1076220
1076351
1076415
1076447
1076463
1076471
1076475
1076477
1076478
1076543
1076575
1076591
1076599
1076603
1076605
1076606
1076639
1076655
1076663
1076667
1076669
1076670
1076687
1076695
1076699
1076701
1076702
1076711
1076715
1076717
1076718
1076723
1076725
1076726
1076729
1076730
1076732
1076799
1076831
1076847
1076855
1076859
1076861
1076862
1076895
1076911
1076919
1076923
1076925
1076926
1076943
1076951
1076955
1076957
1076958
1076967
1076971
1076973
1076974
1076979
1076981
1076982
1076985
1076986
1076988
1077023
1077039
1077047
1077051
1077053
1077054
1077071
1077079
1077083
1077085
1077086
1077095
1077099
1077101
1077102
1077107
1077109
1077110
1077113
1077114
1077116
1077135
1077143
1077147
1077149
1077150
1077159
1077163
1077165
1077166
1077171
1077173
1077174
1077178
1077180
1077191
1077195
1077197
1077198
1077203
1077205
1077206
1077209
1077210
1077219
1077221
1077222
1077225
1077226
1077228
1077233
1077234
1077236
1077240
1077631
1077695
1077727
1077743
1077751
1077755
1077757
1077758
1077887
1077951
1077983
1077999
1078007
1078011
1078013
1078014
1078079
1078111
1078127
1078135
1078139
1078141
1078142
1078175
1078191
1078199
1078203
1078205
1078206
1078223
1078231
1078235
1078237
1078238
1078247
1078251
1078253
1078254
1078261
1078262
1078265
1078266
1078268
1078399
1078463
1078495
1078511
1078519
1078523
1078525
1078526
1078623
1078639
1078647
1078651
1078653
1078654
1078687
1078703
1078711
1078715
1078717
1078718
1078743
1078747
1078749
1078750
1078759
1078763
1078765
1078766
1078771
1078774
1078777
1078778
1078780
1078847
1078879
1078895
1078903
1078907
1078909
1078910
1078943
1078959
1078967
1078971
1078973
1078974
1078991
1078999
1079003
1079005
1079006
1079015
1079019
1079021
1079022
1079027
1079029
1079030
1079033
1079034
1079036
1079071
1079087
1079095
1079099
1079101
1079102
1079119
1079127
1079131
1079133
1079134
1079143
1079147
1079149
1079150
1079155
1079157
1079158
1079161
1079162
1079164
1079183
1079191
1079195
1079197
1079198
1079207
1079211
1079213
1079214
1079219
1079221
1079222
1079226
1079228
1079239
1079243
1079245
1079246
1079251
1079253
1079254
1079257
1079258
1079260
1079267
1079269
1079270
1079273
1079274
1079276
1079281
1079282
1079284
1079288
1079423
1079519
1079535
1079543
1079547
1079549
1079550
1079615
1079647
1079663
1079671
1079675
1079677
1079678
1079711
1079727
1079735
1079739
1079741
1079742
1079759
1079767
1079771
1079773
1079774
1079783
1079787
1079789
1079790
1079795
1079797
1079798
1079802
1079804
1079871
1079903
1079927
1079931
1079933
1079934
1079983
1079991
1079995
1079997
1079998
1080015
1080023
1080027
1080029
1080030
1080039
1080043
1080045
1080046
1080051
1080053
1080054
1080057
1080058
1080060
1080095
1080111
1080119
1080123
1080125
1080126
1080143
1080151
1080155
1080157
1080158
1080167
1080171
1080173
1080174
1080179
1080181
1080182
1080185
1080186
1080188
1080207
1080215
1080219
1080221
1080222
1080231
1080235
1080237
1080238
1080243
1080245
1080246
1080250
1080252
1080263
1080267
1080269
1080270
1080275
1080277
1080278
1080281
1080282
1080284
1080291
1080293
1080294
1080297
1080298
1080300
1080305
1080306
1080308
1080312
1080383
1080415
1080431
1080439
1080443
1080445
1080446
1080479
1080495
1080503
1080507
1080509
1080510
1080527
1080535
1080539
1080541
1080542
1080551
1080555
1080557
1080558
1080563
1080565
1080566
1080569
1080570
1080572
1080607
1080623
1080631
1080635
1080637
1080638
1080655
1080663
1080667
1080669
1080670
1080679
1080683
1080685
1080686
1080691
1080693
1080694
1080697
1080698
1080700
1080719
1080727
1080731
1080733
1080734
1080743
1080747
1080749
1080750
1080755
1080757
1080758
1080762
1080764
1080775
1080779
1080781
1080782
1080787
1080789
1080790
1080793
1080794
1080796
1080803
1080805
1080806
1080809
1080810
1080812
1080817
1080818
1080820
1080824
1080863
1080879
1080887
1080891
1080893
1080894
1080911
1080919
1080923
1080925
1080926
1080935
1080939
1080941
1080942
1080947
1080949
1080950
1080953
1080954
1080956
1080975
1080983
1080987
1080989
1080990
1080999
1081003
1081005
1081006
1081011
1081013
1081014
1081018
1081020
1081031
1081035
1081037
1081038
1081043
1081045
1081046
1081049
1081050
1081052
1081059
1081061
1081062
1081065
1081066
1081068
1081073
1081074
1081076
1081080
1081111
1081115
1081117
1081118
1081127
1081131
1081133
1081134
1081139
1081142
1081146
1081148
1081159
1081163
1081165
1081166
1081171
1081173
1081174
1081177
1081178
1081180
1081187
1081189
1081190
1081193
1081194
1081196
1081201
1081202
1081204
1081208
1081223
1081227
1081229
1081230
1081235
1081237
1081238
1081242
1081244
1081251
1081253
1081254
1081258
1081260
1081266
1081268
1081283
1081286
1081289
1081290
1081292
1081297
1081298
1081300
1081304
1081313
1081314
1081316
1081320
1081328
1102303
1102319
1102327
1102331
1102333
1102334
1102527
1102559
1102583
1102587
1102589
1102590
1102655
1102687
1102703
1102711
1102715
1102717
1102718
1102751
1102767
1102775
1102779
1102781
1102782
1102799
1102807
1102811
1102813
1102814
1102823
1102827
1102829
1102830
1102837
1102838
1102841
1102842
1102844
1102975
1103039
1103095
1103099
1103101
1103102
1103199
1103215
1103223
1103227
1103229
1103230
1103263
1103279
1103287
1103291
1103293
1103294
1103319
1103323
1103325
1103326
1103335
1103339
1103341
1103342
1103347
1103350
1103353
1103354
1103356
1103423
1103455
1103471
1103479
1103483
1103485
1103486
1103519
1103535
1103543
1103547
1103549
1103550
1103567
1103575
1103579
1103581
1103582
1103591
1103595
1103597
1103598
1103603
1103605
1103609
1103610
1103612
1103647
1103663
1103671
1103675
1103677
1103678
1103695
1103703
1103707
1103709
1103710
1103719
1103723
1103725
1103726
1103733
1103734
1103737
1103738
1103740
1103759
1103767
1103771
1103773
1103774
1103783
1103787
1103789
1103790
1103795
1103797
1103798
1103802
1103804
1103815
1103819
1103821
1103822
1103827
1103829
1103830
1103833
1103834
1103836
1103843
1103845
1103849
1103850
1103852
1103857
1103858
1103860
1103864
1103999
1104119
1104123
1104125
1104126
1104191
1104223
1104239
1104247
1104251
1104253
1104254
1104287
1104303
1104311
1104315
1104317
1104318
1104335
1104343
1104347
1104349
1104350
1104359
1104363
1104365
1104366
1104371
1104373
1104374
1104378
1104380
1104447
1104479
1104503
1104507
1104509
1104510
1104559
1104567
1104571
1104573
1104574
1104591
1104599
1104603
1104605
1104606
1104615
1104619
1104621
1104622
1104627
1104629
1104630
1104633
1104636
1104671
1104687
1104695
1104699
1104701
1104702
1104719
1104727
1104731
1104733
1104734
1104743
1104747
1104749
1104750
1104757
1104758
1104761
1104762
1104764
1104783
1104791
1104795
1104797
1104798
1104807
1104811
1104813
1104814
1104819
1104821
1104822
1104826
1104828
1104839
1104843
1104845
1104846
1104851
1104853
1104854
1104857
1104858
1104860
1104867
1104869
1104873
1104874
1104876
1104881
1104882
1104884
1104888
1104959
1104991
1105007
1105015
1105019
1105021
1105022
1105055
1105071
1105079
1105083
1105085
1105086
1105103
1105111
1105115
1105117
1105118
1105127
1105131
1105133
1105134
1105139
1105141
1105142
1105145
1105146
1105183
1105199
1105207
1105211
1105213
1105214
1105231
1105239
1105243
1105245
1105246
1105255
1105259
1105261
1105262
1105269
1105270
1105273
1105274
1105276
1105295
1105303
1105307
1105309
1105310
1105319
1105323
1105325
1105326
1105331
1105333
1105334
1105338
1105340
1105351
1105355
1105357
1105358
1105363
1105365
1105366
1105369
1105370
1105372
1105379
1105381
1105385
1105386
1105388
1105393
1105394
1105396
1105400
1105439
1105455
1105463
1105467
1105469
1105470
1105487
1105495
1105499
1105501
1105502
1105511
1105515
1105517
1105518
1105525
1105526
1105529
1105530
1105532
1105551
1105559
1105563
1105565
1105566
1105575
1105579
1105581
1105582
1105587
1105589
1105590
1105594
1105596
1105607
1105611
1105613
1105614
1105619
1105621
1105622
1105625
1105626
1105628
1105635
1105637
1105641
1105642
1105644
1105649
1105650
1105652
1105656
1105687
1105691
1105693
1105694
1105703
1105707
1105709
1105710
1105718
1105722
1105724
1105735
1105739
1105741
1105742
1105749
1105750
1105753
1105754
1105756
1105765
1105769
1105772
1105780
1105784
1105799
1105803
1105805
1105806
1105811
1105813
1105814
1105820
1105827
1105829
1105834
1105836
1105842
1105844
1105859
1105865
1105866
1105868
1105873
1105874
1105876
1105880
1105889
1105896
1105904
1110518
1110522
1110773
1110774
1110780
1110815
1110831
1110839
1110843
1110845
1110846
1110863
1110871
1110875
1110877
1110878
1110887
1110891
1110893
1110894
1110901
1110902
1110905
1110906
1110908
1110935
1110939
1110941
1110942
1110951
1110955
1110957
1110958
1110966
1110970
1110972
1110983
1110987
1110989
1110990
1110997
1110998
1111001
1111002
1111004
1111013
1111014
1111017
1111018
1111020
1111028
1111032
1111283
1111290
1111383
1111387
1111389
1111390
1111399
1111403
1111405
1111406
1111414
1111418
1111420
1111507
1111510
1111513
1111514
1111516
1111538
1111599
1111607
1111611
1111613
1111614
1111631
1111639
1111643
1111645
1111646
1111655
1111659
1111661
1111662
1111669
1111670
1111673
1111674
1111676
1111695
1111703
1111707
1111709
1111710
1111719
1111723
1111725
1111726
1111731
1111733
1111734
1111738
1111740
1111751
1111755
1111757
1111758
1111763
1111766
1111769
1111770
1111772
1111779
1111781
1111782
1111785
1111786
1111788
1111793
1111794
1111796
1111800
1111831
1111835
1111837
1111838
1111847
1111851
1111853
1111854
1111862
1111866
1111868
1111879
1111883
1111885
1111886
1111893
1111894
1111897
1111898
1111900
1111909
1111910
1111913
1111914
1111916
1111924
1111928
1111943
1111947
1111949
1111950
1111955
1111957
1111958
1111962
1111964
1111971
1111973
1111974
1111978
1111980
1111986
1111988
1112003
1112006
1112009
1112010
1112012
1112017
1112018
1112020
1112024
1112033
1112034
1112036
1112040
1112048
1112631
1112635
1112638
1112663
1112667
1112669
1112670
1112693
1112694
1112697
1112698
1112700
1112775
1112779
1112782
1112787
1112789
1112790
1112794
1112796
1112817
1112818
1112820
1112855
1112859
1112861
1112862
1112886
1112890
1112903
1112907
1112909
1112910
1112917
1112918
1112921
1112922
1112924
1112933
1112934
1112937
1112938
1112940
1112948
1112952
1113027
1113030
1113034
1113041
1113042
1113044
1113048
1113072
1113623
1113627
1113629
1113630
1113654
1113658
1113671
1113675
1113677
1113678
1113685
1113686
1113689
1113690
1113692
1113701
1113702
1113705
1113706
1113708
1113716
1113720
1113795
1113798
1113802
1113809
1113810
1113812
1113816
1113840
1113878
1113882
1113884
1113926
1113930
1113932
1113940
1113944
1113956
1113960
1114050
1114064
1134847
1134975
1135039
1135071
1135087
1135095
1135099
1135101
1135102
1135231
1135295
1135327
1135351
1135355
1135357
1135358
1135423
1135455
1135471
1135479
1135483
1135485
1135486
1135519
1135535
1135543
1135547
1135549
1135550
1135567
1135575
1135579
1135581
1135582
1135591
1135595
1135597
1135598
1135605
1135606
1135609
1135610
1135612
1135743
1135807
1135839
1135863
1135867
1135869
1135870
1135967
1135983
1135991
1135995
1135997
1135998
1136031
1136047
1136055
1136059
1136061
1136062
1136087
1136091
1136093
1136094
1136103
1136107
1136109
1136110
1136115
1136118
1136121
1136122
1136124
1136191
1136223
1136247
1136251
1136253
1136254
1136287
1136311
1136315
1136317
1136318
1136343
1136347
1136349
1136350
1136371
1136373
1136377
1136378
1136380
1136415
1136431
1136439
1136443
1136445
1136446
1136463
1136471
1136475
1136477
1136478
1136487
1136491
1136493
1136494
1136499
1136501
1136502
1136505
1136506
1136508
1136527
1136535
1136539
1136541
1136542
1136551
1136555
1136557
1136558
1136563
1136565
1136566
1136570
1136572
1136583
1136587
1136589
1136590
1136595
1136597
1136598
1136601
1136602
1136604
1136611
1136613
1136617
1136618
1136620
1136625
1136626
1136628
1136632
1136767
1136831
1136863
1136879
1136887
1136891
1136893
1136894
1136959
1136991
1137007
1137015
1137019
1137021
1137022
1137055
1137071
1137079
1137083
1137085
1137086
1137103
1137111
1137115
1137117
1137118
1137127
1137131
1137133
1137134
1137139
1137141
1137142
1137146
1137148
1137215
1137247
1137271
1137275
1137277
1137278
1137327
1137335
1137339
1137341
1137342
1137359
1137367
1137371
1137373
1137374
1137383
1137387
1137389
1137390
1137395
1137397
1137398
1137401
1137404
1137439
1137455
1137463
1137467
1137469
1137470
1137487
1137495
1137499
1137501
1137502
1137511
1137515
1137517
1137518
1137523
1137525
1137526
1137529
1137530
1137532
1137551
1137559
1137563
1137565
1137566
1137575
1137579
1137581
1137582
1137587
1137589
1137590
1137594
1137596
1137607
1137611
1137613
1137614
1137619
1137621
1137622
1137625
1137626
1137628
1137635
1137637
1137641
1137642
1137644
1137649
1137650
1137652
1137656
1137727
1137759
1137775
1137783
1137787
1137789
1137790
1137823
1137839
1137847
1137851
1137853
1137854
1137871
1137879
1137883
1137885
1137886
1137895
1137899
1137901
1137902
1137907
1137909
1137910
1137913
1137914
1137951
1137967
1137975
1137979
1137981
1137982
1137999
1138007
1138011
1138013
1138014
1138023
1138027
1138029
1138030
1138035
1138037
1138038
1138041
1138042
1138044
1138063
1138071
1138075
1138077
1138078
1138087
1138091
1138093
1138094
1138099
1138101
1138102
1138106
1138108
1138119
1138123
1138125
1138126
1138131
1138133
1138134
1138137
1138138
1138140
1138147
1138149
1138153
1138154
1138156
1138161
1138162
1138164
1138168
1138207
1138223
1138231
1138235
1138237
1138238
1138255
1138263
1138267
1138269
1138270
1138279
1138283
1138285
1138286
1138291
1138293
1138294
1138297
1138298
1138300
1138319
1138327
1138331
1138333
1138334
1138343
1138347
1138349
1138350
1138355
1138357
1138358
1138362
1138364
1138375
1138379
1138381
1138382
1138387
1138389
1138390
1138393
1138394
1138396
1138403
1138405
1138409
1138410
1138412
1138417
1138418
1138420
1138424
1138455
1138459
1138461
1138462
1138471
1138475
1138477
1138478
1138483
1138486
1138490
1138492
1138503
1138507
1138509
1138510
1138515
1138517
1138518
1138521
1138522
1138524
1138531
1138533
1138537
1138540
1138545
1138546
1138548
1138552
1138567
1138571
1138573
1138574
1138579
1138581
1138582
1138588
1138595
1138597
1138602
1138604
1138610
1138612
1138627
1138633
1138634
1138636
1138641
1138642
1138644
1138648
1138657
1138664
1138672
1142911
1142975
1143007
1143031
1143035
1143037
1143038
1143103
1143135
1143151
1143159
1143163
1143165
1143166
1143199
1143215
1143223
1143227
1143229
1143230
1143255
1143259
1143261
1143262
1143271
1143275
1143277
1143278
1143286
1143290
1143292
1143391
1143415
1143419
1143421
1143422
1143479
1143483
1143485
1143486
1143511
1143515
1143517
1143518
1143541
1143542
1143545
1143546
1143548
1143631
1143639
1143643
1143645
1143646
1143655
1143659
1143661
1143662
1143667
1143669
1143670
1143673
1143674
1143676
1143703
1143709
1143710
1143725
1143726
1143751
1143755
1143757
1143758
1143765
1143766
1143769
1143770
1143772
1143781
1143782
1143785
1143786
1143788
1143796
1143800
1143903
1143927
1143931
1143933
1143934
1143967
1143991
1143995
1143997
1143998
1144023
1144027
1144029
1144030
1144051
1144054
1144057
1144058
1144060
1144151
1144155
1144157
1144158
1144167
1144171
1144173
1144174
1144179
1144182
1144186
1144188
1144215
1144219
1144221
1144222
1144231
1144235
1144237
1144238
1144246
1144250
1144252
1144275
1144278
1144281
1144282
1144284
1144291
1144294
1144297
1144298
1144300
1144306
1144312
1144407
1144411
1144413
1144414
1144435
1144437
1144438
1144441
1144442
1144444
1144471
1144475
1144477
1144478
1144501
1144502
1144506
1144508
1144531
1144534
1144537
1144538
1144540
1144561
1144562
1144564
1144568
1144647
1144651
1144653
1144654
1144659
1144661
1144662
1144665
1144666
1144668
1144675
1144677
1144678
1144681
1144682
1144684
1144689
1144690
1144692
1144696
1144711
1144717
1144718
1144726
1144732
1144748
1144771
1144774
1144777
1144778
1144780
1144785
1144786
1144788
1144792
1144801
1144802
1144804
1144808
1144816
1144927
1144951
1144955
1144957
1144958
1145039
1145047
1145051
1145053
1145054
1145063
1145067
1145069
1145070
1145075
1145077
1145078
1145082
1145084
1145175
1145181
1145182
1145197
1145198
1145287
1145291
1145293
1145294
1145299
1145301
1145302
1145306
1145308
1145315
1145317
1145318
1145322
1145324
1145330
1145332
1145543
1145547
1145549
1145550
1145555
1145557
1145558
1145562
1145564
1145573
1145574
1145577
1145578
1145580
1145588
1145798
1145804
1145935
1145943
1145947
1145949
1145950
1145959
1145963
1145965
1145966
1145973
1145974
1145978
1145980
1146055
1146059
1146061
1146062
1146067
1146069
1146070
1146073
1146074
1146076
1146083
1146086
1146089
1146090
1146092
1146097
1146098
1146100
1146104
1146183
1146189
1146190
1146198
1146204
1146220
1146307
1146310
1146313
1146314
1146316
1146321
1146322
1146324
1146328
1146337
1146338
1146340
1146344
1146352
1146563
1146566
1146569
1146570
1146572
1146578
1146580
1146584
1146596
1146600
1151231
1151359
1151423
1151455
1151471
1151479
1151483
1151485
1151486
1151615
1151679
1151711
1151735
1151739
1151741
1151742
1151839
1151855
1151870
1151903
1151919
1151927
1151931
1151933
1151934
1151951
1151959
1151963
1151965
1151966
1151975
1151979
1151981
1151982
1151989
1151990
1151993
1151994
1151996
1152127
1152191
1152223
1152247
1152251
1152253
1152254
1152351
1152367
1152375
1152379
1152381
1152382
1152415
1152431
1152439
1152443
1152445
1152446
1152471
1152475
1152477
1152478
1152487
1152491
1152493
1152494
1152499
1152502
1152505
1152506
1152508
1152607
1152631
1152635
1152637
1152638
1152671
1152695
1152699
1152701
1152702
1152727
1152731
1152733
1152734
1152755
1152757
1152761
1152762
1152764
1152847
1152855
1152861
1152862
1152871
1152878
1152911
1152919
1152923
1152925
1152926
1152935
1152939
1152941
1152942
1152947
1152949
1152950
1152953
1152954
1152956
1152967
1152971
1152973
1152974
1152979
1152981
1152982
1152985
1152986
1152988
1152995
1152997
1153001
1153002
1153004
1153009
1153010
1153012
1153016
1153215
1153247
1153263
1153271
1153275
1153277
1153278
1153439
1153455
1153470
1153487
1153495
1153499
1153501
1153502
1153511
1153515
1153517
1153518
1153523
1153525
1153526
1153530
1153532
1153743
1153751
1153755
1153757
1153758
1153767
1153771
1153773
1153774
1153781
1153782
1153788
1153991
1153997
1153998
1154006
1154012
1154223
1154231
1154235
1154237
1154238
1154255
1154263
1154267
1154269
1154270
1154279
1154283
1154285
1154286
1154291
1154293
1154294
1154297
1154298
1154447
1154455
1154462
1154471
1154478
1154503
1154507
1154509
1154510
1154515
1154517
1154518
1154521
1154522
1154524
1154531
1154533
1154537
1154538
1154540
1154545
1154546
1154548
1154552
1154759
1154763
1154765
1154766
1154771
1154773
1154774
1154777
1154778
1154780
1154787
1154789
1154794
1154796
1154804
1155020
1155327
1155455
1155519
1155551
1155567
1155575
1155579
1155581
1155582
1155711
1155775
1155807
1155831
1155835
1155837
1155838
1155935
1155951
1155966
1155999
1156015
1156023
1156027
1156029
1156030
1156047
1156055
1156059
1156061
1156062
1156071
1156075
1156077
1156078
1156085
1156086
1156089
1156090
1156092
1156223
1156287
1156319
1156343
1156347
1156349
1156350
1156447
1156463
1156471
1156475
1156477
1156478
1156511
1156527
1156535
1156539
1156541
1156542
1156567
1156571
1156573
1156574
1156583
1156587
1156589
1156590
1156595
1156598
1156601
1156602
1156604
1156703
1156727
1156731
1156733
1156734
1156767
1156791
1156795
1156797
1156798
1156823
1156827
1156829
1156830
1156851
1156853
1156857
1156858
1156860
1156943
1156951
1156957
1156958
1156967
1156974
1157007
1157015
1157019
1157021
1157022
1157031
1157035
1157037
1157038
1157043
1157045
1157046
1157049
1157050
1157052
1157063
1157067
1157069
1157070
1157075
1157077
1157078
1157081
1157082
1157091
1157093
1157094
1157097
1157098
1157100
1157105
1157106
1157108
1157112
1157311
1157343
1157359
1157367
1157371
1157373
1157374
1157535
1157551
1157566
1157583
1157591
1157595
1157597
1157598
1157607
1157611
1157613
1157614
1157619
1157621
1157622
1157626
1157628
1157839
1157847
1157851
1157853
1157854
1157863
1157867
1157869
1157870
1157877
1157878
1157884
1158087
1158093
1158094
1158102
1158118
1158303
1158319
1158327
1158331
1158333
1158334
1158351
1158359
1158363
1158365
1158366
1158375
1158379
1158381
1158382
1158387
1158389
1158390
1158393
1158394
1158543
1158551
1158557
1158558
1158567
1158574
1158599
1158603
1158605
1158606
1158611
1158613
1158614
1158617
1158618
1158627
1158629
1158630
1158633
1158634
1158636
1158641
1158642
1158644
1158648
1158855
1158859
1158861
1158862
1158867
1158869
1158870
1158873
1158874
1158883
1158885
1158886
1158890
1158892
1158900
1159110
1159295
1159391
1159415
1159419
1159421
1159422
1159487
1159519
1159535
1159543
1159547
1159549
1159550
1159583
1159599
1159607
1159611
1159613
1159614
1159639
1159643
1159645
1159646
1159655
1159659
1159661
1159662
1159670
1159674
1159676
1159775
1159799
1159803
1159805
1159806
1159863
1159867
1159869
1159870
1159895
1159899
1159901
1159902
1159925
1159926
1159929
1159930
1159932
1160015
1160023
1160029
1160030
1160039
1160046
1160087
1160091
1160093
1160094
1160103
1160107
1160109
1160110
1160118
1160121
1160122
1160124
1160135
1160139
1160141
1160142
1160149
1160150
1160153
1160154
1160156
1160165
1160166
1160169
1160170
1160172
1160180
1160184
1160287
1160311
1160315
1160317
1160318
1160351
1160375
1160379
1160381
1160382
1160407
1160411
1160413
1160414
1160435
1160438
1160441
1160442
1160444
1160535
1160539
1160541
1160542
1160551
1160555
1160557
1160558
1160566
1160570
1160572
1160599
1160603
1160605
1160606
1160615
1160619
1160621
1160622
1160630
1160633
1160634
1160636
1160659
1160662
1160665
1160666
1160668
1160675
1160678
1160681
1160682
1160684
1160690
1160696
1160791
1160795
1160797
1160798
1160821
1160822
1160826
1160828
1160855
1160859
1160861
1160862
1160883
1160885
1160886
1160889
1160890
1160892
1160915
1160918
1160921
1160922
1160924
1160945
1160946
1160948
1160952
1161031
1161037
1161038
1161046
1161052
1161062
1161095
1161099
1161101
1161102
1161107
1161109
1161110
1161113
1161114
1161116
1161123
1161125
1161126
1161129
1161130
1161132
1161137
1161138
1161140
1161144
1161155
1161158
1161161
1161162
1161164
1161169
1161170
1161172
1161176
1161185
1161186
1161188
1161192
1161200
1161375
1161391
1161399
1161403
1161405
1161406
1161423
1161431
1161435
1161437
1161438
1161447
1161451
1161453
1161454
1161459
1161461
1161462
1161466
1161468
1161615
1161623
1161629
1161630
1161639
1161646
1161671
1161675
1161677
1161678
1161683
1161685
1161686
1161690
1161692
1161699
1161701
1161702
1161706
1161708
1161714
1161716
1161927
1161931
1161933
1161934
1161939
1161941
1161942
1161946
1161948
1161957
1161958
1161962
1161964
1161972
1162182
1162188
1162383
1162391
1162395
1162397
1162398
1162407
1162411
1162413
1162414
1162421
1162422
1162426
1162428
1162439
1162443
1162445
1162446
1162451
1162453
1162454
1162457
1162458
1162460
1162467
1162470
1162473
1162474
1162476
1162481
1162482
1162484
1162488
1162631
1162637
1162638
1162646
1162652
1162662
1162691
1162694
1162697
1162698
1162700
1162705
1162706
1162708
1162712
1162721
1162722
1162724
1162728
1162736
1162947
1162950
1162953
1162954
1162956
1162962
1162964
1162968
1162978
1162980
1167487
1167583
1167607
1167611
1167613
1167614
1167679
1167711
1167727
1167735
1167739
1167741
1167742
1167775
1167791
1167799
1167803
1167805
1167806
1167831
1167835
1167837
1167838
1167847
1167851
1167853
1167854
1167862
1167866
1167868
1167935
1167967
1167991
1167995
1167997
1167998
1168055
1168059
1168061
1168062
1168087
1168091
1168093
1168094
1168117
1168121
1168124
1168159
1168175
1168183
1168187
1168189
1168190
1168207
1168215
1168219
1168221
1168222
1168231
1168235
1168237
1168238
1168245
1168246
1168249
1168250
1168252
1168279
1168283
1168285
1168286
1168295
1168299
1168301
1168302
1168310
1168314
1168316
1168327
1168331
1168333
1168334
1168341
1168342
1168345
1168346
1168348
1168357
1168361
1168364
1168372
1168376
1168479
1168503
1168507
1168509
1168510
1168543
1168567
1168571
1168573
1168574
1168599
1168603
1168605
1168606
1168627
1168633
1168634
1168727
1168731
1168733
1168734
1168743
1168747
1168749
1168750
1168758
1168762
1168764
1168791
1168795
1168797
1168798
1168807
1168811
1168813
1168814
1168822
1168826
1168828
1168851
1168857
1168858
1168860
1168867
1168873
1168874
1168882
1168888
1168951
1168955
1168957
1168958
1168983
1168987
1168989
1168990
1169013
1169017
1169020
1169047
1169051
1169053
1169054
1169075
1169077
1169082
1169084
1169107
1169113
1169114
1169116
1169137
1169144
1169175
1169179
1169181
1169182
1169191
1169195
1169197
1169198
1169206
1169210
1169212
1169223
1169227
1169229
1169230
1169237
1169238
1169241
1169242
1169244
1169253
1169257
1169260
1169268
1169272
1169287
1169291
1169293
1169294
1169299
1169301
1169302
1169308
1169315
1169317
1169322
1169324
1169330
1169332
1169347
1169353
1169354
1169356
1169361
1169362
1169364
1169368
1169377
1169384
1169392
1169471
1169503
1169527
1169531
1169533
1169534
1169567
1169583
1169591
1169595
1169597
1169598
1169615
1169623
1169627
1169629
1169630
1169639
1169643
1169645
1169646
1169651
1169653
1169654
1169695
1169711
1169719
1169723
1169725
1169726
1169751
1169755
1169757
1169758
1169767
1169771
1169773
1169774
1169782
1169786
1169788
1169807
1169815
1169819
1169821
1169822
1169831
1169835
1169837
1169838
1169843
1169845
1169846
1169850
1169852
1169863
1169867
1169869
1169870
1169875
1169877
1169878
1169884
1169891
1169893
1169898
1169900
1169906
1169908
1169975
1169979
1169981
1169982
1170007
1170011
1170013
1170014
1170037
1170041
1170044
1170087
1170091
1170093
1170094
1170099
1170101
1170102
1170119
1170123
1170125
1170126
1170131
1170133
1170134
1170140
1170149
1170153
1170156
1170161
1170164
1170199
1170203
1170205
1170206
1170215
1170219
1170221
1170222
1170230
1170234
1170236
1170247
1170251
1170253
1170254
1170261
1170262
1170265
1170266
1170268
1170277
1170281
1170284
1170292
1170296
1170311
1170315
1170317
1170318
1170323
1170325
1170326
1170332
1170339
1170341
1170346
1170348
1170354
1170356
1170371
1170377
1170378
1170380
1170385
1170386
1170388
1170392
1170401
1170408
1170416
1170463
1170487
1170491
1170493
1170494
1170511
1170519
1170523
1170525
1170526
1170535
1170539
1170541
1170542
1170549
1170550
1170553
1170554
1170575
1170583
1170587
1170589
1170590
1170599
1170603
1170605
1170606
1170611
1170613
1170614
1170631
1170635
1170637
1170638
1170643
1170645
1170646
1170649
1170650
1170652
1170659
1170665
1170666
1170673
1170674
1170711
1170715
1170717
1170718
1170727
1170731
1170733
1170734
1170742
1170746
1170748
1170759
1170763
1170765
1170766
1170773
1170774
1170777
1170778
1170780
1170789
1170793
1170796
1170804
1170808
1170823
1170827
1170829
1170830
1170835
1170837
1170838
1170844
1170851
1170853
1170858
1170860
1170866
1170868
1170883
1170889
1170890
1170892
1170897
1170898
1170900
1170904
1170913
1170920
1170928
1170967
1170971
1170973
1170974
1170983
1170987
1170989
1170990
1170998
1171002
1171004
1171015
1171019
1171021
1171022
1171029
1171030
1171033
1171034
1171036
1171045
1171049
1171052
1171060
1171064
1171079
1171083
1171085
1171086
1171091
1171093
1171094
1171100
1171107
1171109
1171114
1171116
1171122
1171124
1171139
1171145
1171146
1171148
1171153
1171154
1171156
1171160
1171169
1171176
1171184
1171228
1171276
1171284
1171288
1171340
1171348
1171400
1171408
1171583
1171679
1171703
1171707
1171709
1171710
1171775
1171807
1171823
1171831
1171835
1171837
1171838
1171871
1171887
1171895
1171899
1171901
1171902
1171927
1171931
1171933
1171934
1171943
1171947
1171949
1171950
1171958
1171962
1171964
1172031
1172063
1172087
1172091
1172093
1172094
1172151
1172155
1172157
1172158
1172183
1172187
1172189
1172190
1172213
1172217
1172220
1172255
1172271
1172279
1172283
1172285
1172286
1172303
1172311
1172315
1172317
1172318
1172327
1172331
1172333
1172334
1172341
1172342
1172345
1172346
1172348
1172375
1172379
1172381
1172382
1172391
1172395
1172397
1172398
1172406
1172410
1172412
1172423
1172427
1172429
1172430
1172437
1172438
1172441
1172442
1172453
1172454
1172457
1172460
1172468
1172472
1172575
1172599
1172603
1172605
1172606
1172639
1172663
1172667
1172669
1172670
1172695
1172699
1172701
1172702
1172723
1172729
1172730
1172823
1172827
1172829
1172830
1172839
1172843
1172845
1172846
1172854
1172858
1172860
1172887
1172891
1172893
1172894
1172903
1172907
1172909
1172910
1172918
1172922
1172924
1172947
1172953
1172954
1172963
1172966
1172969
1172970
1172978
1172984
1173047
1173051
1173053
1173054
1173079
1173083
1173085
1173086
1173109
1173113
1173116
1173143
1173147
1173149
1173150
1173171
1173173
1173178
1173180
1173203
1173209
1173210
1173233
1173240
1173271
1173275
1173277
1173278
1173287
1173291
1173293
1173294
1173302
1173306
1173308
1173319
1173323
1173325
1173326
1173333
1173334
1173337
1173338
1173349
1173350
1173353
1173356
1173364
1173368
1173383
1173387
1173389
1173390
1173395
1173397
1173398
1173411
1173413
1173414
1173418
1173420
1173426
1173428
1173443
1173446
1173449
1173450
1173457
1173458
1173473
1173474
1173476
1173480
1173488
1173567
1173599
1173623
1173627
1173629
1173630
1173663
1173679
1173687
1173691
1173693
1173694
1173711
1173719
1173723
1173725
1173726
1173735
1173739
1173741
1173742
1173747
1173749
1173750
1173791
1173807
1173815
1173819
1173821
1173822
1173847
1173851
1173853
1173854
1173863
1173867
1173869
1173870
1173878
1173882
1173884
1173903
1173911
1173915
1173917
1173918
1173927
1173931
1173933
1173934
1173939
1173941
1173942
1173946
1173948
1173959
1173963
1173965
1173966
1173971
1173973
1173974
1173987
1173989
1173990
1173994
1173996
1174002
1174004
1174071
1174075
1174077
1174078
1174103
1174107
1174109
1174110
1174133
1174137
1174140
1174183
1174187
1174189
1174190
1174195
1174197
1174198
1174215
1174219
1174221
1174222
1174227
1174229
1174230
1174245
1174246
1174249
1174252
1174257
1174260
1174295
1174299
1174301
1174302
1174311
1174315
1174317
1174318
1174326
1174330
1174332
1174343
1174347
1174349
1174350
1174357
1174358
1174361
1174362
1174373
1174374
1174377
1174380
1174388
1174392
1174407
1174411
1174413
1174414
1174419
1174421
1174422
1174435
1174437
1174438
1174442
1174444
1174450
1174452
1174467
1174470
1174473
1174474
1174481
1174482
1174497
1174498
1174500
1174504
1174512
1174559
1174583
1174587
1174589
1174590
1174607
1174615
1174619
1174621
1174622
1174631
1174635
1174637
1174638
1174645
1174646
1174649
1174650
1174671
1174679
1174683
1174685
1174686
1174695
1174699
1174701
1174702
1174707
1174709
1174710
1174727
1174731
1174733
1174734
1174739
1174741
1174742
1174745
1174746
1174755
1174758
1174761
1174762
1174769
1174770
1174807
1174811
1174813
1174814
1174823
1174827
1174829
1174830
1174838
1174842
1174844
1174855
1174859
1174861
1174862
1174869
1174870
1174873
1174874
1174885
1174886
1174889
1174892
1174900
1174904
1174919
1174923
1174925
1174926
1174931
1174933
1174934
1174947
1174949
1174950
1174954
1174956
1174962
1174964
1174979
1174982
1174985
1174986
1174993
1174994
1175009
1175010
1175012
1175016
1175024
1175063
1175067
1175069
1175070
1175079
1175083
1175085
1175086
1175094
1175098
1175100
1175111
1175115
1175117
1175118
1175125
1175126
1175129
1175130
1175141
1175142
1175145
1175148
1175156
1175160
1175175
1175179
1175181
1175182
1175187
1175189
1175190
1175203
1175205
1175206
1175210
1175212
1175218
1175220
1175235
1175238
1175241
1175242
1175249
1175250
1175265
1175266
1175268
1175272
1175280
1175334
1175366
1175396
1175430
1175458
1175460
1175490
1175520
1175647
1175671
1175675
1175677
1175678
1175767
1175771
1175773
1175774
1175798
1175802
1175804
1175839
1175855
1175863
1175867
1175869
1175870
1175895
1175899
1175901
1175902
1175911
1175915
1175917
1175918
1175926
1175930
1175932
1175959
1175963
1175965
1175966
1175975
1175979
1175981
1175982
1175990
1175994
1175996
1176022
1176026
1176028
1176038
1176042
1176044
1176119
1176123
1176125
1176126
1176151
1176155
1176157
1176158
1176181
1176182
1176185
1176186
1176188
1176246
1176250
1176252
1176278
1176282
1176284
1176308
1176312
1176343
1176347
1176349
1176350
1176359
1176363
1176365
1176366
1176374
1176378
1176380
1176391
1176395
1176397
1176398
1176405
1176406
1176409
1176410
1176412
1176421
1176422
1176425
1176426
1176428
1176436
1176440
1176470
1176474
1176476
1176486
1176490
1176492
1176518
1176522
1176524
1176532
1176536
1176548
1176552
1176663
1176667
1176669
1176670
1176694
1176698
1176700
1176727
1176731
1176733
1176734
1176758
1176762
1176764
1176787
1176790
1176793
1176794
1176796
1176818
1176824
1176918
1176922
1176924
1176934
1176938
1176940
1176982
1176986
1176988
1176998
1177002
1177004
1177042
1177048
1177058
1177064
1177142
1177146
1177148
1177174
1177178
1177180
1177204
1177208
1177238
1177242
1177244
1177266
1177268
1177298
1177304
1177328
1177366
1177370
1177372
1177382
1177386
1177388
1177414
1177418
1177420
1177428
1177432
1177444
1177448
1177478
1177482
1177484
1177490
1177492
1177506
1177508
1177538
1177544
1177552
1177568
1177631
1177655
1177659
1177661
1177662
1177687
1177691
1177693
1177694
1177718
1177722
1177724
1177743
1177751
1177755
1177757
1177758
1177767
1177771
1177773
1177774
1177779
1177781
1177782
1177786
1177788
1177799
1177803
1177805
1177806
1177811
1177813
1177814
1177818
1177820
1177830
1177834
1177836
1177842
1177844
1177879
1177883
1177885
1177886
1177895
1177899
1177901
1177902
1177910
1177914
1177916
1177942
1177946
1177948
1177958
1177962
1177964
1177991
1177995
1177997
1177998
1178003
1178005
1178006
1178010
1178012
1178019
1178021
1178022
1178026
1178028
1178034
1178036
1178054
1178058
1178060
1178066
1178068
1178082
1178084
1178166
1178170
1178172
1178198
1178202
1178204
1178228
1178232
1178278
1178282
1178284
1178290
1178292
1178310
1178314
1178316
1178322
1178324
1178340
1178344
1178352
1178390
1178394
1178396
1178406
1178410
1178412
1178438
1178442
1178444
1178452
1178456
1178468
1178472
1178502
1178506
1178508
1178514
1178516
1178530
1178532
1178562
1178568
1178576
1178592
1178647
1178651
1178653
1178654
1178678
1178682
1178684
1178695
1178699
1178701
1178702
1178709
1178710
1178713
1178714
1178716
1178726
1178730
1178732
1178740
1178744
1178759
1178763
1178765
1178766
1178771
1178773
1178774
1178778
1178780
1178790
1178794
1178796
1178802
1178804
1178819
1178822
1178825
1178826
1178828
1178833
1178834
1178836
1178840
1178850
1178856
1178864
1178902
1178906
1178908
1178918
1178922
1178924
1178950
1178954
1178956
1178964
1178968
1178980
1178984
1179014
1179018
1179020
1179026
1179028
1179042
1179044
1179074
1179080
1179088
1179104
1179158
1179162
1179164
1179174
1179178
1179180
1179206
1179210
1179212
1179220
1179224
1179236
1179240
1179270
1179274
1179276
1179282
1179284
1179298
1179300
1179330
1179336
1179344
1179360
1298495
1298551
1298555
1298557
1298558
1298615
1298619
1298621
1298622
1298719
1298735
1298750
1298775
1298779
1298781
1298782
1298791
1298795
1298797
1298798
1298806
1298810
1298812
1298839
1298843
1298845
1298846
1298855
1298859
1298861
1298862
1298870
1298874
1298876
1298908
1299031
1299035
1299037
1299038
1299061
1299068
1299164
1299271
1299277
1299278
1299286
1299292
1299356
1299404
1299412
1299416
1299804
1299868
1299928
1300060
1300124
1300184
1300300
1300364
1300372
1300424
1300432
1300647
1300651
1300653
1300654
1300661
1300662
1300871
1300877
1300878
1300886
1300892
1300940
1300948
1301196
1301204
1301900
1301960
1301968
1302216
1306679
1306683
1306686
1306742
1306746
1306748
1306903
1306909
1306910
1306966
1306970
1306972
1306982
1306986
1306988
1307222
1307226
1307228
1307252
1307462
1307468
1315327
1315583
1315711
1315775
1315807
1315823
1315831
1315835
1315837
1315838
1316095
1316223
1316287
1316319
1316335
1316343
1316347
1316349
1316350
1316479
1316543
1316575
1316591
1316599
1316603
1316605
1316606
1316703
1316719
1316734
1316767
1316783
1316791
1316795
1316797
1316798
1316815
1316823
1316827
1316829
1316830
1316839
1316843
1316845
1316846
1316851
1316853
1316854
1316857
1316858
1316860
1317119
1317343
1317359
1317367
1317371
1317373
1317374
1317599
1317615
1317623
1317627
1317629
1317630
1317839
1317847
1317853
1317854
1317863
1317870
1318079
1318111
1318127
1318135
1318139
1318141
1318142
1318303
1318319
1318334
1318351
1318359
1318363
1318365
1318366
1318375
1318379
1318381
1318382
1318387
1318389
1318390
1318393
1318394
1318396
1318607
1318615
1318619
1318621
1318622
1318631
1318635
1318637
1318638
1318645
1318646
1318650
1318652
1318855
1318861
1318862
1318870
1318876
1319423
1319679
1319807
1319871
1319903
1319919
1319927
1319931
1319933
1319934
1320191
1320319
1320383
1320415
1320431
1320439
1320443
1320445
1320446
1320575
1320639
1320671
1320687
1320695
1320699
1320701
1320702
1320799
1320830
1320863
1320879
1320887
1320891
1320893
1320894
1320911
1320919
1320923
1320925
1320926
1320935
1320939
1320941
1320942
1320947
1320949
1320950
1320953
1320954
1320956
1321215
1321439
1321455
1321463
1321467
1321469
1321470
1321695
1321711
1321719
1321723
1321725
1321726
1321935
1321943
1321949
1321950
1321959
1321966
1322175
1322207
1322223
1322231
1322235
1322237
1322238
1322399
1322415
1322430
1322447
1322455
1322459
1322461
1322462
1322471
1322475
1322477
1322478
1322483
1322485
1322486
1322489
1322490
1322492
1322703
1322711
1322715
1322717
1322718
1322727
1322731
1322733
1322734
1322741
1322742
1322746
1322748
1322951
1322957
1322958
1322966
1322982
1323263
1323391
1323487
1323503
1323511
1323515
1323517
1323518
1323647
1323711
1323743
1323759
1323767
1323771
1323773
1323774
1323871
1323887
1323902
1323935
1323951
1323959
1323963
1323965
1323966
1323983
1323991
1323995
1323997
1323998
1324007
1324011
1324013
1324014
1324021
1324022
1324025
1324026
1324028
1324159
1324223
1324255
1324271
1324279
1324283
1324285
1324286
1324383
1324399
1324407
1324411
1324413
1324414
1324447
1324463
1324471
1324475
1324477
1324478
1324503
1324507
1324509
1324510
1324519
1324523
1324525
1324526
1324531
1324534
1324537
1324538
1324540
1324639
1324655
1324663
1324667
1324669
1324670
1324703
1324719
1324727
1324731
1324733
1324734
1324751
1324759
1324763
1324765
1324766
1324775
1324779
1324781
1324782
1324787
1324789
1324790
1324793
1324794
1324796
1324879
1324887
1324893
1324894
1324903
1324910
1324943
1324951
1324955
1324957
1324958
1324967
1324971
1324973
1324974
1324979
1324981
1324982
1324985
1324986
1324988
1324999
1325003
1325005
1325006
1325011
1325013
1325014
1325017
1325018
1325020
1325027
1325029
1325030
1325033
1325034
1325036
1325041
1325042
1325044
1325048
1325279
1325295
1325303
1325307
1325309
1325310
1325519
1325527
1325531
1325533
1325534
1325543
1325547
1325549
1325550
1325555
1325557
1325558
1325562
1325564
1325775
1325783
1325787
1325789
1325790
1325799
1325803
1325805
1325806
1325813
1325814
1325818
1325820
1326023
1326029
1326030
1326038
1326044
1326054
1326239
1326255
1326263
1326267
1326269
1326270
1326287
1326295
1326299
1326301
1326302
1326311
1326315
1326317
1326318
1326323
1326325
1326326
1326329
1326330
1326332
1326479
1326487
1326493
1326494
1326503
1326510
1326535
1326539
1326541
1326542
1326547
1326549
1326550
1326553
1326554
1326556
1326563
1326565
1326566
1326569
1326570
1326572
1326577
1326578
1326580
1326584
1326791
1326795
1326797
1326798
1326803
1326805
1326806
1326809
1326810
1326812
1326819
1326821
1326822
1326826
1326828
1326836
1327046
1327052
1331455
1331583
1331679
1331695
1331703
1331707
1331709
1331710
1331839
1331903
1331935
1331951
1331959
1331963
1331965
1331966
1332031
1332063
1332079
1332087
1332091
1332093
1332094
1332127
1332143
1332151
1332155
1332157
1332158
1332175
1332183
1332187
1332189
1332190
1332199
1332203
1332205
1332206
1332213
1332214
1332217
1332218
1332220
1332351
1332415
1332447
1332463
1332471
1332475
1332477
1332478
1332575
1332591
1332599
1332603
1332605
1332606
1332639
1332655
1332663
1332667
1332669
1332670
1332695
1332699
1332701
1332702
1332711
1332715
1332717
1332718
1332723
1332726
1332729
1332730
1332732
1332799
1332831
1332847
1332855
1332859
1332861
1332862
1332895
1332911
1332919
1332923
1332925
1332926
1332943
1332951
1332955
1332957
1332958
1332967
1332971
1332973
1332974
1332979
1332981
1332985
1332986
1332988
1333023
1333039
1333047
1333051
1333053
1333054
1333071
1333079
1333083
1333085
1333086
1333095
1333099
1333101
1333102
1333107
1333109
1333110
1333113
1333114
1333116
1333135
1333143
1333147
1333149
1333150
1333159
1333163
1333165
1333166
1333171
1333173
1333174
1333178
1333180
1333191
1333195
1333197
1333198
1333203
1333205
1333206
1333209
1333210
1333212
1333219
1333221
1333225
1333226
1333228
1333233
1333234
1333236
1333240
1333375
1333471
1333487
1333495
1333499
1333501
1333502
1333599
1333615
1333623
1333627
1333629
1333630
1333711
1333719
1333723
1333725
1333726
1333735
1333739
1333741
1333742
1333747
1333749
1333750
1333754
1333756
1333823
1333855
1333879
1333883
1333885
1333886
1333935
1333943
1333947
1333949
1333950
1333967
1333975
1333979
1333981
1333982
1333991
1333995
1333997
1333998
1334003
1334005
1334006
1334009
1334012
1334047
1334063
1334071
1334075
1334077
1334078
1334095
1334103
1334107
1334109
1334110
1334119
1334123
1334125
1334126
1334131
1334133
1334134
1334137
1334138
1334140
1334159
1334167
1334171
1334173
1334174
1334183
1334187
1334189
1334190
1334195
1334197
1334198
1334202
1334204
1334215
1334219
1334221
1334222
1334227
1334229
1334230
1334233
1334234
1334236
1334243
1334245
1334249
1334250
1334252
1334257
1334258
1334260
1334264
1334335
1334367
1334383
1334391
1334395
1334397
1334398
1334431
1334447
1334455
1334459
1334461
1334462
1334479
1334487
1334491
1334493
1334494
1334503
1334507
1334509
1334510
1334515
1334517
1334518
1334521
1334522
1334559
1334575
1334583
1334587
1334589
1334590
1334607
1334615
1334619
1334621
1334622
1334631
1334635
1334637
1334638
1334643
1334645
1334646
1334649
1334650
1334652
1334671
1334679
1334683
1334685
1334686
1334695
1334699
1334701
1334702
1334707
1334709
1334710
1334714
1334716
1334727
1334731
1334733
1334734
1334739
1334741
1334742
1334745
1334746
1334748
1334755
1334757
1334761
1334762
1334764
1334769
1334770
1334772
1334776
1334815
1334831
1334839
1334843
1334845
1334846
1334863
1334871
1334875
1334877
1334878
1334887
1334891
1334893
1334894
1334899
1334901
1334902
1334905
1334906
1334908
1334927
1334935
1334939
1334941
1334942
1334951
1334955
1334957
1334958
1334963
1334965
1334966
1334970
1334972
1334983
1334987
1334989
1334990
1334995
1334997
1334998
1335001
1335002
1335004
1335011
1335013
1335017
1335018
1335020
1335025
1335026
1335028
1335032
1335063
1335067
1335069
1335070
1335079
1335083
1335085
1335086
1335091
1335094
1335098
1335100
1335111
1335115
1335117
1335118
1335123
1335125
1335126
1335129
1335130
1335132
1335139
1335141
1335145
1335148
1335153
1335154
1335156
1335160
1335175
1335179
1335181
1335182
1335187
1335189
1335190
1335196
1335203
1335205
1335210
1335212
1335218
1335220
1335235
1335241
1335242
1335244
1335249
1335250
1335252
1335256
1335265
1335272
1335280
1335551
1335679
1335775
1335791
1335799
1335803
1335805
1335806
1335935
1335999
1336031
1336047
1336055
1336059
1336061
1336062
1336127
1336159
1336187
1336189
1336190
1336223
1336239
1336247
1336251
1336253
1336254
1336271
1336279
1336283
1336285
1336286
1336295
1336299
1336301
1336302
1336309
1336310
1336313
1336314
1336316
1336447
1336511
1336543
1336559
1336567
1336571
1336573
1336574
1336671
1336699
1336701
1336702
1336735
1336751
1336759
1336763
1336765
1336766
1336791
1336795
1336797
1336798
1336807
1336811
1336813
1336814
1336819
1336822
1336825
1336826
1336828
1336895
1336927
1336955
1336957
1336958
1336991
1337007
1337015
1337019
1337021
1337022
1337039
1337047
1337051
1337053
1337054
1337063
1337067
1337069
1337070
1337075
1337077
1337081
1337082
1337084
1337119
1337147
1337149
1337150
1337179
1337181
1337182
1337209
1337210
1337212
1337231
1337239
1337243
1337245
1337246
1337255
1337259
1337261
1337262
1337267
1337269
1337270
1337274
1337276
1337287
1337291
1337293
1337294
1337299
1337301
1337302
1337305
1337306
1337315
1337317
1337318
1337321
1337322
1337324
1337329
1337330
1337332
1337336
1337471
1337567
1337583
1337591
1337595
1337597
1337598
1337695
1337711
1337719
1337723
1337725
1337726
1337807
1337815
1337819
1337821
1337822
1337831
1337835
1337837
1337838
1337843
1337845
1337846
1337850
1337852
1337919
1337951
1337975
1337979
1337981
1337982
1338031
1338039
1338043
1338045
1338046
1338063
1338071
1338075
1338077
1338078
1338087
1338091
1338093
1338094
1338099
1338101
1338102
1338105
1338108
1338143
1338159
1338167
1338171
1338173
1338174
1338191
1338199
1338203
1338205
1338206
1338215
1338219
1338221
1338222
1338227
1338229
1338230
1338233
1338234
1338236
1338255
1338263
1338267
1338269
1338270
1338279
1338283
1338285
1338286
1338291
1338293
1338294
1338298
1338300
1338311
1338315
1338317
1338318
1338323
1338325
1338326
1338329
1338330
1338339
1338341
1338342
1338345
1338346
1338348
1338353
1338354
1338356
1338360
1338431
1338463
1338479
1338487
1338491
1338493
1338494
1338527
1338543
1338551
1338555
1338557
1338558
1338575
1338583
1338587
1338589
1338590
1338599
1338603
1338605
1338606
1338611
1338613
1338614
1338617
1338618
1338655
1338671
1338679
1338683
1338685
1338686
1338703
1338711
1338715
1338717
1338718
1338727
1338731
1338733
1338734
1338739
1338741
1338742
1338745
1338746
1338748
1338767
1338775
1338779
1338781
1338782
1338791
1338795
1338797
1338798
1338803
1338805
1338806
1338810
1338812
1338823
1338827
1338829
1338830
1338835
1338837
1338838
1338841
1338842
1338851
1338853
1338854
1338857
1338858
1338860
1338865
1338866
1338868
1338872
1338911
1338927
1338935
1338939
1338941
1338942
1338959
1338967
1338971
1338973
1338974
1338983
1338987
1338989
1338990
1338995
1338997
1338998
1339001
1339002
1339004
1339023
1339031
1339035
1339037
1339038
1339047
1339051
1339053
1339054
1339059
1339061
1339062
1339066
1339068
1339079
1339083
1339085
1339086
1339091
1339093
1339094
1339097
1339098
1339107
1339109
1339110
1339113
1339114
1339116
1339121
1339122
1339124
1339128
1339159
1339163
1339165
1339166
1339175
1339179
1339181
1339182
1339187
1339190
1339194
1339196
1339207
1339211
1339213
1339214
1339219
1339221
1339222
1339225
1339226
1339235
1339237
1339238
1339241
1339244
1339249
1339250
1339252
1339256
1339271
1339275
1339277
1339278
1339283
1339285
1339286
1339299
1339301
1339302
1339306
1339308
1339314
1339316
1339331
1339334
1339337
1339338
1339345
1339346
1339361
1339362
1339364
1339368
1339376
1339639
1339643
1339645
1339646
1339743
1339759
1339767
1339771
1339773
1339774
1339863
1339867
1339869
1339870
1339879
1339883
1339885
1339886
1339894
1339898
1339900
1339967
1339999
1340015
1340023
1340027
1340029
1340030
1340079
1340087
1340091
1340093
1340094
1340111
1340119
1340123
1340125
1340126
1340135
1340139
1340141
1340142
1340149
1340150
1340153
1340154
1340156
1340191
1340207
1340215
1340219
1340221
1340222
1340239
1340247
1340251
1340253
1340254
1340267
1340269
1340270
1340275
1340277
1340278
1340281
1340282
1340284
1340311
1340315
1340317
1340318
1340327
1340331
1340333
1340334
1340342
1340346
1340348
1340359
1340363
1340365
1340366
1340373
1340374
1340377
1340378
1340380
1340389
1340390
1340393
1340394
1340396
1340404
1340408
1340511
1340527
1340535
1340539
1340541
1340542
1340575
1340591
1340599
1340603
1340605
1340606
1340623
1340631
1340635
1340637
1340638
1340647
1340651
1340653
1340654
1340659
1340662
1340665
1340666
1340668
1340759
1340763
1340765
1340766
1340775
1340779
1340781
1340782
1340787
1340790
1340794
1340796
1340823
1340827
1340829
1340830
1340839
1340843
1340845
1340846
1340854
1340858
1340860
1340883
1340886
1340889
1340890
1340892
1340899
1340902
1340905
1340906
1340908
1340914
1340920
1340975
1340983
1340987
1340989
1340990
1341007
1341015
1341019
1341021
1341022
1341031
1341035
1341037
1341038
1341043
1341045
1341046
1341049
1341050
1341052
1341071
1341079
1341083
1341085
1341086
1341095
1341099
1341101
1341102
1341107
1341109
1341110
1341114
1341116
1341127
1341131
1341133
1341134
1341139
1341142
1341145
1341146
1341148
1341155
1341157
1341158
1341161
1341162
1341164
1341169
1341170
1341172
1341176
1341207
1341211
1341213
1341214
1341223
1341227
1341229
1341230
1341235
1341238
1341242
1341244
1341255
1341259
1341261
1341262
1341267
1341269
1341270
1341273
1341274
1341276
1341283
1341285
1341286
1341289
1341290
1341292
1341297
1341298
1341300
1341304
1341319
1341323
1341325
1341326
1341331
1341333
1341334
1341338
1341340
1341347
1341349
1341350
1341354
1341356
1341362
1341364
1341379
1341382
1341385
1341386
1341388
1341393
1341394
1341396
1341400
1341409
1341410
1341412
1341416
1341424
1341535
1341559
1341563
1341565
1341566
1341647
1341655
1341659
1341661
1341662
1341671
1341675
1341677
1341678
1341683
1341685
1341686
1341690
1341692
1341783
1341787
1341789
1341790
1341799
1341803
1341805
1341806
1341811
1341814
1341818
1341820
1341895
1341899
1341901
1341902
1341907
1341909
1341910
1341914
1341916
1341923
1341925
1341926
1341930
1341932
1341938
1341940
1342007
1342011
1342013
1342014
1342039
1342043
1342045
1342046
1342067
1342069
1342070
1342073
1342074
1342076
1342119
1342123
1342125
1342126
1342131
1342133
1342134
1342138
1342140
1342151
1342155
1342157
1342158
1342163
1342165
1342166
1342170
1342172
1342181
1342182
1342185
1342186
1342188
1342193
1342194
1342196
1342200
1342231
1342235
1342237
1342238
1342247
1342251
1342253
1342254
1342259
1342262
1342266
1342268
1342279
1342283
1342285
1342286
1342291
1342293
1342294
1342297
1342298
1342300
1342307
1342309
1342310
1342313
1342314
1342316
1342321
1342322
1342324
1342328
1342343
1342347
1342349
1342350
1342355
1342357
1342358
1342362
1342364
1342371
1342373
1342374
1342378
1342380
1342386
1342388
1342403
1342406
1342409
1342410
1342412
1342417
1342418
1342420
1342424
1342433
1342434
1342436
1342440
1342448
1342495
1342519
1342523
1342525
1342526
1342543
1342551
1342555
1342557
1342558
1342567
1342571
1342573
1342574
1342579
1342581
1342582
1342585
1342586
1342588
1342607
1342615
1342619
1342621
1342622
1342631
1342635
1342637
1342638
1342643
1342645
1342646
1342650
1342652
1342663
1342667
1342669
1342670
1342675
1342677
1342678
1342681
1342682
1342684
1342691
1342694
1342697
1342698
1342700
1342705
1342706
1342708
1342712
1342743
1342747
1342749
1342750
1342759
1342763
1342765
1342766
1342771
1342774
1342778
1342780
1342791
1342795
1342797
1342798
1342803
1342805
1342806
1342809
1342810
1342812
1342819
1342821
1342822
1342825
1342826
1342828
1342833
1342834
1342836
1342840
1342855
1342859
1342861
1342862
1342867
1342869
1342870
1342874
1342876
1342883
1342885
1342886
1342890
1342892
1342898
1342900
1342915
1342918
1342921
1342922
1342924
1342929
1342930
1342932
1342936
1342945
1342946
1342948
1342952
1342960
1342999
1343003
1343005
1343006
1343015
1343019
1343021
1343022
1343027
1343030
1343034
1343036
1343047
1343051
1343053
1343054
1343059
1343061
1343062
1343065
1343066
1343068
1343075
1343077
1343078
1343081
1343082
1343084
1343089
1343090
1343092
1343096
1343111
1343115
1343117
1343118
1343123
1343125
1343126
1343130
1343132
1343139
1343141
1343142
1343146
1343148
1343154
1343156
1343171
1343174
1343177
1343178
1343180
1343185
1343186
1343188
1343192
1343201
1343202
1343204
1343208
1343216
1343251
1343254
1343258
1343260
1343267
1343270
1343274
1343276
1343282
1343299
1343302
1343306
1343308
1343313
1343314
1343316
1343320
1343329
1343330
1343332
1343336
1343344
1343366
1343370
1343372
1343378
1343380
1343394
1343396
1343426
1343432
1343440
1343456
1347839
1347967
1348063
1348079
1348087
1348091
1348093
1348094
1348223
1348287
1348319
1348335
1348343
1348347
1348349
1348350
1348415
1348447
1348463
1348471
1348475
1348477
1348478
1348511
1348527
1348535
1348539
1348541
1348542
1348559
1348567
1348571
1348573
1348574
1348583
1348587
1348589
1348590
1348597
1348598
1348601
1348602
1348604
1348735
1348799
1348831
1348847
1348855
1348859
1348861
1348862
1348959
1348975
1348983
1348987
1348989
1348990
1349023
1349039
1349047
1349051
1349053
1349054
1349079
1349083
1349085
1349086
1349095
1349099
1349101
1349102
1349107
1349110
1349113
1349114
1349116
1349183
1349215
1349231
1349239
1349243
1349245
1349246
1349279
1349295
1349303
1349307
1349309
1349310
1349327
1349335
1349339
1349341
1349342
1349351
1349355
1349357
1349358
1349363
1349365
1349369
1349370
1349372
1349407
1349423
1349431
1349435
1349437
1349438
1349455
1349463
1349467
1349469
1349470
1349479
1349483
1349485
1349486
1349493
1349494
1349497
1349498
1349500
1349519
1349527
1349531
1349533
1349534
1349543
1349547
1349549
1349550
1349555
1349557
1349558
1349561
1349562
1349564
1349575
1349579
1349581
1349582
1349587
1349589
1349590
1349593
1349594
1349596
1349603
1349605
1349609
1349610
1349612
1349617
1349618
1349620
1349624
1349759
1349855
1349871
1349879
1349883
1349885
1349886
1349983
1349999
1350007
1350011
1350013
1350014
1350095
1350103
1350107
1350109
1350110
1350119
1350123
1350125
1350126
1350131
1350133
1350134
1350138
1350140
1350207
1350239
1350263
1350267
1350269
1350270
1350319
1350327
1350331
1350333
1350334
1350351
1350359
1350363
1350365
1350366
1350375
1350379
1350381
1350382
1350387
1350389
1350390
1350393
1350396
1350431
1350447
1350455
1350459
1350461
1350462
1350479
1350487
1350491
1350493
1350494
1350503
1350507
1350509
1350510
1350517
1350518
1350521
1350522
1350524
1350543
1350551
1350555
1350557
1350558
1350567
1350571
1350573
1350574
1350579
1350581
1350582
1350585
1350586
1350588
1350599
1350603
1350605
1350606
1350611
1350613
1350614
1350617
1350618
1350620
1350627
1350629
1350633
1350634
1350636
1350641
1350642
1350644
1350648
1350719
1350751
1350767
1350775
1350779
1350781
1350782
1350815
1350831
1350839
1350843
1350845
1350846
1350863
1350871
1350875
1350877
1350878
1350887
1350891
1350893
1350894
1350899
1350901
1350902
1350905
1350906
1350943
1350959
1350967
1350971
1350973
1350974
1350991
1350999
1351003
1351005
1351006
1351015
1351019
1351021
1351022
1351029
1351030
1351033
1351034
1351036
1351055
1351063
1351067
1351069
1351070
1351079
1351083
1351085
1351086
1351091
1351093
1351094
1351097
1351098
1351100
1351111
1351115
1351117
1351118
1351123
1351125
1351126
1351129
1351130
1351132
1351139
1351141
1351145
1351146
1351148
1351153
1351154
1351156
1351160
1351199
1351215
1351223
1351227
1351229
1351230
1351247
1351255
1351259
1351261
1351262
1351271
1351275
1351277
1351278
1351285
1351286
1351289
1351290
1351292
1351311
1351319
1351323
1351325
1351326
1351335
1351339
1351341
1351342
1351347
1351349
1351350
1351353
1351354
1351356
1351367
1351371
1351373
1351374
1351379
1351381
1351382
1351385
1351386
1351388
1351395
1351397
1351401
1351402
1351404
1351409
1351410
1351412
1351416
1351447
1351451
1351453
1351454
1351463
1351467
1351469
1351470
1351478
1351481
1351482
1351484
1351495
1351499
1351501
1351502
1351509
1351510
1351513
1351514
1351516
1351525
1351529
1351532
1351540
1351544
1351559
1351563
1351565
1351566
1351571
1351573
1351574
1351577
1351580
1351587
1351589
1351593
1351594
1351596
1351601
1351602
1351604
1351608
1351619
1351625
1351626
1351628
1351633
1351634
1351636
1351640
1351649
1351656
1351664
1351935
1352063
1352159
1352175
1352183
1352187
1352189
1352190
1352319
1352383
1352415
1352431
1352439
1352443
1352445
1352446
1352511
1352543
1352559
1352567
1352571
1352573
1352574
1352607
1352623
1352631
1352635
1352637
1352638
1352655
1352663
1352667
1352669
1352670
1352679
1352683
1352685
1352686
1352693
1352694
1352697
1352698
1352700
1352831
1352895
1352927
1352943
1352951
1352955
1352957
1352958
1353055
1353071
1353079
1353083
1353085
1353086
1353119
1353135
1353143
1353147
1353149
1353150
1353175
1353179
1353181
1353182
1353191
1353195
1353197
1353198
1353203
1353206
1353209
1353210
1353212
1353279
1353311
1353327
1353335
1353339
1353341
1353342
1353375
1353391
1353399
1353403
1353405
1353406
1353423
1353431
1353435
1353437
1353438
1353447
1353451
1353453
1353454
1353459
1353461
1353465
1353466
1353468
1353503
1353519
1353527
1353531
1353533
1353534
1353551
1353559
1353563
1353565
1353566
1353575
1353579
1353581
1353582
1353589
1353590
1353593
1353594
1353596
1353615
1353623
1353627
1353629
1353630
1353639
1353643
1353645
1353646
1353651
1353653
1353654
1353657
1353658
1353660
1353671
1353675
1353677
1353678
1353683
1353685
1353686
1353689
1353690
1353699
1353701
1353702
1353705
1353706
1353708
1353713
1353714
1353716
1353720
1353855
1353951
1353967
1353975
1353979
1353981
1353982
1354079
1354095
1354103
1354107
1354109
1354110
1354191
1354199
1354203
1354205
1354206
1354215
1354219
1354221
1354222
1354227
1354229
1354230
1354234
1354236
1354303
1354335
1354359
1354363
1354365
1354366
1354415
1354423
1354427
1354429
1354430
1354447
1354455
1354459
1354461
1354462
1354471
1354475
1354477
1354478
1354483
1354485
1354486
1354489
1354492
1354527
1354543
1354551
1354555
1354557
1354558
1354575
1354583
1354587
1354589
1354590
1354599
1354603
1354605
1354606
1354613
1354614
1354617
1354618
1354620
1354639
1354647
1354651
1354653
1354654
1354663
1354667
1354669
1354670
1354675
1354677
1354678
1354681
1354682
1354684
1354695
1354699
1354701
1354702
1354707
1354709
1354710
1354713
1354714
1354723
1354725
1354726
1354729
1354730
1354732
1354737
1354738
1354740
1354744
1354815
1354847
1354863
1354871
1354875
1354877
1354878
1354911
1354927
1354935
1354939
1354941
1354942
1354959
1354967
1354971
1354973
1354974
1354983
1354987
1354989
1354990
1354995
1354997
1354998
1355001
1355002
1355039
1355055
1355063
1355067
1355069
1355070
1355087
1355095
1355099
1355101
1355102
1355111
1355115
1355117
1355118
1355125
1355126
1355129
1355130
1355132
1355151
1355159
1355163
1355165
1355166
1355175
1355179
1355181
1355182
1355187
1355189
1355190
1355193
1355194
1355196
1355207
1355211
1355213
1355214
1355219
1355221
1355222
1355225
1355226
1355235
1355237
1355238
1355241
1355242
1355244
1355249
1355250
1355252
1355256
1355295
1355311
1355319
1355323
1355325
1355326
1355343
1355351
1355355
1355357
1355358
1355367
1355371
1355373
1355374
1355381
1355382
1355385
1355386
1355388
1355407
1355415
1355419
1355421
1355422
1355431
1355435
1355437
1355438
1355443
1355445
1355446
1355449
1355450
1355452
1355463
1355467
1355469
1355470
1355475
1355477
1355478
1355481
1355482
1355491
1355493
1355494
1355497
1355498
1355500
1355505
1355506
1355508
1355512
1355543
1355547
1355549
1355550
1355559
1355563
1355565
1355566
1355574
1355577
1355578
1355580
1355591
1355595
1355597
1355598
1355605
1355606
1355609
1355610
1355621
1355622
1355625
1355628
1355636
1355640
1355655
1355659
1355661
1355662
1355667
1355669
1355670
1355673
1355683
1355685
1355686
1355689
1355690
1355692
1355697
1355698
1355700
1355704
1355715
1355718
1355721
1355722
1355729
1355730
1355745
1355746
1355748
1355752
1355760
1356023
1356027
1356029
1356030
1356127
1356143
1356151
1356155
1356157
1356158
1356247
1356251
1356253
1356254
1356263
1356267
1356269
1356270
1356278
1356282
1356284
1356351
1356383
1356399
1356407
1356411
1356413
1356414
1356463
1356471
1356475
1356477
1356478
1356495
1356503
1356507
1356509
1356510
1356519
1356523
1356525
1356526
1356533
1356534
1356537
1356538
1356540
1356575
1356591
1356599
1356603
1356605
1356606
1356623
1356631
1356635
1356637
1356638
1356647
1356651
1356653
1356654
1356661
1356662
1356665
1356666
1356668
1356695
1356699
1356701
1356702
1356711
1356715
1356717
1356718
1356726
1356729
1356730
1356732
1356743
1356747
1356749
1356750
1356757
1356758
1356761
1356762
1356764
1356773
1356774
1356777
1356778
1356780
1356788
1356792
1356895
1356911
1356919
1356923
1356925
1356926
1356959
1356975
1356983
1356987
1356989
1356990
1357007
1357015
1357019
1357021
1357022
1357031
1357035
1357037
1357038
1357043
1357046
1357049
1357050
1357052
1357143
1357147
1357149
1357150
1357159
1357163
1357165
1357166
1357174
1357178
1357180
1357207
1357211
1357213
1357214
1357223
1357227
1357229
1357230
1357238
1357241
1357242
1357244
1357267
1357270
1357273
1357274
1357276
1357283
1357286
1357289
1357290
1357292
1357298
1357304
1357359
1357367
1357371
1357373
1357374
1357391
1357399
1357403
1357405
1357406
1357415
1357419
1357421
1357422
1357429
1357430
1357433
1357434
1357436
1357455
1357463
1357467
1357469
1357470
1357479
1357483
1357485
1357486
1357491
1357493
1357494
1357497
1357498
1357500
1357511
1357515
1357517
1357518
1357523
1357526
1357529
1357530
1357532
1357539
1357541
1357542
1357545
1357546
1357548
1357553
1357554
1357556
1357560
1357591
1357595
1357597
1357598
1357607
1357611
1357613
1357614
1357622
1357625
1357626
1357628
1357639
1357643
1357645
1357646
1357653
1357654
1357657
1357658
1357660
1357669
1357670
1357673
1357674
1357676
1357684
1357688
1357703
1357707
1357709
1357710
1357715
1357717
1357718
1357721
1357722
1357724
1357731
1357733
1357734
1357737
1357738
1357740
1357745
1357746
1357748
1357752
1357763
1357766
1357769
1357770
1357772
1357777
1357778
1357780
1357784
1357793
1357794
1357796
1357800
1357808
1357919
1357943
1357947
1357949
1357950
1358031
1358039
1358043
1358045
1358046
1358055
1358059
1358061
1358062
1358067
1358069
1358070
1358074
1358076
1358167
1358171
1358173
1358174
1358183
1358187
1358189
1358190
1358198
1358202
1358204
1358279
1358283
1358285
1358286
1358291
1358293
1358294
1358298
1358300
1358307
1358309
1358310
1358314
1358316
1358322
1358324
1358391
1358395
1358397
1358398
1358423
1358427
1358429
1358430
1358453
1358454
1358457
1358458
1358460
1358503
1358507
1358509
1358510
1358515
1358517
1358518
1358521
1358522
1358524
1358535
1358539
1358541
1358542
1358547
1358549
1358550
1358554
1358556
1358565
1358566
1358569
1358570
1358572
1358577
1358578
1358580
1358584
1358615
1358619
1358621
1358622
1358631
1358635
1358637
1358638
1358646
1358649
1358650
1358652
1358663
1358667
1358669
1358670
1358677
1358678
1358681
1358682
1358684
1358693
1358694
1358697
1358698
1358700
1358708
1358712
1358727
1358731
1358733
1358734
1358739
1358741
1358742
1358745
1358746
1358748
1358755
1358757
1358758
1358761
1358762
1358764
1358769
1358770
1358772
1358776
1358787
1358790
1358793
1358794
1358796
1358801
1358802
1358804
1358808
1358817
1358818
1358820
1358824
1358832
1358879
1358903
1358907
1358909
1358910
1358927
1358935
1358939
1358941
1358942
1358951
1358955
1358957
1358958
1358965
1358966
1358969
1358970
1358972
1358991
1358999
1359003
1359005
1359006
1359015
1359019
1359021
1359022
1359027
1359029
1359030
1359033
1359034
1359036
1359047
1359051
1359053
1359054
1359059
1359061
1359062
1359065
1359066
1359068
1359075
1359078
1359081
1359082
1359084
1359089
1359090
1359092
1359096
1359127
1359131
1359133
1359134
1359143
1359147
1359149
1359150
1359158
1359161
1359162
1359164
1359175
1359179
1359181
1359182
1359189
1359190
1359193
1359194
1359196
1359205
1359206
1359209
1359210
1359212
1359220
1359224
1359239
1359243
1359245
1359246
1359251
1359253
1359254
1359257
1359258
1359260
1359267
1359269
1359270
1359273
1359274
1359276
1359281
1359282
1359284
1359288
1359299
1359302
1359305
1359306
1359308
1359313
1359314
1359316
1359320
1359329
1359330
1359332
1359336
1359344
1359383
1359387
1359389
1359390
1359399
1359403
1359405
1359406
1359414
1359417
1359418
1359420
1359431
1359435
1359437
1359438
1359445
1359446
1359449
1359450
1359452
1359461
1359462
1359465
1359466
1359468
1359476
1359480
1359495
1359499
1359501
1359502
1359507
1359509
1359510
1359513
1359514
1359516
1359523
1359525
1359526
1359529
1359530
1359532
1359537
1359538
1359540
1359544
1359555
1359558
1359561
1359562
1359564
1359569
1359570
1359572
1359576
1359585
1359586
1359588
1359592
1359600
1359638
1359641
1359642
1359644
1359654
1359657
1359658
1359660
1359672
1359686
1359690
1359692
1359700
1359704
1359716
1359720
1359750
1359753
1359754
1359756
1359761
1359762
1359764
1359768
1359777
1359778
1359780
1359784
1359792
1359810
1359816
1359824
1359840
1364215
1364219
1364221
1364222
1364319
1364335
1364343
1364347
1364349
1364350
1364439
1364443
1364445
1364446
1364455
1364459
1364461
1364462
1364470
1364474
1364476
1364543
1364575
1364591
1364599
1364603
1364605
1364606
1364655
1364663
1364667
1364669
1364670
1364687
1364695
1364699
1364701
1364702
1364711
1364715
1364717
1364718
1364725
1364729
1364732
1364767
1364783
1364791
1364795
1364797
1364798
1364815
1364823
1364827
1364829
1364830
1364839
1364843
1364845
1364846
1364853
1364854
1364857
1364858
1364860
1364887
1364891
1364893
1364894
1364903
1364907
1364909
1364910
1364918
1364922
1364924
1364935
1364939
1364941
1364942
1364949
1364950
1364953
1364954
1364956
1364965
1364969
1364972
1364980
1364984
1365087
1365103
1365111
1365115
1365117
1365118
1365151
1365167
1365175
1365179
1365181
1365182
1365199
1365207
1365211
1365213
1365214
1365223
1365227
1365229
1365230
1365235
1365241
1365242
1365335
1365339
1365341
1365342
1365351
1365355
1365357
1365358
1365366
1365370
1365372
1365399
1365403
1365405
1365406
1365415
1365419
1365421
1365422
1365430
1365434
1365436
1365459
1365465
1365466
1365468
1365475
1365481
1365482
1365490
1365496
1365551
1365559
1365563
1365565
1365566
1365583
1365591
1365595
1365597
1365598
1365607
1365611
1365613
1365614
1365621
1365625
1365628
1365647
1365655
1365659
1365661
1365662
1365671
1365675
1365677
1365678
1365683
1365685
1365690
1365692
1365703
1365707
1365709
1365710
1365715
1365721
1365722
1365724
1365731
1365733
1365737
1365738
1365740
1365745
1365752
1365783
1365787
1365789
1365790
1365799
1365803
1365805
1365806
1365814
1365818
1365820
1365831
1365835
1365837
1365838
1365845
1365846
1365849
1365850
1365852
1365861
1365865
1365868
1365876
1365880
1365895
1365899
1365901
1365902
1365907
1365909
1365910
1365916
1365923
1365925
1365930
1365932
1365938
1365940
1365955
1365961
1365962
1365964
1365969
1365970
1365972
1365976
1365985
1365992
1366000
1366111
1366135
1366139
1366141
1366142
1366223
1366231
1366235
1366237
1366238
1366247
1366251
1366253
1366254
1366259
1366261
1366262
1366359
1366363
1366365
1366366
1366375
1366379
1366381
1366382
1366390
1366394
1366396
1366471
1366475
1366477
1366478
1366483
1366485
1366486
1366492
1366499
1366501
1366506
1366508
1366514
1366516
1366583
1366587
1366589
1366590
1366615
1366619
1366621
1366622
1366645
1366649
1366652
1366695
1366699
1366701
1366702
1366707
1366709
1366710
1366727
1366731
1366733
1366734
1366739
1366741
1366742
1366748
1366757
1366761
1366764
1366769
1366772
1366807
1366811
1366813
1366814
1366823
1366827
1366829
1366830
1366838
1366842
1366844
1366855
1366859
1366861
1366862
1366869
1366870
1366873
1366874
1366876
1366885
1366889
1366892
1366900
1366904
1366919
1366923
1366925
1366926
1366931
1366933
1366934
1366940
1366947
1366949
1366954
1366956
1366962
1366964
1366979
1366985
1366986
1366988
1366993
1366994
1366996
1367000
1367009
1367016
1367024
1367071
1367095
1367099
1367101
1367102
1367119
1367127
1367131
1367133
1367134
1367143
1367147
1367149
1367150
1367157
1367158
1367161
1367162
1367183
1367191
1367195
1367197
1367198
1367207
1367211
1367213
1367214
1367219
1367221
1367222
1367239
1367243
1367245
1367246
1367251
1367253
1367254
1367257
1367258
1367260
1367267
1367273
1367274
1367281
1367282
1367319
1367323
1367325
1367326
1367335
1367339
1367341
1367342
1367350
1367354
1367356
1367367
1367371
1367373
1367374
1367381
1367382
1367385
1367386
1367388
1367397
1367401
1367404
1367412
1367416
1367431
1367435
1367437
1367438
1367443
1367445
1367446
1367452
1367459
1367461
1367466
1367468
1367474
1367476
1367491
1367497
1367498
1367500
1367505
1367506
1367508
1367512
1367521
1367528
1367536
1367575
1367579
1367581
1367582
1367591
1367595
1367597
1367598
1367606
1367610
1367612
1367623
1367627
1367629
1367630
1367637
1367638
1367641
1367642
1367644
1367653
1367657
1367660
1367668
1367672
1367687
1367691
1367693
1367694
1367699
1367701
1367702
1367708
1367715
1367717
1367722
1367724
1367730
1367732
1367747
1367753
1367754
1367756
1367761
1367762
1367764
1367768
1367777
1367784
1367792
1367836
1367884
1367892
1367896
1367948
1367956
1368008
1368016
1368311
1368315
1368317
1368318
1368415
1368431
1368439
1368443
1368445
1368446
1368535
1368539
1368541
1368542
1368551
1368555
1368557
1368558
1368566
1368570
1368572
1368639
1368671
1368687
1368695
1368699
1368701
1368702
1368751
1368759
1368763
1368765
1368766
1368783
1368791
1368795
1368797
1368798
1368807
1368811
1368813
1368814
1368821
1368825
1368828
1368863
1368879
1368887
1368891
1368893
1368894
1368911
1368919
1368923
1368925
1368926
1368935
1368939
1368941
1368942
1368949
1368950
1368953
1368954
1368956
1368983
1368987
1368989
1368990
1368999
1369003
1369005
1369006
1369014
1369018
1369020
1369031
1369035
1369037
1369038
1369045
1369046
1369049
1369050
1369061
1369062
1369065
1369068
1369076
1369080
1369183
1369199
1369207
1369211
1369213
1369214
1369247
1369263
1369271
1369275
1369277
1369278
1369295
1369303
1369307
1369309
1369310
1369319
1369323
1369325
1369326
1369331
1369337
1369338
1369431
1369435
1369437
1369438
1369447
1369451
1369453
1369454
1369462
1369466
1369468
1369495
1369499
1369501
1369502
1369511
1369515
1369517
1369518
1369526
1369530
1369532
1369555
1369561
1369562
1369571
1369574
1369577
1369578
1369586
1369592
1369647
1369655
1369659
1369661
1369662
1369679
1369687
1369691
1369693
1369694
1369707
1369709
1369710
1369717
1369721
1369724
1369743
1369751
1369755
1369757
1369758
1369767
1369771
1369773
1369774
1369779
1369781
1369786
1369788
1369799
1369803
1369805
1369806
1369811
1369817
1369818
1369827
1369829
1369830
1369833
1369834
1369836
1369841
1369848
1369879
1369883
1369885
1369886
1369895
1369899
1369901
1369902
1369910
1369914
1369916
1369927
1369931
1369933
1369934
1369941
1369942
1369945
1369946
1369957
1369958
1369961
1369964
1369972
1369976
1369991
1369995
1369997
1369998
1370003
1370005
1370006
1370019
1370021
1370022
1370026
1370028
1370034
1370036
1370051
1370054
1370057
1370058
1370065
1370066
1370081
1370082
1370084
1370088
1370096
1370207
1370231
1370235
1370237
1370238
1370319
1370327
1370331
1370333
1370334
1370343
1370347
1370349
1370350
1370355
1370357
1370358
1370455
1370459
1370461
1370462
1370471
1370475
1370477
1370478
1370486
1370490
1370492
1370567
1370571
1370573
1370574
1370579
1370581
1370582
1370595
1370597
1370598
1370602
1370604
1370610
1370612
1370679
1370683
1370685
1370686
1370711
1370715
1370717
1370718
1370741
1370745
1370748
1370791
1370795
1370797
1370798
1370803
1370805
1370806
1370823
1370827
1370829
1370830
1370835
1370837
1370838
1370853
1370854
1370857
1370860
1370865
1370868
1370903
1370907
1370909
1370910
1370919
1370923
1370925
1370926
1370934
1370938
1370940
1370951
1370955
1370957
1370958
1370965
1370966
1370969
1370970
1370981
1370982
1370985
1370988
1370996
1371000
1371015
1371019
1371021
1371022
1371027
1371029
1371030
1371043
1371045
1371046
1371050
1371052
1371058
1371060
1371075
1371078
1371081
1371082
1371089
1371090
1371105
1371106
1371108
1371112
1371120
1371167
1371191
1371195
1371197
1371198
1371215
1371223
1371227
1371229
1371230
1371239
1371243
1371245
1371246
1371253
1371254
1371257
1371258
1371279
1371287
1371291
1371293
1371294
1371303
1371307
1371309
1371310
1371315
1371317
1371318
1371335
1371339
1371341
1371342
1371347
1371349
1371350
1371353
1371354
1371363
1371366
1371369
1371370
1371377
1371378
1371415
1371419
1371421
1371422
1371431
1371435
1371437
1371438
1371446
1371450
1371452
1371463
1371467
1371469
1371470
1371477
1371478
1371481
1371482
1371493
1371494
1371497
1371500
1371508
1371512
1371527
1371531
1371533
1371534
1371539
1371541
1371542
1371555
1371557
1371558
1371562
1371564
1371570
1371572
1371587
1371590
1371593
1371594
1371601
1371602
1371617
1371618
1371620
1371624
1371632
1371671
1371675
1371677
1371678
1371687
1371691
1371693
1371694
1371702
1371706
1371708
1371719
1371723
1371725
1371726
1371733
1371734
1371737
1371738
1371749
1371750
1371753
1371756
1371764
1371768
1371783
1371787
1371789
1371790
1371795
1371797
1371798
1371811
1371813
1371814
1371818
1371820
1371826
1371828
1371843
1371846
1371849
1371850
1371857
1371858
1371873
1371874
1371876
1371880
1371888
1371942
1371974
1372004
1372038
1372066
1372068
1372098
1372128
1372406
1372410
1372412
1372503
1372507
1372509
1372510
1372519
1372523
1372525
1372526
1372534
1372538
1372540
1372630
1372634
1372636
1372646
1372650
1372652
1372719
1372727
1372731
1372733
1372734
1372751
1372759
1372763
1372765
1372766
1372775
1372779
1372781
1372782
1372789
1372790
1372793
1372794
1372796
1372839
1372843
1372845
1372846
1372854
1372858
1372860
1372871
1372875
1372877
1372878
1372886
1372890
1372892
1372901
1372902
1372905
1372906
1372908
1372916
1372920
1372951
1372955
1372957
1372958
1372967
1372971
1372973
1372974
1372982
1372986
1372988
1372999
1373003
1373005
1373006
1373013
1373014
1373017
1373018
1373020
1373029
1373030
1373033
1373034
1373036
1373044
1373048
1373078
1373082
1373084
1373094
1373098
1373100
1373126
1373130
1373132
1373140
1373144
1373156
1373160
1373263
1373271
1373275
1373277
1373278
1373287
1373291
1373293
1373294
1373302
1373306
1373308
1373327
1373335
1373339
1373341
1373342
1373351
1373355
1373357
1373358
1373366
1373370
1373372
1373383
1373387
1373389
1373390
1373395
1373398
1373401
1373402
1373404
1373411
1373414
1373417
1373418
1373420
1373426
1373432
1373526
1373530
1373532
1373542
1373546
1373548
1373590
1373594
1373596
1373606
1373610
1373612
1373650
1373656
1373666
1373672
1373735
1373739
1373741
1373742
1373750
1373754
1373756
1373767
1373771
1373773
1373774
1373782
1373786
1373788
1373797
1373798
1373801
1373802
1373804
1373812
1373816
1373831
1373835
1373837
1373838
1373846
1373850
1373852
1373859
1373861
1373862
1373866
1373868
1373874
1373876
1373891
1373894
1373897
1373898
1373900
1373906
1373912
1373921
1373922
1373924
1373928
1373936
1373974
1373978
1373980
1373990
1373994
1373996
1374022
1374026
1374028
1374036
1374040
1374052
1374056
1374086
1374090
1374092
1374098
1374100
1374114
1374116
1374146
1374152
1374160
1374176
1374295
1374299
1374301
1374302
1374326
1374330
1374332
1374407
1374411
1374413
1374414
1374419
1374421
1374422
1374426
1374428
1374438
1374442
1374444
1374450
1374452
1374550
1374554
1374556
1374566
1374570
1374572
1374662
1374666
1374668
1374674
1374676
1374690
1374692
1374774
1374778
1374780
1374806
1374810
1374812
1374836
1374840
1374886
1374890
1374892
1374898
1374900
1374918
1374922
1374924
1374930
1374932
1374948
1374952
1374960
1374998
1375002
1375004
1375014
1375018
1375020
1375046
1375050
1375052
1375060
1375064
1375076
1375080
1375110
1375114
1375116
1375122
1375124
1375138
1375140
1375170
1375176
1375184
1375200
1375255
1375259
1375261
1375262
1375286
1375290
1375292
1375303
1375307
1375309
1375310
1375317
1375318
1375321
1375322
1375324
1375334
1375338
1375340
1375348
1375352
1375367
1375371
1375373
1375374
1375379
1375381
1375382
1375386
1375388
1375398
1375402
1375404
1375410
1375412
1375427
1375430
1375433
1375434
1375436
1375441
1375442
1375444
1375448
1375458
1375464
1375472
1375510
1375514
1375516
1375526
1375530
1375532
1375558
1375562
1375564
1375572
1375576
1375588
1375592
1375622
1375626
1375628
1375634
1375636
1375650
1375652
1375682
1375688
1375696
1375712
1375766
1375770
1375772
1375782
1375786
1375788
1375814
1375818
1375820
1375828
1375832
1375844
1375848
1375878
1375882
1375884
1375890
1375892
1375906
1375908
1375938
1375944
1375952
1375968
1396863
1396959
1396983
1396987
1396989
1396990
1397087
1397103
1397111
1397115
1397117
1397118
1397207
1397211
1397213
1397214
1397223
1397227
1397229
1397230
1397238
1397242
1397244
1397311
1397343
1397367
1397371
1397373
1397374
1397431
1397435
1397437
1397438
1397463
1397467
1397469
1397470
1397493
1397497
1397500
1397535
1397551
1397559
1397563
1397565
1397566
1397583
1397591
1397595
1397597
1397598
1397607
1397611
1397613
1397614
1397619
1397621
1397622
1397625
1397626
1397628
1397655
1397659
1397661
1397662
1397671
1397675
1397677
1397678
1397686
1397690
1397692
1397703
1397707
1397709
1397710
1397717
1397718
1397721
1397722
1397724
1397733
1397737
1397740
1397748
1397752
1397855
1397879
1397883
1397885
1397886
1397919
1397943
1397947
1397949
1397950
1397975
1397979
1397981
1397982
1398003
1398009
1398010
1398103
1398107
1398109
1398110
1398119
1398123
1398125
1398126
1398131
1398134
1398138
1398140
1398167
1398171
1398173
1398174
1398183
1398187
1398189
1398190
1398198
1398202
1398204
1398227
1398233
1398234
1398236
1398243
1398249
1398250
1398258
1398264
1398327
1398331
1398333
1398334
1398359
1398363
1398365
1398366
1398387
1398389
1398393
1398396
1398423
1398427
1398429
1398430
1398451
1398453
1398458
1398460
1398483
1398489
1398490
1398492
1398513
1398520
1398551
1398555
1398557
1398558
1398567
1398571
1398573
1398574
1398579
1398582
1398586
1398588
1398599
1398603
1398605
1398606
1398611
1398613
1398614
1398617
1398618
1398620
1398627
1398629
1398633
1398636
1398641
1398642
1398644
1398648
1398663
1398667
1398669
1398670
1398675
1398677
1398678
1398684
1398691
1398693
1398698
1398700
1398706
1398708
1398723
1398729
1398730
1398732
1398737
1398738
1398740
1398744
1398753
1398760
1398768
1398879
1398903
1398907
1398909
1398910
1398991
1398999
1399003
1399005
1399006
1399015
1399019
1399021
1399022
1399027
1399029
1399030
1399127
1399131
1399133
1399134
1399143
1399147
1399149
1399150
1399155
1399158
1399162
1399164
1399239
1399243
1399245
1399246
1399251
1399253
1399254
1399260
1399267
1399269
1399274
1399276
1399282
1399284
1399351
1399355
1399357
1399358
1399383
1399387
1399389
1399390
1399411
1399413
1399417
1399420
1399463
1399467
1399469
1399470
1399475
1399477
1399478
1399495
1399499
1399501
1399502
1399507
1399509
1399510
1399516
1399525
1399529
1399532
1399537
1399540
1399575
1399579
1399581
1399582
1399591
1399595
1399597
1399598
1399603
1399606
1399610
1399612
1399623
1399627
1399629
1399630
1399635
1399637
1399638
1399641
1399642
1399644
1399651
1399653
1399657
1399660
1399665
1399666
1399668
1399672
1399687
1399691
1399693
1399694
1399699
1399701
1399702
1399708
1399715
1399717
1399722
1399724
1399730
1399732
1399747
1399753
1399754
1399756
1399761
1399762
1399764
1399768
1399777
1399784
1399792
1399839
1399863
1399867
1399869
1399870
1399887
1399895
1399899
1399901
1399902
1399911
1399915
1399917
1399918
1399923
1399925
1399926
1399929
1399930
1399951
1399959
1399963
1399965
1399966
1399975
1399979
1399981
1399982
1399987
1399989
1399990
1400007
1400011
1400013
1400014
1400019
1400021
1400022
1400025
1400026
1400028
1400035
1400041
1400042
1400049
1400050
1400087
1400091
1400093
1400094
1400103
1400107
1400109
1400110
1400115
1400118
1400122
1400124
1400135
1400139
1400141
1400142
1400147
1400149
1400150
1400153
1400154
1400156
1400163
1400165
1400169
1400172
1400177
1400178
1400180
1400184
1400199
1400203
1400205
1400206
1400211
1400213
1400214
1400220
1400227
1400229
1400234
1400236
1400242
1400244
1400259
1400265
1400266
1400268
1400273
1400274
1400276
1400280
1400289
1400296
1400304
1400343
1400347
1400349
1400350
1400359
1400363
1400365
1400366
1400371
1400374
1400378
1400380
1400391
1400395
1400397
1400398
1400403
1400405
1400406
1400409
1400410
1400412
1400419
1400421
1400425
1400428
1400433
1400434
1400436
1400440
1400455
1400459
1400461
1400462
1400467
1400469
1400470
1400476
1400483
1400485
1400490
1400492
1400498
1400500
1400515
1400521
1400522
1400524
1400529
1400530
1400532
1400536
1400545
1400552
1400560
1400595
1400604
1400611
1400626
1400643
1400652
1400657
1400658
1400660
1400664
1400673
1400688
1400716
1400724
1400776
1400784
1400959
1401055
1401079
1401083
1401085
1401086
1401183
1401199
1401207
1401211
1401213
1401214
1401303
1401307
1401309
1401310
1401319
1401323
1401325
1401326
1401334
1401338
1401340
1401407
1401439
1401463
1401467
1401469
1401470
1401527
1401531
1401533
1401534
1401559
1401563
1401565
1401566
1401589
1401593
1401596
1401631
1401647
1401655
1401659
1401661
1401662
1401679
1401687
1401691
1401693
1401694
1401707
1401709
1401710
1401715
1401717
1401718
1401721
1401722
1401724
1401751
1401755
1401757
1401758
1401767
1401771
1401773
1401774
1401782
1401786
1401788
1401799
1401803
1401805
1401806
1401813
1401814
1401817
1401818
1401829
1401830
1401833
1401836
1401844
1401848
1401951
1401975
1401979
1401981
1401982
1402015
1402039
1402043
1402045
1402046
1402071
1402075
1402077
1402078
1402099
1402105
1402106
1402199
1402203
1402205
1402206
1402215
1402219
1402221
1402222
1402227
1402230
1402234
1402236
1402263
1402267
1402269
1402270
1402279
1402283
1402285
1402286
1402294
1402298
1402300
1402323
1402329
1402330
1402339
1402342
1402345
1402346
1402354
1402360
1402423
1402427
1402429
1402430
1402455
1402459
1402461
1402462
1402483
1402485
1402489
1402492
1402519
1402523
1402525
1402526
1402547
1402549
1402554
1402556
1402579
1402585
1402586
1402609
1402616
1402647
1402651
1402653
1402654
1402663
1402667
1402669
1402670
1402675
1402678
1402682
1402684
1402695
1402699
1402701
1402702
1402707
1402709
1402710
1402713
1402714
1402725
1402726
1402729
1402732
1402737
1402738
1402740
1402744
1402759
1402763
1402765
1402766
1402771
1402773
1402774
1402787
1402789
1402790
1402794
1402796
1402802
1402804
1402819
1402822
1402825
1402826
1402833
1402834
1402849
1402850
1402852
1402856
1402864
1402975
1402999
1403003
1403005
1403006
1403087
1403095
1403099
1403101
1403102
1403111
1403115
1403117
1403118
1403123
1403125
1403126
1403223
1403227
1403229
1403230
1403239
1403243
1403245
1403246
1403251
1403254
1403258
1403260
1403335
1403339
1403341
1403342
1403347
1403349
1403350
1403363
1403365
1403366
1403370
1403372
1403378
1403380
1403447
1403451
1403453
1403454
1403479
1403483
1403485
1403486
1403507
1403509
1403513
1403516
1403559
1403563
1403565
1403566
1403571
1403573
1403574
1403591
1403595
1403597
1403598
1403603
1403605
1403606
1403621
1403622
1403625
1403628
1403633
1403636
1403671
1403675
1403677
1403678
1403687
1403691
1403693
1403694
1403699
1403702
1403706
1403708
1403719
1403723
1403725
1403726
1403731
1403733
1403734
1403737
1403738
1403747
1403749
1403750
1403753
1403756
1403761
1403762
1403764
1403768
1403783
1403787
1403789
1403790
1403795
1403797
1403798
1403811
1403813
1403814
1403818
1403820
1403826
1403828
1403843
1403846
1403849
1403850
1403857
1403858
1403873
1403874
1403876
1403880
1403888
1403935
1403959
1403963
1403965
1403966
1403983
1403991
1403995
1403997
1403998
1404007
1404011
1404013
1404014
1404019
1404021
1404022
1404025
1404026
1404047
1404055
1404059
1404061
1404062
1404071
1404075
1404077
1404078
1404083
1404085
1404086
1404103
1404107
1404109
1404110
1404115
1404117
1404118
1404121
1404122
1404131
1404134
1404137
1404138
1404145
1404146
1404183
1404187
1404189
1404190
1404199
1404203
1404205
1404206
1404211
1404214
1404218
1404220
1404231
1404235
1404237
1404238
1404243
1404245
1404246
1404249
1404250
1404259
1404261
1404262
1404265
1404268
1404273
1404274
1404276
1404280
1404295
1404299
1404301
1404302
1404307
1404309
1404310
1404323
1404325
1404326
1404330
1404332
1404338
1404340
1404355
1404358
1404361
1404362
1404369
1404370
1404385
1404386
1404388
1404392
1404400
1404439
1404443
1404445
1404446
1404455
1404459
1404461
1404462
1404467
1404470
1404474
1404476
1404487
1404491
1404493
1404494
1404499
1404501
1404502
1404505
1404506
1404515
1404517
1404518
1404521
1404524
1404529
1404530
1404532
1404536
1404551
1404555
1404557
1404558
1404563
1404565
1404566
1404579
1404581
1404582
1404586
1404588
1404594
1404596
1404611
1404614
1404617
1404618
1404625
1404626
1404641
1404642
1404644
1404648
1404656
1404691
1404707
1404710
1404722
1404739
1404742
1404753
1404754
1404769
1404770
1404772
1404784
1404806
1404834
1404836
1404866
1404896
1405023
1405047
1405051
1405053
1405054
1405143
1405147
1405149
1405150
1405174
1405178
1405180
1405271
1405275
1405277
1405278
1405287
1405291
1405293
1405294
1405299
1405302
1405306
1405308
1405398
1405402
1405404
1405414
1405418
1405420
1405495
1405499
1405501
1405502
1405527
1405531
1405533
1405534
1405555
1405557
1405558
1405561
1405562
1405564
1405622
1405626
1405628
1405654
1405658
1405660
1405684
1405688
1405719
1405723
1405725
1405726
1405735
1405739
1405741
1405742
1405747
1405750
1405754
1405756
1405767
1405771
1405773
1405774
1405779
1405781
1405782
1405785
1405786
1405788
1405795
1405797
1405798
1405801
1405802
1405804
1405809
1405810
1405812
1405816
1405846
1405850
1405852
1405862
1405866
1405868
1405894
1405898
1405900
1405908
1405912
1405924
1405928
1406039
1406043
1406045
1406046
1406067
1406070
1406074
1406076
1406103
1406107
1406109
1406110
1406134
1406138
1406140
1406163
1406166
1406169
1406170
1406172
1406194
1406200
1406291
1406294
1406298
1406300
1406307
1406310
1406314
1406316
1406322
1406358
1406362
1406364
1406374
1406378
1406380
1406418
1406424
1406434
1406440
1406515
1406518
1406522
1406524
1406547
1406550
1406554
1406556
1406577
1406578
1406580
1406584
1406614
1406618
1406620
1406642
1406644
1406674
1406680
1406704
1406739
1406742
1406746
1406748
1406755
1406758
1406762
1406764
1406770
1406787
1406790
1406794
1406796
1406801
1406802
1406804
1406808
1406817
1406818
1406820
1406824
1406832
1406854
1406858
1406860
1406866
1406868
1406882
1406884
1406914
1406920
1406928
1406944
1407063
1407067
1407069
1407070
1407091
1407094
1407098
1407100
1407175
1407179
1407181
1407182
1407187
1407189
1407190
1407194
1407196
1407206
1407210
1407212
1407218
1407220
1407315
1407318
1407322
1407324
1407331
1407334
1407338
1407340
1407346
1407430
1407434
1407436
1407442
1407444
1407458
1407460
1407539
1407542
1407546
1407548
1407571
1407574
1407578
1407580
1407601
1407602
1407604
1407608
1407654
1407658
1407660
1407666
1407668
1407686
1407690
1407692
1407698
1407700
1407716
1407720
1407728
1407763
1407766
1407770
1407772
1407779
1407782
1407786
1407788
1407794
1407811
1407814
1407818
1407820
1407825
1407826
1407828
1407832
1407841
1407842
1407844
1407848
1407856
1407878
1407882
1407884
1407890
1407892
1407906
1407908
1407938
1407944
1407952
1407968
1408023
1408027
1408029
1408030
1408051
1408054
1408058
1408060
1408071
1408075
1408077
1408078
1408083
1408085
1408086
1408089
1408090
1408092
1408099
1408102
1408106
1408108
1408113
1408114
1408116
1408120
1408135
1408139
1408141
1408142
1408147
1408149
1408150
1408154
1408156
1408166
1408170
1408172
1408178
1408180
1408195
1408198
1408201
1408202
1408204
1408209
1408210
1408212
1408216
1408226
1408232
1408240
1408275
1408278
1408282
1408284
1408291
1408294
1408298
1408300
1408306
1408323
1408326
1408330
1408332
1408337
1408338
1408340
1408344
1408353
1408354
1408356
1408360
1408368
1408390
1408394
1408396
1408402
1408404
1408418
1408420
1408450
1408456
1408464
1408480
1408531
1408534
1408538
1408540
1408547
1408550
1408554
1408556
1408562
1408579
1408582
1408586
1408588
1408593
1408594
1408596
1408600
1408609
1408610
1408612
1408616
1408624
1408646
1408650
1408652
1408658
1408660
1408674
1408676
1408706
1408712
1408720
1408736
1408786
1408802
1408834
1408848
1408864
1413247
1413343
1413367
1413371
1413373
1413374
1413471
1413487
1413495
1413499
1413501
1413502
1413591
1413595
1413597
1413598
1413607
1413611
1413613
1413614
1413622
1413626
1413628
1413727
1413751
1413755
1413757
1413758
1413815
1413819
1413821
1413822
1413847
1413851
1413853
1413854
1413877
1413881
1413884
1413967
1413975
1413981
1413982
1413991
1413998
1414039
1414043
1414045
1414046
1414055
1414059
1414061
1414062
1414070
1414073
1414074
1414076
1414087
1414091
1414093
1414094
1414101
1414102
1414105
1414106
1414108
1414117
1414121
1414124
1414132
1414136
1414239
1414263
1414267
1414269
1414270
1414303
1414327
1414331
1414333
1414334
1414359
1414363
1414365
1414366
1414387
1414393
1414394
1414487
1414491
1414493
1414494
1414503
1414507
1414509
1414510
1414518
1414522
1414524
1414551
1414555
1414557
1414558
1414567
1414571
1414573
1414574
1414582
1414585
1414586
1414588
1414611
1414617
1414618
1414620
1414627
1414633
1414634
1414642
1414648
1414743
1414747
1414749
1414750
1414773
1414780
1414807
1414811
1414813
1414814
1414835
1414837
1414841
1414842
1414844
1414867
1414873
1414874
1414876
1414897
1414904
1414983
1414989
1414990
1414998
1415004
1415047
1415051
1415053
1415054
1415059
1415061
1415062
1415065
1415068
1415075
1415077
1415081
1415082
1415084
1415089
1415090
1415092
1415096
1415107
1415113
1415114
1415116
1415121
1415122
1415124
1415128
1415137
1415144
1415152
1415375
1415383
1415387
1415389
1415390
1415399
1415403
1415405
1415406
1415411
1415413
1415414
1415623
1415627
1415629
1415630
1415635
1415637
1415638
1415644
1415651
1415653
1415658
1415660
1415666
1415668
1415879
1415883
1415885
1415886
1415891
1415893
1415894
1415900
1415909
1415916
1415924
1416140
1416335
1416343
1416347
1416349
1416350
1416359
1416363
1416365
1416366
1416373
1416374
1416391
1416395
1416397
1416398
1416403
1416405
1416406
1416409
1416410
1416412
1416419
1416425
1416426
1416433
1416434
1416583
1416589
1416590
1416598
1416604
1416643
1416649
1416650
1416652
1416657
1416658
1416660
1416664
1416673
1416680
1416688
1416899
1416905
1416906
1416908
1416914
1416916
1416920
1417343
1417439
1417463
1417467
1417469
1417470
1417567
1417583
1417591
1417595
1417597
1417598
1417687
1417691
1417693
1417694
1417703
1417707
1417709
1417710
1417718
1417722
1417724
1417823
1417847
1417851
1417853
1417854
1417911
1417915
1417917
1417918
1417943
1417947
1417949
1417950
1417973
1417977
1417980
1418063
1418071
1418077
1418078
1418087
1418094
1418135
1418139
1418141
1418142
1418151
1418155
1418157
1418158
1418166
1418169
1418170
1418172
1418183
1418187
1418189
1418190
1418197
1418198
1418201
1418202
1418213
1418214
1418217
1418220
1418228
1418232
1418335
1418359
1418363
1418365
1418366
1418399
1418423
1418427
1418429
1418430
1418455
1418459
1418461
1418462
1418483
1418489
1418490
1418583
1418587
1418589
1418590
1418599
1418603
1418605
1418606
1418614
1418618
1418620
1418647
1418651
1418653
1418654
1418663
1418667
1418669
1418670
1418678
1418681
1418682
1418684
1418707
1418713
1418714
1418723
1418726
1418729
1418730
1418738
1418744
1418839
1418843
1418845
1418846
1418869
1418876
1418903
1418907
1418909
1418910
1418931
1418933
1418937
1418938
1418940
1418963
1418969
1418970
1418993
1419000
1419079
1419085
1419086
1419094
1419110
1419143
1419147
1419149
1419150
1419155
1419157
1419158
1419161
1419171
1419173
1419174
1419177
1419178
1419180
1419185
1419186
1419188
1419192
1419203
1419206
1419209
1419210
1419217
1419218
1419233
1419234
1419236
1419240
1419248
1419471
1419479
1419483
1419485
1419486
1419495
1419499
1419501
1419502
1419507
1419509
1419510
1419719
1419723
1419725
1419726
1419731
1419733
1419734
1419747
1419749
1419750
1419754
1419756
1419762
1419764
1419975
1419979
1419981
1419982
1419987
1419989
1419990
1420005
1420006
1420012
1420020
1420230
1420431
1420439
1420443
1420445
1420446
1420455
1420459
1420461
1420462
1420469
1420470
1420487
1420491
1420493
1420494
1420499
1420501
1420502
1420505
1420506
1420515
1420518
1420521
1420522
1420529
1420530
1420679
1420685
1420686
1420694
1420710
1420739
1420742
1420745
1420746
1420753
1420754
1420769
1420770
1420772
1420776
1420784
1420995
1420998
1421001
1421002
1421010
1421026
1421028
1421407
1421431
1421435
1421437
1421438
1421527
1421531
1421533
1421534
1421558
1421562
1421564
1421655
1421659
1421661
1421662
1421671
1421675
1421677
1421678
1421686
1421690
1421692
1421782
1421786
1421788
1421798
1421802
1421804
1421911
1421915
1421917
1421918
1421941
1421942
1421946
1421948
1422006
1422009
1422010
1422012
1422038
1422042
1422044
1422068
1422072
1422151
1422157
1422158
1422166
1422172
1422182
1422230
1422233
1422234
1422236
1422246
1422249
1422250
1422252
1422264
1422278
1422282
1422284
1422292
1422296
1422308
1422312
1422423
1422427
1422429
1422430
1422454
1422458
1422460
1422487
1422491
1422493
1422494
1422518
1422521
1422522
1422524
1422547
1422550
1422553
1422554
1422556
1422578
1422584
1422678
1422682
1422684
1422694
1422698
1422700
1422742
1422745
1422746
1422748
1422758
1422761
1422762
1422764
1422776
1422802
1422808
1422818
1422824
1422934
1422938
1422940
1422964
1422998
1423001
1423002
1423004
1423025
1423026
1423028
1423032
1423058
1423064
1423088
1423174
1423180
1423238
1423241
1423242
1423244
1423249
1423250
1423252
1423256
1423265
1423266
1423268
1423272
1423280
1423298
1423304
1423312
1423328
1423559
1423563
1423565
1423566
1423571
1423573
1423574
1423578
1423580
1423590
1423594
1423596
1423602
1423604
1423814
1423818
1423820
1423826
1423828
1423842
1423844
1424070
1424074
1424076
1424082
1424084
1424100
1424519
1424523
1424525
1424526
1424531
1424533
1424534
1424537
1424538
1424540
1424550
1424554
1424556
1424564
1424579
1424582
1424585
1424586
1424588
1424593
1424594
1424596
1424600
1424610
1424616
1424624
1424774
1424780
1424834
1424840
1424848
1424864
1425090
1425096
1429599
1429623
1429627
1429629
1429630
1429719
1429723
1429725
1429726
1429847
1429851
1429853
1429854
1429863
1429867
1429869
1429870
1429878
1429882
1429884
1429980
1430071
1430075
1430077
1430078
1430103
1430107
1430109
1430110
1430133
1430137
1430140
1430236
1430295
1430299
1430301
1430302
1430311
1430315
1430317
1430318
1430326
1430330
1430332
1430343
1430347
1430349
1430350
1430357
1430358
1430361
1430362
1430364
1430373
1430377
1430380
1430388
1430392
1430428
1430476
1430484
1430488
1430615
1430619
1430621
1430622
1430679
1430683
1430685
1430686
1430739
1430745
1430746
1430748
1430876
1430940
1431000
1431132
1431196
1431256
1431324
1431372
1431380
1431384
1431436
1431444
1431496
1431504
1431639
1431643
1431645
1431646
1431751
1431755
1431757
1431758
1431763
1431765
1431766
1431772
1431900
1432012
1432020
1432156
1432268
1432276
1432348
1432396
1432404
1432408
1432460
1432468
1432520
1432528
1432599
1432603
1432605
1432606
1432647
1432651
1432653
1432654
1432661
1432662
1432665
1432666
1432668
1432711
1432715
1432717
1432718
1432723
1432725
1432726
1432732
1432771
1432777
1432778
1432780
1432785
1432786
1432788
1432792
1432860
1432908
1432916
1432920
1432972
1432980
1433032
1433040
1433116
1433164
1433172
1433176
1433228
1433236
1433288
1433296
1433695
1433719
1433723
1433725
1433726
1433815
1433819
1433821
1433822
1433943
1433947
1433949
1433950
1433959
1433963
1433965
1433966
1433974
1433978
1433980
1434086
1434167
1434171
1434173
1434174
1434199
1434203
1434205
1434206
1434229
1434233
1434236
1434391
1434395
1434397
1434398
1434407
1434411
1434413
1434414
1434422
1434426
1434428
1434439
1434443
1434445
1434446
1434453
1434454
1434457
1434458
1434469
1434470
1434473
1434476
1434484
1434488
1434534
1434566
1434596
1434711
1434715
1434717
1434718
1434775
1434779
1434781
1434782
1434835
1434841
1434842
1434982
1435046
1435106
1435430
1435462
1435492
1435526
1435554
1435556
1435586
1435616
1435735
1435739
1435741
1435742
1435847
1435851
1435853
1435854
1435859
1435861
1435862
1435878
1436006
1436102
1436130
1436132
1436326
1436358
1436388
1436454
1436486
1436516
1436550
1436578
1436580
1436610
1436640
1436695
1436699
1436701
1436702
1436743
1436747
1436749
1436750
1436757
1436758
1436761
1436762
1436774
1436807
1436811
1436813
1436814
1436819
1436821
1436822
1436838
1436867
1436870
1436873
1436874
1436881
1436882
1436898
1436966
1436998
1437028
1437062
1437090
1437092
1437122
1437152
1437222
1437254
1437284
1437318
1437346
1437348
1437378
1437408
1437783
1437787
1437789
1437790
1437814
1437818
1437820
1437910
1437914
1437916
1438038
1438042
1438044
1438054
1438058
1438060
1438262
1438266
1438268
1438294
1438298
1438300
1438324
1438328
1438486
1438490
1438492
1438502
1438506
1438508
1438534
1438538
1438540
1438548
1438552
1438564
1438568
1438806
1438810
1438812
1438870
1438874
1438876
1438930
1438936
1439830
1439834
1439836
1439942
1439946
1439948
1439954
1439956
1440790
1440794
1440796
1440838
1440842
1440844
1440852
1440856
1440902
1440906
1440908
1440914
1440916
1440962
1440968
1440976
1462399
1462511
1462519
1462523
1462525
1462526
1462623
1462639
1462647
1462651
1462653
1462654
1462743
1462747
1462749
1462750
1462759
1462763
1462765
1462766
1462774
1462778
1462780
1462879
1462895
1462903
1462907
1462909
1462910
1462959
1462967
1462971
1462973
1462974
1462991
1462999
1463003
1463005
1463006
1463015
1463019
1463021
1463022
1463029
1463033
1463036
1463119
1463127
1463133
1463134
1463150
1463191
1463195
1463197
1463198
1463207
1463211
1463213
1463214
1463222
1463226
1463228
1463239
1463243
1463245
1463246
1463253
1463254
1463257
1463258
1463260
1463269
1463273
1463276
1463284
1463288
1463407
1463415
1463419
1463421
1463422
1463471
1463479
1463483
1463485
1463486
1463527
1463531
1463533
1463534
1463539
1463545
1463546
1463639
1463643
1463645
1463646
1463655
1463659
1463661
1463662
1463667
1463670
1463674
1463676
1463703
1463707
1463709
1463710
1463719
1463723
1463725
1463726
1463734
1463738
1463740
1463763
1463769
1463770
1463772
1463779
1463785
1463786
1463794
1463800
1463887
1463895
1463899
1463901
1463902
1463915
1463917
1463918
1463925
1463932
1463951
1463959
1463963
1463965
1463966
1463975
1463979
1463981
1463982
1463987
1463989
1463994
1463996
1464007
1464011
1464013
1464014
1464019
1464025
1464026
1464028
1464035
1464037
1464041
1464042
1464044
1464049
1464056
1464135
1464141
1464142
1464150
1464156
1464199
1464203
1464205
1464206
1464211
1464213
1464214
1464220
1464227
1464229
1464234
1464236
1464242
1464244
1464259
1464265
1464266
1464268
1464273
1464274
1464276
1464280
1464289
1464296
1464304
1464551
1464555
1464557
1464558
1464563
1464565
1464566
1464775
1464779
1464781
1464782
1464787
1464789
1464790
1464796
1464803
1464805
1464810
1464812
1464818
1464820
1465031
1465035
1465037
1465038
1465043
1465045
1465046
1465052
1465061
1465068
1465076
1465292
1465511
1465515
1465517
1465518
1465525
1465526
1465571
1465577
1465578
1465585
1465586
1465735
1465741
1465742
1465750
1465756
1465795
1465801
1465802
1465804
1465809
1465810
1465812
1465816
1465825
1465832
1465840
1466051
1466057
1466058
1466060
1466066
1466068
1466072
1466495
1466607
1466615
1466619
1466621
1466622
1466719
1466747
1466749
1466750
1466839
1466843
1466845
1466846
1466859
1466861
1466862
1466870
1466874
1466876
1466975
1467003
1467005
1467006
1467055
1467063
1467067
1467069
1467070
1467087
1467095
1467099
1467101
1467102
1467115
1467117
1467118
1467125
1467129
1467132
1467229
1467230
1467287
1467291
1467293
1467294
1467307
1467309
1467310
1467318
1467322
1467324
1467339
1467341
1467342
1467349
1467350
1467353
1467354
1467369
1467372
1467380
1467384
1467515
1467517
1467518
1467567
1467575
1467579
1467581
1467582
1467627
1467629
1467630
1467635
1467641
1467642
1467739
1467741
1467742
1467770
1467772
1467799
1467803
1467805
1467806
1467819
1467821
1467822
1467830
1467834
1467836
1467859
1467865
1467866
1467881
1467882
1467890
1467896
1467995
1467997
1467998
1468028
1468047
1468055
1468059
1468061
1468062
1468075
1468077
1468078
1468083
1468085
1468090
1468092
1468107
1468109
1468110
1468115
1468121
1468122
1468137
1468138
1468140
1468145
1468152
1468299
1468301
1468302
1468307
1468309
1468310
1468330
1468332
1468338
1468340
1468361
1468362
1468369
1468370
1468392
1468400
1468647
1468651
1468653
1468654
1468659
1468661
1468662
1468871
1468875
1468877
1468878
1468883
1468885
1468886
1468899
1468901
1468902
1468906
1468908
1468914
1468916
1469127
1469131
1469133
1469134
1469139
1469141
1469142
1469157
1469158
1469164
1469172
1469382
1469607
1469611
1469613
1469614
1469621
1469622
1469667
1469670
1469673
1469674
1469681
1469682
1469831
1469837
1469838
1469846
1469862
1469891
1469894
1469897
1469898
1469905
1469906
1469921
1469922
1469924
1469928
1469936
1470147
1470150
1470153
1470154
1470162
1470178
1470180
1470575
1470583
1470587
1470589
1470590
1470695
1470699
1470701
1470702
1470710
1470714
1470716
1470807
1470811
1470813
1470814
1470827
1470829
1470830
1470835
1470838
1470842
1470844
1470934
1470938
1470940
1470950
1470954
1470956
1471055
1471063
1471067
1471069
1471070
1471083
1471085
1471086
1471093
1471094
1471098
1471100
1471143
1471147
1471149
1471150
1471158
1471162
1471164
1471175
1471179
1471181
1471182
1471190
1471194
1471196
1471205
1471206
1471209
1471210
1471212
1471220
1471224
1471309
1471310
1471318
1471324
1471382
1471386
1471388
1471398
1471402
1471404
1471430
1471434
1471436
1471444
1471448
1471460
1471464
1471595
1471597
1471598
1471603
1471606
1471610
1471612
1471655
1471659
1471661
1471662
1471670
1471674
1471676
1471715
1471718
1471721
1471722
1471724
1471730
1471736
1471827
1471830
1471834
1471836
1471850
1471852
1471858
1471894
1471898
1471900
1471910
1471914
1471916
1471954
1471960
1471970
1471976
1472075
1472077
1472078
1472083
1472086
1472090
1472092
1472106
1472108
1472116
1472135
1472139
1472141
1472142
1472150
1472154
1472156
1472163
1472165
1472166
1472170
1472172
1472178
1472180
1472195
1472198
1472201
1472202
1472204
1472210
1472216
1472225
1472226
1472228
1472232
1472240
1472332
1472390
1472394
1472396
1472402
1472404
1472418
1472420
1472450
1472456
1472464
1472480
1472742
1472746
1472748
1472754
1472756
1472966
1472970
1472972
1472978
1472980
1472994
1472996
1473222
1473226
1473228
1473234
1473236
1473252
1473702
1473706
1473708
1473716
1473762
1473768
1473776
1473926
1473932
1473986
1473992
1474000
1474016
1474242
1474248
1495151
1495159
1495163
1495165
1495166
1495271
1495275
1495277
1495278
1495383
1495387
1495389
1495390
1495399
1495403
1495405
1495406
1495414
1495418
1495420
1495516
1495599
1495607
1495611
1495613
1495614
1495631
1495639
1495643
1495645
1495646
1495655
1495659
1495661
1495662
1495669
1495673
1495676
1495719
1495723
1495725
1495726
1495751
1495755
1495757
1495758
1495772
1495781
1495785
1495788
1495831
1495835
1495837
1495838
1495847
1495851
1495853
1495854
1495862
1495866
1495868
1495879
1495883
1495885
1495886
1495893
1495894
1495897
1495898
1495900
1495909
1495913
1495916
1495924
1495928
1495964
1496012
1496020
1496024
1496167
1496171
1496173
1496174
1496231
1496235
1496237
1496238
1496291
1496297
1496298
1496412
1496476
1496536
1496615
1496619
1496621
1496622
1496647
1496651
1496653
1496654
1496668
1496677
1496681
1496684
1496711
1496715
1496717
1496718
1496732
1496739
1496741
1496746
1496748
1496771
1496777
1496778
1496780
1496792
1496801
1496808
1496860
1496908
1496916
1496920
1496972
1496980
1497032
1497040
1497436
1497548
1497556
1497692
1497804
1497812
1497884
1497932
1497940
1497944
1497996
1498004
1498056
1498064
1498396
1498444
1498452
1498456
1498508
1498516
1498568
1498576
1498652
1498700
1498708
1498712
1498764
1498772
1498824
1498832
1499247
1499255
1499259
1499261
1499262
1499367
1499371
1499373
1499374
1499479
1499483
1499485
1499486
1499499
1499501
1499502
1499510
1499514
1499516
1499622
1499695
1499703
1499707
1499709
1499710
1499727
1499735
1499739
1499741
1499742
1499755
1499757
1499758
1499765
1499769
1499772
1499815
1499819
1499821
1499822
1499847
1499851
1499853
1499854
1499877
1499878
1499881
1499884
1499927
1499931
1499933
1499934
1499947
1499949
1499950
1499958
1499962
1499964
1499979
1499981
1499982
1499989
1499990
1499993
1499994
1500009
1500012
1500020
1500024
1500070
1500102
1500132
1500267
1500269
1500270
1500327
1500331
1500333
1500334
1500387
1500390
1500393
1500394
1500582
1500642
1500715
1500717
1500718
1500747
1500749
1500750
1500777
1500780
1500807
1500811
1500813
1500814
1500835
1500837
1500838
1500842
1500844
1500867
1500870
1500873
1500874
1500897
1500898
1500900
1500904
1501062
1501090
1501092
1501122
1501152
1501414
1501542
1501638
1501666
1501668
1501862
1501894
1501924
1501990
1502022
1502052
1502086
1502114
1502116
1502146
1502176
1502310
1502374
1502434
1502502
1502534
1502564
1502598
1502626
1502628
1502658
1502688
1502758
1502790
1502820
1502854
1502882
1502884
1502914
1502944
1503335
1503339
1503341
1503342
1503350
1503354
1503356
1503462
1503466
1503468
1503574
1503578
1503580
1503590
1503594
1503596
1503783
1503787
1503789
1503790
1503798
1503802
1503804
1503815
1503819
1503821
1503822
1503830
1503834
1503836
1503845
1503846
1503849
1503850
1503852
1503860
1503864
1503910
1503914
1503916
1503942
1503946
1503948
1503972
1503976
1504022
1504026
1504028
1504038
1504042
1504044
1504070
1504074
1504076
1504084
1504088
1504100
1504104
1504358
1504362
1504364
1504422
1504426
1504428
1504482
1504488
1504806
1504810
1504812
1504838
1504842
1504844
1504868
1504872
1504902
1504906
1504908
1504930
1504932
1504962
1504968
1504992
1560924
1561180
1561420
1565030
1565510
1839359
1839583
1839599
1839607
1839611
1839613
1839614
1839807
1839839
1839855
1839863
1839867
1839869
1839870
1840031
1840047
1840055
1840059
1840061
1840062
1840079
1840087
1840091
1840093
1840094
1840103
1840107
1840109
1840110
1840117
1840118
1840121
1840122
1840124
1840255
1840319
1840351
1840367
1840375
1840379
1840381
1840382
1840479
1840495
1840503
1840507
1840509
1840510
1840543
1840559
1840567
1840571
1840573
1840574
1840599
1840603
1840605
1840606
1840615
1840619
1840621
1840622
1840627
1840630
1840633
1840634
1840636
1840735
1840751
1840759
1840763
1840765
1840766
1840799
1840815
1840823
1840827
1840829
1840830
1840847
1840855
1840859
1840861
1840862
1840871
1840875
1840877
1840878
1840883
1840885
1840889
1840890
1840892
1840975
1840983
1840989
1840990
1840999
1841006
1841039
1841047
1841051
1841053
1841054
1841063
1841067
1841069
1841070
1841075
1841077
1841078
1841081
1841082
1841084
1841095
1841099
1841101
1841102
1841107
1841109
1841110
1841113
1841114
1841116
1841123
1841125
1841129
1841130
1841132
1841137
1841138
1841140
1841144
1841375
1841391
1841399
1841403
1841405
1841406
1841615
1841623
1841627
1841629
1841630
1841639
1841643
1841645
1841646
1841651
1841653
1841654
1841658
1841660
1841871
1841879
1841883
1841885
1841886
1841895
1841899
1841901
1841902
1841909
1841910
1841916
1842119
1842125
1842126
1842134
1842140
1842335
1842351
1842359
1842363
1842365
1842366
1842383
1842391
1842395
1842397
1842398
1842407
1842411
1842413
1842414
1842419
1842421
1842422
1842425
1842426
1842575
1842583
1842589
1842590
1842599
1842606
1842631
1842635
1842637
1842638
1842643
1842645
1842646
1842649
1842650
1842652
1842659
1842661
1842665
1842666
1842668
1842673
1842674
1842676
1842680
1842887
1842891
1842893
1842894
1842899
1842901
1842902
1842905
1842906
1842908
1842915
1842917
1842922
1842924
1842932
1843148
1847519
1847543
1847547
1847550
1847767
1847771
1847773
1847774
1847798
1847802
1847983
1847991
1847995
1847997
1847998
1848015
1848023
1848027
1848029
1848030
1848039
1848043
1848045
1848046
1848053
1848054
1848057
1848058
1848060
1848215
1848221
1848222
1848237
1848238
1848263
1848267
1848269
1848270
1848277
1848278
1848281
1848282
1848284
1848293
1848294
1848297
1848298
1848300
1848308
1848312
1848415
1848431
1848439
1848443
1848445
1848446
1848527
1848535
1848539
1848541
1848542
1848563
1848566
1848570
1848663
1848667
1848669
1848670
1848679
1848683
1848685
1848686
1848691
1848694
1848698
1848700
1848787
1848790
1848793
1848794
1848796
1848818
1848911
1848919
1848923
1848925
1848926
1848935
1848939
1848941
1848942
1848949
1848950
1848954
1848956
1848975
1848983
1848987
1848989
1848990
1848999
1849003
1849005
1849006
1849013
1849014
1849018
1849020
1849031
1849035
1849037
1849038
1849043
1849046
1849049
1849050
1849052
1849059
1849061
1849062
1849065
1849066
1849068
1849073
1849074
1849076
1849080
1849159
1849165
1849166
1849174
1849180
1849190
1849223
1849229
1849230
1849238
1849244
1849260
1849283
1849286
1849289
1849290
1849292
1849297
1849298
1849300
1849304
1849313
1849314
1849316
1849320
1849328
1850055
1850059
1850062
1850067
1850069
1850070
1850074
1850076
1850100
1850310
1851075
1851078
1851082
1851090
1851092
1851096
1855711
1855727
1855735
1855739
1855741
1855742
1855959
1855963
1855965
1855966
1855975
1855979
1855981
1855982
1855990
1855994
1855996
1856175
1856183
1856187
1856189
1856190
1856207
1856215
1856219
1856221
1856222
1856231
1856235
1856237
1856238
1856245
1856249
1856252
1856407
1856411
1856413
1856414
1856423
1856427
1856429
1856430
1856438
1856442
1856444
1856455
1856459
1856461
1856462
1856469
1856470
1856473
1856474
1856476
1856485
1856489
1856492
1856500
1856504
1856607
1856623
1856631
1856635
1856637
1856638
1856671
1856687
1856695
1856699
1856701
1856702
1856719
1856727
1856731
1856733
1856734
1856743
1856747
1856749
1856750
1856755
1856761
1856762
1856855
1856859
1856861
1856862
1856871
1856875
1856877
1856878
1856883
1856886
1856890
1856892
1856919
1856923
1856925
1856926
1856935
1856939
1856941
1856942
1856950
1856954
1856956
1856979
1856985
1856986
1856988
1856995
1857001
1857002
1857010
1857016
1857071
1857079
1857083
1857085
1857086
1857103
1857111
1857115
1857117
1857118
1857127
1857131
1857133
1857134
1857139
1857141
1857145
1857148
1857167
1857175
1857179
1857181
1857182
1857191
1857195
1857197
1857198
1857203
1857205
1857210
1857212
1857223
1857227
1857229
1857230
1857235
1857241
1857242
1857244
1857251
1857253
1857257
1857258
1857260
1857265
1857272
1857303
1857307
1857309
1857310
1857319
1857323
1857325
1857326
1857331
1857334
1857338
1857340
1857351
1857355
1857357
1857358
1857363
1857365
1857366
1857369
1857370
1857372
1857379
1857381
1857385
1857388
1857393
1857394
1857396
1857400
1857415
1857419
1857421
1857422
1857427
1857429
1857430
1857436
1857443
1857445
1857450
1857452
1857458
1857460
1857475
1857481
1857482
1857484
1857489
1857490
1857492
1857496
1857505
1857512
1857520
1857631
1857655
1857659
1857661
1857662
1857743
1857751
1857755
1857757
1857758
1857767
1857771
1857773
1857774
1857779
1857781
1857782
1857879
1857883
1857885
1857886
1857895
1857899
1857901
1857902
1857907
1857910
1857914
1857916
1857991
1857995
1857997
1857998
1858003
1858005
1858006
1858012
1858019
1858021
1858026
1858028
1858034
1858036
1858103
1858107
1858109
1858110
1858135
1858139
1858141
1858142
1858163
1858165
1858169
1858172
1858215
1858219
1858221
1858222
1858227
1858229
1858230
1858247
1858251
1858253
1858254
1858259
1858261
1858262
1858268
1858277
1858281
1858284
1858289
1858292
1858327
1858331
1858333
1858334
1858343
1858347
1858349
1858350
1858355
1858358
1858362
1858364
1858375
1858379
1858381
1858382
1858387
1858389
1858390
1858393
1858394
1858396
1858403
1858405
1858409
1858412
1858417
1858418
1858420
1858424
1858439
1858443
1858445
1858446
1858451
1858453
1858454
1858460
1858467
1858469
1858474
1858476
1858482
1858484
1858499
1858505
1858506
1858508
1858513
1858514
1858516
1858520
1858529
1858536
1858544
1858591
1858615
1858619
1858621
1858622
1858639
1858647
1858651
1858653
1858654
1858663
1858667
1858669
1858670
1858675
1858677
1858678
1858681
1858682
1858703
1858711
1858715
1858717
1858718
1858727
1858731
1858733
1858734
1858739
1858741
1858742
1858759
1858763
1858765
1858766
1858771
1858773
1858774
1858777
1858778
1858780
1858787
1858793
1858794
1858801
1858802
1858839
1858843
1858845
1858846
1858855
1858859
1858861
1858862
1858867
1858870
1858874
1858876
1858887
1858891
1858893
1858894
1858899
1858901
1858902
1858905
1858906
1858908
1858915
1858917
1858921
1858924
1858929
1858930
1858932
1858936
1858951
1858955
1858957
1858958
1858963
1858965
1858966
1858972
1858979
1858981
1858986
1858988
1858994
1858996
1859011
1859017
1859018
1859020
1859025
1859026
1859028
1859032
1859041
1859048
1859056
1859095
1859099
1859101
1859102
1859111
1859115
1859117
1859118
1859123
1859126
1859130
1859132
1859143
1859147
1859149
1859150
1859155
1859157
1859158
1859161
1859162
1859164
1859171
1859173
1859177
1859180
1859185
1859186
1859188
1859192
1859207
1859211
1859213
1859214
1859219
1859221
1859222
1859228
1859235
1859237
1859242
1859244
1859250
1859252
1859267
1859273
1859274
1859276
1859281
1859282
1859284
1859288
1859297
1859304
1859312
1859347
1859356
1859363
1859378
1859395
1859404
1859409
1859410
1859412
1859416
1859425
1859440
1859468
1859476
1859528
1859536
1859807
1859823
1859831
1859835
1859837
1859838
1860055
1860059
1860061
1860062
1860071
1860075
1860077
1860078
1860086
1860090
1860092
1860271
1860279
1860283
1860285
1860286
1860303
1860311
1860315
1860317
1860318
1860327
1860331
1860333
1860334
1860341
1860345
1860348
1860503
1860507
1860509
1860510
1860519
1860523
1860525
1860526
1860534
1860538
1860540
1860551
1860555
1860557
1860558
1860565
1860566
1860569
1860570
1860581
1860582
1860585
1860588
1860596
1860600
1860703
1860719
1860727
1860731
1860733
1860734
1860767
1860783
1860791
1860795
1860797
1860798
1860815
1860823
1860827
1860829
1860830
1860839
1860843
1860845
1860846
1860851
1860857
1860858
1860951
1860955
1860957
1860958
1860967
1860971
1860973
1860974
1860979
1860982
1860986
1860988
1861015
1861019
1861021
1861022
1861031
1861035
1861037
1861038
1861046
1861050
1861052
1861075
1861081
1861082
1861091
1861094
1861097
1861098
1861106
1861112
1861167
1861175
1861179
1861181
1861182
1861199
1861207
1861211
1861213
1861214
1861223
1861227
1861229
1861230
1861235
1861237
1861241
1861244
1861263
1861271
1861275
1861277
1861278
1861287
1861291
1861293
1861294
1861299
1861301
1861306
1861308
1861319
1861323
1861325
1861326
1861331
1861337
1861338
1861347
1861349
1861350
1861353
1861354
1861356
1861361
1861368
1861399
1861403
1861405
1861406
1861415
1861419
1861421
1861422
1861427
1861430
1861434
1861436
1861447
1861451
1861453
1861454
1861459
1861461
1861462
1861465
1861466
1861475
1861477
1861481
1861484
1861489
1861490
1861492
1861496
1861511
1861515
1861517
1861518
1861523
1861525
1861526
1861539
1861541
1861542
1861546
1861548
1861554
1861556
1861571
1861574
1861577
1861578
1861585
1861586
1861601
1861602
1861604
1861608
1861616
1861727
1861751
1861755
1861757
1861758
1861839
1861847
1861851
1861853
1861854
1861863
1861867
1861869
1861870
1861875
1861877
1861878
1861975
1861979
1861981
1861982
1861991
1861995
1861997
1861998
1862003
1862006
1862010
1862012
1862087
1862091
1862093
1862094
1862099
1862101
1862102
1862115
1862117
1862118
1862122
1862124
1862130
1862132
1862199
1862203
1862205
1862206
1862231
1862235
1862237
1862238
1862259
1862261
1862265
1862268
1862311
1862315
1862317
1862318
1862323
1862325
1862326
1862343
1862347
1862349
1862350
1862355
1862357
1862358
1862373
1862374
1862377
1862380
1862385
1862388
1862423
1862427
1862429
1862430
1862439
1862443
1862445
1862446
1862451
1862454
1862458
1862460
1862471
1862475
1862477
1862478
1862483
1862485
1862486
1862489
1862490
1862499
1862501
1862502
1862505
1862508
1862513
1862514
1862516
1862520
1862535
1862539
1862541
1862542
1862547
1862549
1862550
1862563
1862565
1862566
1862570
1862572
1862578
1862580
1862595
1862598
1862601
1862602
1862609
1862610
1862625
1862626
1862628
1862632
1862640
1862687
1862711
1862715
1862717
1862718
1862735
1862743
1862747
1862749
1862750
1862759
1862763
1862765
1862766
1862771
1862773
1862774
1862777
1862778
1862799
1862807
1862811
1862813
1862814
1862823
1862827
1862829
1862830
1862835
1862837
1862838
1862855
1862859
1862861
1862862
1862867
1862869
1862870
1862873
1862874
1862883
1862886
1862889
1862890
1862897
1862898
1862935
1862939
1862941
1862942
1862951
1862955
1862957
1862958
1862963
1862966
1862970
1862972
1862983
1862987
1862989
1862990
1862995
1862997
1862998
1863001
1863002
1863011
1863013
1863014
1863017
1863020
1863025
1863026
1863028
1863032
1863047
1863051
1863053
1863054
1863059
1863061
1863062
1863075
1863077
1863078
1863082
1863084
1863090
1863092
1863107
1863110
1863113
1863114
1863121
1863122
1863137
1863138
1863140
1863144
1863152
1863191
1863195
1863197
1863198
1863207
1863211
1863213
1863214
1863219
1863222
1863226
1863228
1863239
1863243
1863245
1863246
1863251
1863253
1863254
1863257
1863258
1863267
1863269
1863270
1863273
1863276
1863281
1863282
1863284
1863288
1863303
1863307
1863309
1863310
1863315
1863317
1863318
1863331
1863333
1863334
1863338
1863340
1863346
1863348
1863363
1863366
1863369
1863370
1863377
1863378
1863393
1863394
1863396
1863400
1863408
1863443
1863459
1863462
1863474
1863491
1863494
1863505
1863506
1863521
1863522
1863524
1863536
1863558
1863586
1863588
1863618
1863648
1863887
1863895
1863899
1863901
1863902
1863911
1863915
1863917
1863918
1863926
1863930
1863932
1864150
1864154
1864156
1864166
1864170
1864172
1864359
1864363
1864365
1864366
1864374
1864378
1864380
1864391
1864395
1864397
1864398
1864406
1864410
1864412
1864421
1864422
1864425
1864426
1864428
1864436
1864440
1864598
1864602
1864604
1864614
1864618
1864620
1864646
1864650
1864652
1864660
1864664
1864676
1864680
1864783
1864791
1864795
1864797
1864798
1864807
1864811
1864813
1864814
1864819
1864822
1864826
1864828
1864847
1864855
1864859
1864861
1864862
1864871
1864875
1864877
1864878
1864886
1864890
1864892
1864903
1864907
1864909
1864910
1864915
1864918
1864921
1864922
1864924
1864931
1864934
1864937
1864938
1864940
1864946
1864952
1865043
1865046
1865050
1865052
1865059
1865062
1865066
1865068
1865074
1865110
1865114
1865116
1865126
1865130
1865132
1865170
1865176
1865186
1865192
1865255
1865259
1865261
1865262
1865267
1865270
1865274
1865276
1865287
1865291
1865293
1865294
1865299
1865302
1865306
1865308
1865315
1865317
1865318
1865321
1865322
1865324
1865329
1865330
1865332
1865336
1865351
1865355
1865357
1865358
1865366
1865370
1865372
1865379
1865381
1865382
1865386
1865388
1865394
1865396
1865411
1865414
1865417
1865418
1865420
1865426
1865432
1865441
1865442
1865444
1865448
1865456
1865491
1865494
1865498
1865500
1865507
1865510
1865514
1865516
1865522
1865539
1865542
1865546
1865548
1865553
1865554
1865556
1865560
1865569
1865570
1865572
1865576
1865584
1865606
1865610
1865612
1865618
1865620
1865634
1865636
1865666
1865672
1865680
1865696
1865815
1865819
1865821
1865822
1865843
1865846
1865850
1865852
1865927
1865931
1865933
1865934
1865939
1865941
1865942
1865946
1865948
1865958
1865962
1865964
1865970
1865972
1866067
1866070
1866074
1866076
1866083
1866086
1866090
1866092
1866098
1866182
1866186
1866188
1866194
1866196
1866210
1866212
1866291
1866294
1866298
1866300
1866323
1866326
1866330
1866332
1866353
1866354
1866356
1866360
1866406
1866410
1866412
1866418
1866420
1866438
1866442
1866444
1866450
1866452
1866468
1866472
1866480
1866515
1866518
1866522
1866524
1866531
1866534
1866538
1866540
1866546
1866563
1866566
1866570
1866572
1866577
1866578
1866580
1866584
1866593
1866594
1866596
1866600
1866608
1866630
1866634
1866636
1866642
1866644
1866658
1866660
1866690
1866696
1866704
1866720
1866775
1866779
1866781
1866782
1866803
1866806
1866810
1866812
1866823
1866827
1866829
1866830
1866835
1866837
1866838
1866841
1866842
1866844
1866851
1866854
1866858
1866860
1866865
1866866
1866868
1866872
1866887
1866891
1866893
1866894
1866899
1866901
1866902
1866906
1866908
1866918
1866922
1866924
1866930
1866932
1866947
1866950
1866953
1866954
1866956
1866961
1866962
1866964
1866968
1866978
1866984
1866992
1867027
1867030
1867034
1867036
1867043
1867046
1867050
1867052
1867058
1867075
1867078
1867082
1867084
1867089
1867090
1867092
1867096
1867105
1867106
1867108
1867112
1867120
1867142
1867146
1867148
1867154
1867156
1867170
1867172
1867202
1867208
1867216
1867232
1867283
1867286
1867290
1867292
1867299
1867302
1867306
1867308
1867314
1867331
1867334
1867338
1867340
1867345
1867346
1867348
1867352
1867361
1867362
1867364
1867368
1867376
1867398
1867402
1867404
1867410
1867412
1867426
1867428
1867458
1867464
1867472
1867488
1867538
1867554
1867586
1867600
1867616
1888463
1888471
1888475
1888477
1888478
1888487
1888491
1888493
1888494
1888732
1888935
1888939
1888941
1888942
1888967
1888971
1888973
1888974
1888988
1888997
1889001
1889004
1889180
1889228
1889236
1889240
1889359
1889367
1889371
1889373
1889374
1889383
1889387
1889389
1889390
1889423
1889431
1889435
1889437
1889438
1889447
1889451
1889453
1889454
1889479
1889483
1889485
1889486
1889491
1889497
1889498
1889500
1889507
1889513
1889514
1889628
1889692
1889752
1889831
1889835
1889837
1889838
1889863
1889867
1889869
1889870
1889884
1889893
1889897
1889900
1889927
1889931
1889933
1889934
1889948
1889955
1889957
1889962
1889964
1889987
1889993
1889994
1889996
1890008
1890017
1890024
1890076
1890124
1890132
1890136
1890188
1890196
1890248
1890256
1890391
1890395
1890397
1890398
1890503
1890507
1890509
1890510
1890515
1890517
1890518
1890524
1890652
1890764
1890772
1890908
1891020
1891028
1891100
1891148
1891156
1891160
1891212
1891220
1891272
1891280
1891351
1891355
1891357
1891358
1891399
1891403
1891405
1891406
1891413
1891414
1891417
1891418
1891420
1891463
1891467
1891469
1891470
1891475
1891477
1891478
1891484
1891523
1891529
1891530
1891532
1891537
1891538
1891540
1891544
1891612
1891660
1891668
1891672
1891724
1891732
1891784
1891792
1891868
1891916
1891924
1891928
1891980
1891988
1892040
1892048
1896647
1896651
1896654
1896662
1896666
1896668
1897126
1897130
1897132
1897158
1897162
1897164
1897188
1897192
1897543
1897547
1897549
1897550
1897558
1897562
1897564
1897574
1897578
1897580
1897667
1897670
1897674
1897682
1897688
1898022
1898026
1898028
1898054
1898058
1898060
1898084
1898088
1898118
1898122
1898124
1898146
1898148
1898178
1898184
1898208
1921239
1921243
1921245
1921246
1921500
1921756
1921948
1921996
1922004
1922008
1922135
1922139
1922141
1922142
1922163
1922199
1922203
1922205
1922206
1922259
1922265
1922266
1922268
1922387
1922396
1922403
1922418
1922460
1922520
1922611
1922643
1922652
1922673
1922716
1922776
1922835
1922844
1922851
1922866
1922883
1922892
1922897
1922898
1922900
1922904
1922913
1922928
1922956
1922964
1923016
1923024
1923159
1923163
1923165
1923166
1923187
1923271
1923275
1923277
1923278
1923283
1923285
1923286
1923292
1923411
1923420
1923427
1923442
1923532
1923540
1923635
1923667
1923676
1923697
1923788
1923796
1923859
1923868
1923875
1923890
1923907
1923916
1923921
1923922
1923924
1923928
1923937
1923952
1923980
1923988
1924040
1924048
1924119
1924123
1924125
1924126
1924147
1924167
1924171
1924173
1924174
1924179
1924181
1924182
1924185
1924186
1924188
1924195
1924209
1924210
1924231
1924235
1924237
1924238
1924243
1924245
1924246
1924252
1924291
1924297
1924298
1924300
1924305
1924306
1924308
1924312
1924371
1924380
1924387
1924402
1924419
1924428
1924433
1924434
1924436
1924440
1924449
1924464
1924492
1924500
1924552
1924560
1924627
1924636
1924643
1924658
1924675
1924684
1924689
1924690
1924692
1924696
1924705
1924720
1924748
1924756
1924808
1924816
1924944
1929430
1929434
1929436
1930323
1930326
1930330
1930332
1930354
1930390
1930394
1930396
1930450
1930456
1930578
1930594
1930834
1930864
1931074
1931088
1931104
1931347
1931350
1931354
1931356
1931462
1931466
1931468
1931474
1931476
1932355
1932358
1932362
1932364
1932370
1932372
1932376
1932482
1932488
1932496
1937623
1937627
1937629
1937630
1937884
1938105
1938140
1938329
1938332
1938345
1938360
1938380
1938388
1938392
1938519
1938523
1938525
1938526
1938583
1938587
1938590
1938617
1938643
1938649
1938650
1938652
1938780
1938857
1938872
1938904
1939036
1939097
1939100
1939121
1939128
1939160
1939276
1939337
1939340
1939345
1939348
1939352
1939361
1939368
1939376
1939400
1939408
1939655
1939659
1939661
1939662
1939667
1939669
1939670
1939676
1939916
1939924
1940172
1940180
1940615
1940619
1940622
1940627
1940630
1940675
1940681
1940682
1940684
1940689
1940690
1940692
1940696
1940936
1940944
1941192
1941719
1941723
1941725
1941726
1941990
1942201
1942425
1942438
1942441
1942456
1942470
1942500
1942615
1942619
1942621
1942622
1942679
1942683
1942685
1942686
1942713
1942739
1942745
1942746
1942886
1942937
1942950
1942953
1942968
1943010
1943193
1943217
1943224
1943366
1943430
1943433
1943441
1943457
1943458
1943460
1943464
1943472
1943490
1943520
1943751
1943755
1943757
1943758
1943763
1943765
1943766
1943782
1944006
1944034
1944036
1944262
1944292
1944711
1944715
1944717
1944718
1944723
1944725
1944726
1944729
1944742
1944771
1944774
1944777
1944778
1944785
1944786
1944802
1944966
1945026
1945056
1945282
1945814
1945818
1945820
1946296
1946520
1946536
1946710
1946714
1946716
1946774
1946777
1946778
1946780
1946808
1946834
1946840
1947032
1947048
1947288
1947312
1947528
1947536
1947552
1947846
1947850
1947852
1947858
1947860
1948806
1948809
1948810
1948812
1948818
1948820
1948824
1948866
1948872
1948880
1954012
1954908
1954972
1955032
1955932
1956044
1956052
1956892
1956940
1956948
1956952
1957004
1957012
1957064
1957072
1960134
1961030
1961094
1961154
3150719
3150783
3150815
3150831
3150839
3150843
3150845
3150846
3151231
3151295
3151327
3151343
3151351
3151355
3151357
3151358
3151487
3151551
3151583
3151599
3151607
3151611
3151613
3151614
3151679
3151711
3151727
3151735
3151739
3151741
3151742
3151775
3151791
3151799
3151803
3151805
3151806
3151823
3151831
3151835
3151837
3151838
3151847
3151851
3151853
3151854
3151859
3151861
3151862
3151865
3151866
3151868
3152255
3152319
3152351
3152367
3152375
3152379
3152381
3152382
3152511
3152575
3152607
3152623
3152631
3152635
3152637
3152638
3152735
3152751
3152759
3152765
3152766
3152799
3152815
3152823
3152829
3152830
3152847
3152855
3152859
3152861
3152862
3152871
3152875
3152877
3152878
3152883
3152885
3152886
3152889
3152890
3152892
3153023
3153087
3153119
3153135
3153143
3153147
3153149
3153150
3153215
3153247
3153263
3153271
3153275
3153277
3153278
3153311
3153327
3153335
3153339
3153341
3153342
3153359
3153367
3153371
3153373
3153374
3153383
3153387
3153389
3153390
3153395
3153397
3153398
3153401
3153402
3153404
3153471
3153503
3153519
3153527
3153531
3153533
3153534
3153567
3153583
3153591
3153595
3153597
3153598
3153615
3153623
3153627
3153629
3153630
3153639
3153643
3153645
3153646
3153651
3153653
3153654
3153657
3153658
3153660
3153695
3153711
3153719
3153725
3153726
3153743
3153751
3153755
3153757
3153758
3153767
3153771
3153773
3153774
3153779
3153781
3153782
3153785
3153786
3153788
3153807
3153815
3153819
3153821
3153822
3153831
3153835
3153837
3153838
3153843
3153845
3153846
3153849
3153850
3153852
3153863
3153867
3153869
3153870
3153875
3153877
3153878
3153881
3153882
3153884
3153891
3153893
3153897
3153898
3153900
3153905
3153906
3153908
3153912
3154815
3154879
3154911
3154935
3154941
3155327
3155391
3155423
3155439
3155447
3155451
3155453
3155454
3155583
3155647
3155679
3155695
3155703
3155707
3155709
3155710
3155775
3155807
3155835
3155837
3155838
3155871
3155887
3155895
3155899
3155901
3155902
3155919
3155927
3155931
3155933
3155934
3155947
3155949
3155950
3155955
3155957
3155958
3155961
3155962
3155964
3157119
3157183
3157215
3157239
3157245
3157311
3157343
3157359
3157367
3157371
3157373
3157374
3157407
3157423
3157431
3157435
3157437
3157438
3157455
3157463
3157467
3157469
3157470
3157479
3157483
3157485
3157486
3157491
3157493
3157494
3157497
3157498
3157500
3157791
3157807
3157815
3157821
3157822
3157847
3157853
3157875
3157877
3157878
3157884
3157903
3157911
3157915
3157917
3157918
3157927
3157933
3157939
3157941
3157942
3157945
3157946
3157948
3157971
3157973
3157974
3158001
3158004
3158879
3158895
3158903
3158909
3158910
3158943
3158959
3158967
3158973
3158974
3158991
3158999
3159003
3159005
3159006
3159015
3159019
3159021
3159022
3159029
3159030
3159033
3159034
3159036
3159391
3159407
3159415
3159419
3159421
3159422
3159455
3159471
3159479
3159483
3159485
3159486
3159511
3159515
3159517
3159518
3159527
3159531
3159533
3159534
3159539
3159542
3159545
3159546
3159548
3159615
3159647
3159663
3159671
3159675
3159677
3159678
3159711
3159727
3159735
3159739
3159741
3159742
3159759
3159767
3159771
3159773
3159774
3159783
3159787
3159789
3159790
3159795
3159797
3159798
3159801
3159802
3159804
3159839
3159855
3159863
3159869
3159870
3159887
3159895
3159899
3159901
3159902
3159915
3159917
3159918
3159923
3159925
3159926
3159929
3159930
3159932
3159951
3159959
3159963
3159965
3159966
3159975
3159979
3159981
3159982
3159987
3159989
3159990
3159993
3159994
3159996
3160007
3160011
3160013
3160014
3160019
3160021
3160022
3160025
3160026
3160028
3160035
3160037
3160038
3160041
3160042
3160044
3160049
3160050
3160052
3160056
3160415
3160431
3160439
3160445
3160446
3160495
3160503
3160509
3160510
3160527
3160535
3160539
3160541
3160542
3160551
3160555
3160557
3160558
3160563
3160565
3160566
3160570
3160572
3160671
3160695
3160701
3160702
3160751
3160759
3160765
3160766
3160783
3160791
3160795
3160797
3160798
3160807
3160811
3160813
3160814
3160819
3160821
3160822
3160825
3160826
3160828
3160911
3160919
3160925
3160926
3160935
3160941
3160942
3160949
3160950
3160956
3160975
3160983
3160989
3160990
3160999
3161005
3161006
3161013
3161014
3161020
3161031
3161035
3161037
3161038
3161043
3161045
3161046
3161049
3161050
3161052
3161059
3161061
3161062
3161065
3161066
3161068
3161073
3161074
3161076
3161080
3161151
3161183
3161199
3161207
3161211
3161213
3161214
3161247
3161263
3161271
3161275
3161277
3161278
3161295
3161303
3161307
3161309
3161310
3161319
3161323
3161325
3161326
3161331
3161333
3161334
3161337
3161338
3161340
3161375
3161391
3161399
3161405
3161406
3161423
3161431
3161435
3161437
3161438
3161447
3161451
3161453
3161454
3161459
3161461
3161462
3161465
3161466
3161468
3161487
3161495
3161499
3161501
3161502
3161511
3161515
3161517
3161518
3161523
3161525
3161526
3161529
3161530
3161532
3161543
3161547
3161549
3161550
3161555
3161557
3161558
3161561
3161562
3161564
3161571
3161573
3161574
3161577
3161578
3161580
3161585
3161586
3161588
3161592
3161631
3161647
3161655
3161661
3161662
3161679
3161687
3161691
3161693
3161694
3161703
3161707
3161709
3161710
3161715
3161717
3161718
3161721
3161722
3161724
3161743
3161751
3161755
3161757
3161758
3161767
3161771
3161773
3161774
3161779
3161781
3161782
3161785
3161786
3161788
3161799
3161803
3161805
3161806
3161811
3161813
3161814
3161817
3161818
3161820
3161827
3161829
3161830
3161833
3161834
3161836
3161841
3161842
3161844
3161848
3161879
3161885
3161886
3161895
3161901
3161902
3161910
3161916
3161927
3161931
3161933
3161934
3161939
3161941
3161942
3161945
3161946
3161948
3161955
3161957
3161958
3161961
3161962
3161964
3161969
3161970
3161972
3161976
3161991
3161995
3161997
3161998
3162003
3162005
3162006
3162009
3162010
3162012
3162019
3162021
3162022
3162025
3162026
3162028
3162033
3162034
3162036
3162040
3162051
3162054
3162057
3162058
3162060
3162065
3162066
3162068
3162072
3162081
3162082
3162084
3162088
3162096
3167071
3167095
3167101
3167135
3167151
3167159
3167163
3167165
3167166
3167191
3167197
3167221
3167222
3167228
3167583
3167599
3167607
3167611
3167613
3167614
3167647
3167663
3167671
3167675
3167677
3167678
3167703
3167707
3167709
3167710
3167719
3167723
3167725
3167726
3167731
3167733
3167734
3167737
3167738
3167740
3167807
3167839
3167863
3167867
3167869
3167870
3167903
3167919
3167927
3167931
3167933
3167934
3167959
3167963
3167965
3167966
3167975
3167979
3167981
3167982
3167987
3167989
3167990
3167993
3167994
3167996
3168031
3168047
3168055
3168059
3168061
3168062
3168079
3168087
3168091
3168093
3168094
3168107
3168109
3168110
3168115
3168117
3168118
3168121
3168122
3168124
3168143
3168151
3168155
3168157
3168158
3168167
3168171
3168173
3168174
3168179
3168181
3168182
3168185
3168186
3168188
3168199
3168203
3168205
3168206
3168211
3168213
3168214
3168217
3168218
3168220
3168227
3168229
3168230
3168233
3168234
3168236
3168241
3168242
3168244
3168248
3169343
3169375
3169399
3169405
3169455
3169463
3169467
3169469
3169470
3169495
3169501
3169523
3169525
3169526
3169567
3169583
3169591
3169595
3169597
3169598
3169615
3169623
3169627
3169629
3169630
3169639
3169643
3169645
3169646
3169651
3169653
3169654
3169657
3169658
3169660
3169679
3169687
3169691
3169693
3169694
3169703
3169707
3169709
3169710
3169715
3169717
3169718
3169721
3169722
3169724
3169735
3169739
3169741
3169742
3169747
3169749
3169750
3169753
3169754
3169756
3169763
3169765
3169766
3169769
3169770
3169772
3169777
3169778
3169780
3169784
3170071
3170075
3170077
3170078
3170087
3170093
3170099
3170101
3170102
3170105
3170106
3170108
3170131
3170133
3170134
3170140
3170161
3170164
3170183
3170189
3170195
3170197
3170198
3170201
3170202
3170204
3170211
3170213
3170214
3170220
3170225
3170226
3170228
3170232
3170257
3170260
3170288
3175283
3175285
3175286
3175292
3175319
3175323
3175325
3175326
3175335
3175341
3175349
3175350
3175353
3175354
3175356
3175381
3175382
3175388
3175412
3175767
3175771
3175773
3175774
3175787
3175789
3175790
3175795
3175797
3175798
3175801
3175802
3175804
3175831
3175835
3175837
3175838
3175847
3175851
3175853
3175854
3175861
3175862
3175865
3175866
3175868
3175891
3175893
3175894
3175897
3175898
3175900
3175907
3175909
3175910
3175913
3175914
3175916
3175921
3175922
3175924
3175928
3175991
3175995
3175997
3175998
3176023
3176027
3176029
3176030
3176051
3176053
3176054
3176057
3176058
3176060
3176087
3176091
3176093
3176094
3176115
3176117
3176118
3176121
3176122
3176124
3176147
3176149
3176150
3176153
3176154
3176156
3176163
3176165
3176169
3176170
3176177
3176178
3176180
3176184
3176215
3176219
3176221
3176222
3176235
3176237
3176238
3176243
3176245
3176246
3176249
3176250
3176252
3176267
3176269
3176270
3176275
3176277
3176278
3176281
3176282
3176284
3176297
3176298
3176300
3176305
3176306
3176308
3176312
3176327
3176331
3176333
3176334
3176339
3176341
3176342
3176345
3176346
3176348
3176355
3176357
3176358
3176361
3176362
3176364
3176369
3176370
3176372
3176376
3176387
3176389
3176390
3176393
3176394
3176396
3176401
3176402
3176404
3176408
3176417
3176418
3176420
3176424
3176432
3177527
3177531
3177533
3177534
3177587
3177589
3177590
3177596
3177639
3177645
3177651
3177653
3177654
3177657
3177658
3177660
3177683
3177685
3177686
3177713
3177716
3177751
3177755
3177757
3177758
3177767
3177771
3177773
3177774
3177779
3177781
3177782
3177785
3177786
3177788
3177799
3177803
3177805
3177806
3177811
3177813
3177814
3177817
3177818
3177820
3177827
3177829
3177830
3177833
3177834
3177836
3177841
3177842
3177844
3177848
3177863
3177867
3177869
3177870
3177875
3177877
3177878
3177881
3177882
3177884
3177891
3177893
3177894
3177897
3177898
3177900
3177905
3177906
3177908
3177912
3177923
3177925
3177926
3177929
3177930
3177932
3177937
3177938
3177940
3177944
3177953
3177954
3177956
3177960
3177968
3178259
3178261
3178262
3178265
3178266
3178268
3178275
3178277
3178278
3178284
3178289
3178290
3178292
3178296
3178321
3178324
3178352
3178373
3178374
3178380
3178385
3178386
3178388
3178392
3178401
3178404
3178416
3178448
3183519
3183535
3183543
3183547
3183549
3183550
3183567
3183575
3183579
3183581
3183582
3183591
3183595
3183597
3183598
3183605
3183606
3183609
3183610
3183612
3183967
3183983
3183991
3183995
3183997
3183998
3184031
3184047
3184055
3184059
3184061
3184062
3184087
3184091
3184093
3184094
3184103
3184107
3184109
3184110
3184115
3184118
3184121
3184122
3184124
3184191
3184223
3184247
3184251
3184253
3184254
3184287
3184311
3184315
3184317
3184318
3184343
3184347
3184349
3184350
3184371
3184373
3184377
3184378
3184380
3184415
3184431
3184439
3184443
3184445
3184446
3184463
3184471
3184475
3184477
3184478
3184487
3184491
3184493
3184494
3184501
3184502
3184505
3184506
3184508
3184527
3184535
3184539
3184541
3184542
3184551
3184555
3184557
3184558
3184563
3184565
3184566
3184569
3184570
3184572
3184583
3184587
3184589
3184590
3184595
3184597
3184598
3184601
3184602
3184604
3184611
3184613
3184617
3184618
3184620
3184625
3184626
3184628
3184632
3184991
3185007
3185015
3185019
3185021
3185022
3185111
3185115
3185117
3185118
3185127
3185131
3185133
3185134
3185139
3185141
3185142
3185146
3185148
3185215
3185247
3185271
3185275
3185277
3185278
3185327
3185335
3185339
3185341
3185342
3185359
3185367
3185371
3185373
3185374
3185383
3185387
3185389
3185390
3185395
3185397
3185398
3185401
3185404
3185439
3185455
3185463
3185469
3185470
3185487
3185495
3185499
3185501
3185502
3185511
3185515
3185517
3185518
3185525
3185526
3185529
3185530
3185532
3185551
3185559
3185563
3185565
3185566
3185575
3185579
3185581
3185582
3185587
3185589
3185590
3185593
3185594
3185596
3185607
3185611
3185613
3185614
3185619
3185621
3185622
3185625
3185626
3185628
3185635
3185637
3185641
3185642
3185644
3185649
3185650
3185652
3185656
3185727
3185775
3185783
3185787
3185789
3185790
3185839
3185847
3185851
3185853
3185854
3185895
3185899
3185901
3185902
3185907
3185909
3185910
3185913
3185914
3185951
3185967
3185975
3185979
3185981
3185982
3185999
3186007
3186011
3186013
3186014
3186023
3186027
3186029
3186030
3186037
3186038
3186041
3186042
3186044
3186063
3186071
3186075
3186078
3186087
3186091
3186093
3186094
3186099
3186101
3186102
3186105
3186106
3186108
3186119
3186123
3186125
3186126
3186131
3186133
3186134
3186137
3186138
3186140
3186147
3186149
3186153
3186154
3186156
3186161
3186162
3186164
3186168
3186207
3186223
3186231
3186235
3186237
3186238
3186255
3186263
3186267
3186269
3186270
3186279
3186283
3186285
3186286
3186293
3186294
3186297
3186298
3186300
3186319
3186327
3186331
3186333
3186334
3186343
3186347
3186349
3186350
3186355
3186357
3186358
3186361
3186362
3186364
3186375
3186379
3186381
3186382
3186387
3186389
3186390
3186393
3186394
3186396
3186403
3186405
3186409
3186410
3186412
3186417
3186418
3186420
3186424
3186455
3186459
3186461
3186462
3186471
3186475
3186477
3186478
3186486
3186489
3186490
3186492
3186503
3186507
3186509
3186510
3186517
3186518
3186521
3186522
3186524
3186533
3186537
3186540
3186548
3186552
3186567
3186571
3186573
3186574
3186579
3186581
3186582
3186585
3186588
3186595
3186597
3186601
3186602
3186604
3186609
3186610
3186612
3186616
3186627
3186633
3186634
3186636
3186641
3186642
3186644
3186648
3186657
3186664
3186672
3187631
3187639
3187643
3187645
3187646
3187671
3187677
3187701
3187702
3187708
3188063
3188079
3188087
3188091
3188093
3188094
3188127
3188143
3188151
3188155
3188157
3188158
3188183
3188187
3188189
3188190
3188199
3188203
3188205
3188206
3188211
3188214
3188217
3188218
3188220
3188319
3188343
3188347
3188349
3188350
3188407
3188411
3188413
3188414
3188439
3188443
3188445
3188446
3188467
3188469
3188473
3188474
3188476
3188511
3188527
3188535
3188539
3188541
3188542
3188559
3188567
3188571
3188573
3188574
3188587
3188589
3188590
3188597
3188598
3188601
3188602
3188604
3188623
3188631
3188635
3188637
3188638
3188647
3188651
3188653
3188654
3188659
3188661
3188662
3188665
3188666
3188668
3188679
3188683
3188685
3188686
3188691
3188693
3188694
3188697
3188698
3188707
3188709
3188710
3188713
3188714
3188716
3188721
3188722
3188724
3188728
3189879
3189885
3189935
3189943
3189947
3189949
3189950
3190003
3190005
3190006
3190047
3190063
3190071
3190075
3190077
3190078
3190095
3190103
3190107
3190109
3190110
3190119
3190123
3190125
3190126
3190133
3190134
3190137
3190138
3190140
3190159
3190167
3190171
3190173
3190174
3190183
3190187
3190189
3190190
3190195
3190197
3190198
3190201
3190202
3190204
3190215
3190219
3190221
3190222
3190227
3190229
3190230
3190233
3190234
3190243
3190245
3190246
3190249
3190250
3190252
3190257
3190258
3190260
3190264
3190551
3190555
3190557
3190558
3190567
3190573
3190582
3190585
3190586
3190588
3190613
3190614
3190644
3190663
3190669
3190675
3190677
3190678
3190681
3190691
3190693
3190694
3190700
3190705
3190706
3190708
3190712
3190737
3190768
3191734
3191737
3191738
3191740
3191765
3191766
3191769
3191770
3191772
3191781
3191782
3191788
3191796
3191800
3192151
3192155
3192157
3192158
3192167
3192171
3192173
3192174
3192182
3192186
3192188
3192215
3192219
3192221
3192222
3192231
3192235
3192237
3192238
3192246
3192249
3192250
3192252
3192275
3192278
3192281
3192282
3192284
3192291
3192294
3192297
3192298
3192300
3192306
3192312
3192437
3192438
3192441
3192442
3192444
3192499
3192501
3192502
3192505
3192506
3192508
3192531
3192537
3192538
3192561
3192562
3192564
3192568
3192599
3192603
3192605
3192606
3192615
3192619
3192621
3192622
3192630
3192633
3192634
3192636
3192647
3192651
3192653
3192654
3192661
3192662
3192665
3192666
3192668
3192677
3192678
3192681
3192682
3192684
3192692
3192696
3192711
3192715
3192717
3192718
3192723
3192725
3192726
3192729
3192730
3192732
3192739
3192741
3192742
3192745
3192746
3192748
3192753
3192754
3192756
3192760
3192771
3192774
3192777
3192778
3192780
3192785
3192786
3192788
3192792
3192801
3192802
3192804
3192808
3192816
3193206
3193210
3193315
3193317
3193318
3193322
3193324
3193330
3193332
3193399
3193405
3193406
3193431
3193435
3193437
3193438
3193461
3193462
3193465
3193466
3193468
3193511
3193515
3193517
3193518
3193523
3193525
3193526
3193529
3193530
3193532
3193543
3193547
3193549
3193550
3193555
3193557
3193558
3193562
3193564
3193573
3193574
3193577
3193578
3193580
3193585
3193586
3193588
3193592
3193623
3193629
3193630
3193639
3193645
3193646
3193654
3193660
3193671
3193675
3193677
3193678
3193685
3193686
3193689
3193690
3193692
3193701
3193702
3193705
3193706
3193708
3193716
3193720
3193735
3193739
3193741
3193742
3193747
3193749
3193750
3193753
3193754
3193756
3193763
3193765
3193766
3193769
3193770
3193772
3193777
3193778
3193780
3193784
3193795
3193798
3193801
3193802
3193804
3193809
3193810
3193812
3193816
3193825
3193826
3193828
3193832
3193840
3193973
3193974
3193977
3193978
3193980
3194035
3194037
3194038
3194041
3194083
3194086
3194090
3194097
3194098
3194100
3194104
3194135
3194139
3194141
3194142
3194151
3194155
3194157
3194158
3194166
3194169
3194170
3194172
3194183
3194187
3194189
3194190
3194197
3194198
3194201
3194202
3194204
3194213
3194214
3194217
3194218
3194220
3194228
3194232
3194247
3194251
3194253
3194254
3194259
3194261
3194262
3194265
3194266
3194268
3194275
3194277
3194278
3194281
3194282
3194284
3194289
3194290
3194292
3194296
3194307
3194310
3194313
3194314
3194316
3194321
3194322
3194324
3194328
3194337
3194338
3194340
3194344
3194352
3194391
3194395
3194397
3194398
3194407
3194411
3194413
3194414
3194422
3194425
3194426
3194428
3194439
3194443
3194445
3194446
3194453
3194454
3194457
3194458
3194460
3194469
3194470
3194473
3194474
3194476
3194484
3194488
3194503
3194507
3194509
3194510
3194515
3194517
3194518
3194521
3194522
3194524
3194531
3194533
3194534
3194537
3194538
3194540
3194545
3194546
3194548
3194552
3194563
3194566
3194569
3194570
3194572
3194577
3194578
3194580
3194584
3194593
3194594
3194596
3194600
3194608
3194646
3194649
3194650
3194652
3194662
3194665
3194666
3194668
3194680
3194694
3194698
3194700
3194708
3194712
3194724
3194728
3194758
3194761
3194762
3194764
3194769
3194770
3194772
3194776
3194785
3194786
3194788
3194792
3194800
3194818
3194824
3194832
3194848
3199957
3199958
3199964
3199988
3200343
3200347
3200349
3200350
3200359
3200363
3200365
3200366
3200373
3200374
3200377
3200378
3200380
3200407
3200411
3200413
3200414
3200423
3200427
3200429
3200430
3200437
3200438
3200441
3200442
3200444
3200467
3200469
3200470
3200473
3200474
3200476
3200483
3200485
3200486
3200489
3200490
3200497
3200498
3200500
3200504
3200691
3200693
3200697
3200698
3200753
3200754
3200756
3200760
3200791
3200795
3200797
3200798
3200807
3200811
3200813
3200814
3200821
3200822
3200825
3200826
3200828
3200839
3200843
3200845
3200846
3200853
3200854
3200857
3200858
3200860
3200869
3200870
3200873
3200874
3200876
3200884
3200888
3200903
3200907
3200909
3200910
3200915
3200917
3200918
3200921
3200922
3200924
3200931
3200933
3200934
3200937
3200938
3200940
3200945
3200946
3200948
3200952
3200963
3200965
3200966
3200969
3200970
3200972
3200977
3200978
3200980
3200984
3200993
3200994
3200996
3201000
3201008
3202165
3202166
3202289
3202327
3202331
3202333
3202334
3202343
3202347
3202349
3202350
3202357
3202358
3202361
3202362
3202364
3202375
3202379
3202381
3202382
3202389
3202390
3202393
3202394
3202396
3202405
3202406
3202409
3202410
3202412
3202420
3202424
3202439
3202443
3202445
3202446
3202451
3202453
3202454
3202457
3202458
3202460
3202467
3202469
3202470
3202473
3202474
3202476
3202481
3202482
3202484
3202488
3202499
3202501
3202502
3202505
3202506
3202508
3202513
3202514
3202516
3202520
3202529
3202530
3202532
3202536
3202544
3202837
3202838
3202841
3202842
3202844
3202853
3202854
3202868
3202872
3202900
3202949
3202950
3202956
3202961
3202962
3202964
3202968
3202977
3202980
3202992
3203024
3208533
3208534
3208537
3208538
3208540
3208549
3208550
3208553
3208554
3208556
3208564
3208568
3208597
3208598
3208601
3208602
3208604
3208613
3208614
3208617
3208618
3208620
3208628
3208632
3208657
3208658
3208660
3208664
3208673
3208674
3208676
3208680
3208688
3208944
3208981
3208982
3208985
3208986
3208988
3208997
3208998
3209001
3209002
3209004
3209012
3209016
3209029
3209030
3209033
3209034
3209036
3209044
3209048
3209060
3209064
3209093
3209094
3209097
3209098
3209100
3209105
3209106
3209108
3209112
3209121
3209122
3209124
3209128
3209136
3209153
3209154
3209156
3209160
3209168
3209184
3210480
3210517
3210518
3210521
3210522
3210524
3210533
3210534
3210537
3210538
3210540
3210548
3210552
3210565
3210566
3210569
3210570
3210572
3210580
3210584
3210596
3210600
3210629
3210630
3210633
3210634
3210636
3210641
3210642
3210644
3210648
3210657
3210658
3210660
3210664
3210672
3210689
3210690
3210692
3210696
3210704
3210720
3211028
3211032
3211044
3211140
3211152
3211168
3215743
3215807
3215839
3215855
3215863
3215867
3215869
3215870
3215999
3216063
3216095
3216119
3216123
3216125
3216126
3216223
3216239
3216247
3216253
3216254
3216287
3216303
3216311
3216317
3216318
3216335
3216343
3216347
3216349
3216350
3216359
3216363
3216365
3216366
3216373
3216374
3216377
3216378
3216380
3216511
3216575
3216607
3216631
3216635
3216637
3216638
3216735
3216751
3216759
3216763
3216765
3216766
3216799
3216815
3216823
3216827
3216829
3216830
3216855
3216859
3216861
3216862
3216871
3216875
3216877
3216878
3216883
3216886
3216889
3216890
3216892
3216959
3216991
3217015
3217019
3217021
3217022
3217055
3217079
3217083
3217085
3217086
3217111
3217115
3217117
3217118
3217139
3217141
3217145
3217146
3217148
3217183
3217199
3217207
3217213
3217214
3217231
3217239
3217243
3217245
3217246
3217255
3217259
3217261
3217262
3217267
3217269
3217270
3217273
3217274
3217276
3217295
3217303
3217307
3217309
3217310
3217319
3217323
3217325
3217326
3217331
3217333
3217334
3217337
3217338
3217340
3217351
3217355
3217357
3217358
3217363
3217365
3217366
3217369
3217370
3217372
3217379
3217381
3217385
3217386
3217388
3217393
3217394
3217396
3217400
3217535
3217599
3217631
3217647
3217655
3217659
3217661
3217662
3217759
3217775
3217783
3217789
3217790
3217823
3217839
3217847
3217853
3217854
3217871
3217879
3217883
3217885
3217886
3217895
3217899
3217901
3217902
3217907
3217909
3217910
3217914
3217916
3218015
3218039
3218045
3218046
3218095
3218103
3218109
3218110
3218127
3218135
3218139
3218141
3218142
3218151
3218155
3218157
3218158
3218163
3218165
3218166
3218169
3218172
3218255
3218263
3218269
3218270
3218279
3218285
3218286
3218293
3218294
3218300
3218319
3218327
3218333
3218334
3218343
3218349
3218350
3218357
3218358
3218364
3218375
3218379
3218381
3218382
3218387
3218389
3218390
3218393
3218394
3218396
3218403
3218405
3218409
3218410
3218412
3218417
3218418
3218420
3218424
3218495
3218527
3218543
3218551
3218555
3218557
3218558
3218591
3218607
3218615
3218619
3218621
3218622
3218639
3218647
3218651
3218653
3218654
3218663
3218667
3218669
3218670
3218675
3218677
3218678
3218681
3218682
3218719
3218735
3218743
3218749
3218750
3218767
3218775
3218779
3218781
3218782
3218791
3218795
3218797
3218798
3218803
3218805
3218806
3218809
3218810
3218812
3218831
3218839
3218843
3218846
3218855
3218859
3218861
3218862
3218867
3218869
3218870
3218873
3218874
3218876
3218887
3218891
3218893
3218894
3218899
3218901
3218902
3218905
3218906
3218908
3218915
3218917
3218921
3218922
3218924
3218929
3218930
3218932
3218936
3218975
3218991
3218999
3219005
3219006
3219023
3219031
3219035
3219037
3219038
3219047
3219051
3219053
3219054
3219059
3219061
3219062
3219065
3219066
3219068
3219087
3219095
3219099
3219101
3219102
3219111
3219115
3219117
3219118
3219123
3219125
3219126
3219129
3219130
3219132
3219143
3219147
3219149
3219150
3219155
3219157
3219158
3219161
3219162
3219164
3219171
3219173
3219177
3219178
3219180
3219185
3219186
3219188
3219192
3219223
3219229
3219230
3219239
3219245
3219246
3219254
3219260
3219271
3219275
3219277
3219278
3219283
3219285
3219286
3219289
3219290
3219292
3219299
3219301
3219305
3219308
3219313
3219314
3219316
3219320
3219335
3219339
3219341
3219342
3219347
3219349
3219350
3219353
3219356
3219363
3219365
3219369
3219370
3219372
3219377
3219378
3219380
3219384
3219395
3219401
3219402
3219404
3219409
3219410
3219412
3219416
3219425
3219432
3219440
3219839
3219903
3219935
3219951
3219959
3219963
3219965
3219966
3220095
3220159
3220191
3220215
3220219
3220221
3220222
3220319
3220335
3220343
3220349
3220350
3220383
3220399
3220407
3220413
3220414
3220431
3220439
3220443
3220445
3220446
3220455
3220459
3220461
3220462
3220469
3220470
3220473
3220474
3220476
3220607
3220671
3220703
3220727
3220731
3220733
3220734
3220831
3220847
3220855
3220859
3220861
3220862
3220895
3220911
3220919
3220923
3220925
3220926
3220951
3220955
3220957
3220958
3220967
3220971
3220973
3220974
3220979
3220982
3220985
3220986
3220988
3221055
3221087
3221111
3221115
3221117
3221118
3221151
3221175
3221179
3221181
3221182
3221207
3221211
3221213
3221214
3221235
3221237
3221241
3221242
3221244
3221279
3221295
3221303
3221309
3221310
3221327
3221335
3221339
3221341
3221342
3221355
3221357
3221358
3221363
3221365
3221366
3221369
3221370
3221372
3221391
3221399
3221403
3221405
3221406
3221415
3221419
3221421
3221422
3221427
3221429
3221430
3221433
3221434
3221436
3221447
3221451
3221453
3221454
3221459
3221461
3221462
3221465
3221466
3221475
3221477
3221478
3221481
3221482
3221484
3221489
3221490
3221492
3221496
3221631
3221695
3221727
3221743
3221751
3221755
3221757
3221758
3221855
3221871
3221879
3221885
3221886
3221919
3221935
3221943
3221949
3221950
3221967
3221975
3221979
3221981
3221982
3221991
3221995
3221997
3221998
3222003
3222005
3222006
3222010
3222012
3222111
3222135
3222141
3222142
3222191
3222199
3222205
3222206
3222223
3222231
3222235
3222237
3222238
3222247
3222251
3222253
3222254
3222259
3222261
3222262
3222265
3222268
3222351
3222359
3222365
3222366
3222375
3222381
3222382
3222389
3222390
3222396
3222415
3222423
3222429
3222430
3222439
3222445
3222446
3222453
3222454
3222460
3222471
3222475
3222477
3222478
3222483
3222485
3222486
3222489
3222490
3222499
3222501
3222502
3222505
3222506
3222508
3222513
3222514
3222516
3222520
3222591
3222623
3222639
3222647
3222651
3222653
3222654
3222687
3222703
3222711
3222715
3222717
3222718
3222735
3222743
3222747
3222749
3222750
3222759
3222763
3222765
3222766
3222771
3222773
3222774
3222777
3222778
3222815
3222831
3222839
3222845
3222846
3222863
3222871
3222875
3222877
3222878
3222887
3222891
3222893
3222894
3222899
3222901
3222902
3222905
3222906
3222908
3222927
3222935
3222939
3222941
3222942
3222951
3222955
3222957
3222958
3222963
3222965
3222966
3222969
3222970
3222972
3222983
3222987
3222989
3222990
3222995
3222997
3222998
3223001
3223002
3223011
3223013
3223014
3223017
3223018
3223020
3223025
3223026
3223028
3223032
3223071
3223087
3223095
3223101
3223102
3223119
3223127
3223131
3223133
3223134
3223143
3223147
3223149
3223150
3223155
3223157
3223158
3223161
3223162
3223164
3223183
3223191
3223195
3223197
3223198
3223207
3223211
3223213
3223214
3223219
3223221
3223222
3223225
3223226
3223228
3223239
3223243
3223245
3223246
3223251
3223253
3223254
3223257
3223258
3223267
3223269
3223270
3223273
3223274
3223276
3223281
3223282
3223284
3223288
3223319
3223325
3223326
3223335
3223341
3223342
3223350
3223356
3223367
3223371
3223373
3223374
3223379
3223381
3223382
3223385
3223386
3223395
3223397
3223398
3223401
3223404
3223409
3223410
3223412
3223416
3223431
3223435
3223437
3223438
3223443
3223445
3223446
3223449
3223459
3223461
3223462
3223465
3223466
3223468
3223473
3223474
3223476
3223480
3223491
3223494
3223497
3223498
3223505
3223506
3223521
3223522
3223524
3223528
3223536
3223927
3223933
3223934
3224023
3224027
3224029
3224030
3224039
3224043
3224045
3224046
3224054
3224058
3224060
3224159
3224183
3224189
3224190
3224247
3224253
3224254
3224279
3224283
3224285
3224286
3224309
3224310
3224313
3224314
3224316
3224399
3224407
3224413
3224414
3224423
3224429
3224430
3224437
3224438
3224444
3224471
3224477
3224478
3224487
3224493
3224494
3224502
3224508
3224519
3224523
3224525
3224526
3224533
3224534
3224537
3224538
3224540
3224549
3224550
3224553
3224554
3224556
3224564
3224568
3224671
3224695
3224699
3224701
3224702
3224735
3224759
3224763
3224765
3224766
3224791
3224795
3224797
3224798
3224819
3224822
3224825
3224826
3224828
3224919
3224923
3224925
3224926
3224935
3224939
3224941
3224942
3224950
3224954
3224956
3224983
3224987
3224989
3224990
3224999
3225003
3225005
3225006
3225014
3225017
3225018
3225020
3225043
3225046
3225049
3225050
3225052
3225059
3225062
3225065
3225066
3225068
3225074
3225080
3225143
3225149
3225150
3225175
3225179
3225181
3225182
3225203
3225205
3225206
3225209
3225210
3225212
3225239
3225243
3225245
3225246
3225267
3225269
3225270
3225273
3225274
3225276
3225299
3225302
3225305
3225306
3225308
3225329
3225330
3225332
3225336
3225367
3225373
3225374
3225383
3225389
3225390
3225398
3225404
3225415
3225419
3225421
3225422
3225427
3225429
3225430
3225433
3225434
3225436
3225443
3225445
3225446
3225449
3225450
3225452
3225458
3225460
3225464
3225479
3225483
3225485
3225486
3225491
3225493
3225494
3225497
3225498
3225500
3225507
3225509
3225510
3225513
3225514
3225516
3225521
3225522
3225524
3225528
3225539
3225542
3225545
3225546
3225548
3225553
3225554
3225556
3225560
3225569
3225570
3225572
3225576
3225584
3225719
3225725
3225726
3225775
3225783
3225789
3225790
3225831
3225835
3225837
3225838
3225843
3225845
3225846
3225850
3225852
3225943
3225949
3225950
3225959
3225965
3225966
3225974
3225980
3225999
3226007
3226013
3226014
3226023
3226029
3226030
3226037
3226038
3226044
3226055
3226059
3226061
3226062
3226067
3226069
3226070
3226074
3226076
3226083
3226085
3226086
3226090
3226092
3226098
3226100
3226199
3226205
3226206
3226229
3226230
3226236
3226279
3226285
3226286
3226293
3226294
3226300
3226311
3226315
3226317
3226318
3226323
3226325
3226326
3226330
3226332
3226341
3226342
3226345
3226346
3226348
3226353
3226354
3226356
3226360
3226439
3226445
3226446
3226453
3226454
3226460
3226469
3226470
3226476
3226484
3226503
3226509
3226510
3226517
3226518
3226524
3226533
3226534
3226540
3226548
3226563
3226566
3226569
3226570
3226572
3226577
3226578
3226580
3226584
3226593
3226594
3226596
3226600
3226608
3226655
3226679
3226685
3226686
3226703
3226711
3226715
3226717
3226718
3226727
3226731
3226733
3226734
3226739
3226741
3226742
3226745
3226746
3226748
3226767
3226775
3226779
3226781
3226782
3226791
3226795
3226797
3226798
3226803
3226805
3226806
3226809
3226810
3226812
3226823
3226827
3226829
3226830
3226835
3226837
3226838
3226841
3226842
3226844
3226851
3226854
3226857
3226858
3226860
3226865
3226866
3226868
3226872
3226903
3226909
3226910
3226919
3226925
3226926
3226934
3226940
3226951
3226955
3226957
3226958
3226963
3226965
3226966
3226969
3226970
3226972
3226979
3226981
3226982
3226985
3226986
3226988
3226993
3226994
3226996
3227000
3227015
3227019
3227021
3227022
3227027
3227029
3227030
3227033
3227034
3227036
3227043
3227045
3227046
3227049
3227050
3227052
3227057
3227058
3227060
3227064
3227075
3227078
3227081
3227082
3227084
3227089
3227090
3227092
3227096
3227105
3227106
3227108
3227112
3227120
3227159
3227165
3227166
3227175
3227181
3227182
3227190
3227196
3227207
3227211
3227213
3227214
3227219
3227221
3227222
3227225
3227226
3227228
3227235
3227237
3227238
3227241
3227242
3227244
3227249
3227250
3227252
3227256
3227271
3227275
3227277
3227278
3227283
3227285
3227286
3227289
3227290
3227292
3227299
3227301
3227302
3227305
3227306
3227308
3227313
3227314
3227316
3227320
3227331
3227334
3227337
3227338
3227340
3227345
3227346
3227348
3227352
3227361
3227362
3227364
3227368
3227376
3227414
3227420
3227430
3227436
3227459
3227462
3227466
3227468
3227473
3227474
3227476
3227480
3227489
3227490
3227492
3227496
3227504
3227526
3227529
3227530
3227532
3227537
3227538
3227540
3227544
3227553
3227554
3227556
3227560
3227568
3227586
3227592
3227600
3227616
3228095
3228127
3228143
3228151
3228155
3228157
3228158
3228287
3228351
3228383
3228407
3228411
3228413
3228414
3228479
3228511
3228527
3228535
3228539
3228541
3228542
3228575
3228591
3228599
3228603
3228605
3228606
3228623
3228631
3228635
3228637
3228638
3228647
3228651
3228653
3228654
3228661
3228662
3228665
3228666
3228668
3228799
3228863
3228895
3228919
3228923
3228925
3228926
3229023
3229039
3229047
3229051
3229053
3229054
3229087
3229103
3229111
3229115
3229117
3229118
3229143
3229147
3229149
3229150
3229159
3229163
3229165
3229166
3229171
3229174
3229177
3229178
3229180
3229247
3229279
3229303
3229307
3229309
3229310
3229343
3229367
3229371
3229373
3229374
3229399
3229403
3229405
3229406
3229427
3229429
3229433
3229434
3229436
3229471
3229487
3229495
3229499
3229501
3229502
3229519
3229527
3229531
3229533
3229534
3229547
3229549
3229550
3229555
3229557
3229558
3229561
3229562
3229564
3229583
3229591
3229595
3229597
3229598
3229607
3229611
3229613
3229614
3229619
3229621
3229622
3229626
3229628
3229639
3229643
3229645
3229646
3229651
3229653
3229654
3229657
3229658
3229660
3229667
3229669
3229670
3229673
3229674
3229676
3229681
3229682
3229684
3229688
3229823
3229887
3229935
3229943
3229947
3229949
3229950
3230015
3230047
3230063
3230071
3230075
3230077
3230078
3230111
3230127
3230135
3230139
3230141
3230142
3230159
3230167
3230171
3230173
3230174
3230183
3230187
3230189
3230190
3230195
3230197
3230198
3230202
3230204
3230271
3230303
3230327
3230331
3230333
3230334
3230383
3230391
3230395
3230397
3230398
3230415
3230423
3230427
3230429
3230430
3230439
3230443
3230445
3230446
3230451
3230453
3230454
3230457
3230460
3230495
3230511
3230519
3230525
3230526
3230543
3230551
3230555
3230557
3230558
3230567
3230571
3230573
3230574
3230579
3230581
3230582
3230585
3230586
3230588
3230607
3230615
3230619
3230621
3230622
3230631
3230635
3230637
3230638
3230643
3230645
3230646
3230650
3230652
3230663
3230667
3230669
3230670
3230675
3230677
3230678
3230681
3230682
3230684
3230691
3230693
3230694
3230697
3230698
3230700
3230705
3230706
3230708
3230712
3230783
3230815
3230831
3230839
3230843
3230845
3230846
3230879
3230895
3230903
3230907
3230909
3230910
3230927
3230935
3230939
3230941
3230942
3230951
3230955
3230957
3230958
3230963
3230965
3230966
3230969
3230970
3231007
3231023
3231031
3231035
3231037
3231038
3231055
3231063
3231067
3231069
3231070
3231079
3231083
3231085
3231086
3231091
3231093
3231094
3231097
3231098
3231100
3231119
3231127
3231131
3231133
3231134
3231143
3231147
3231149
3231150
3231155
3231157
3231158
3231162
3231164
3231175
3231179
3231181
3231182
3231187
3231189
3231190
3231193
3231194
3231196
3231203
3231205
3231206
3231209
3231210
3231212
3231217
3231218
3231220
3231224
3231263
3231279
3231287
3231291
3231293
3231294
3231311
3231319
3231323
3231325
3231326
3231335
3231339
3231341
3231342
3231347
3231349
3231350
3231353
3231354
3231356
3231375
3231383
3231387
3231389
3231390
3231399
3231403
3231405
3231406
3231411
3231413
3231414
3231418
3231420
3231431
3231435
3231437
3231438
3231443
3231445
3231446
3231449
3231450
3231452
3231459
3231461
3231462
3231465
3231466
3231468
3231473
3231474
3231476
3231480
3231511
3231515
3231517
3231518
3231527
3231531
3231533
3231534
3231539
3231542
3231546
3231548
3231559
3231563
3231565
3231566
3231571
3231573
3231574
3231577
3231578
3231580
3231587
3231589
3231590
3231593
3231596
3231601
3231602
3231604
3231608
3231623
3231627
3231629
3231630
3231635
3231637
3231638
3231644
3231651
3231653
3231654
3231658
3231660
3231666
3231668
3231683
3231686
3231689
3231690
3231692
3231697
3231698
3231700
3231704
3231713
3231714
3231716
3231720
3231728
3232159
3232175
3232183
3232187
3232189
3232190
3232215
3232219
3232221
3232222
3232231
3232235
3232237
3232238
3232245
3232246
3232249
3232250
3232252
3232319
3232351
3232375
3232379
3232381
3232382
3232439
3232443
3232445
3232446
3232471
3232475
3232477
3232478
3232501
3232502
3232505
3232506
3232508
3232543
3232559
3232567
3232573
3232574
3232591
3232599
3232603
3232605
3232606
3232615
3232619
3232621
3232622
3232629
3232630
3232633
3232634
3232636
3232663
3232667
3232669
3232670
3232679
3232683
3232685
3232686
3232693
3232694
3232697
3232698
3232700
3232711
3232715
3232717
3232718
3232725
3232726
3232729
3232730
3232732
3232741
3232742
3232745
3232746
3232748
3232756
3232760
3232863
3232887
3232891
3232893
3232894
3232927
3232951
3232955
3232957
3232958
3232983
3232987
3232989
3232990
3233011
3233013
3233014
3233017
3233018
3233111
3233115
3233117
3233118
3233127
3233131
3233133
3233134
3233139
3233141
3233142
3233145
3233146
3233148
3233175
3233179
3233181
3233182
3233191
3233195
3233197
3233198
3233205
3233206
3233209
3233210
3233212
3233235
3233237
3233238
3233241
3233242
3233244
3233251
3233253
3233254
3233257
3233258
3233265
3233266
3233268
3233272
3233335
3233339
3233341
3233342
3233367
3233371
3233373
3233374
3233395
3233397
3233398
3233401
3233402
3233404
3233431
3233435
3233437
3233438
3233459
3233461
3233462
3233465
3233466
3233468
3233491
3233493
3233494
3233497
3233498
3233500
3233521
3233522
3233524
3233528
3233559
3233563
3233565
3233566
3233575
3233579
3233581
3233582
3233587
3233589
3233590
3233593
3233594
3233596
3233607
3233611
3233613
3233614
3233619
3233621
3233622
3233625
3233626
3233628
3233635
3233637
3233638
3233641
3233642
3233644
3233649
3233650
3233652
3233656
3233671
3233675
3233677
3233678
3233683
3233685
3233686
3233689
3233690
3233692
3233699
3233701
3233702
3233705
3233706
3233708
3233713
3233714
3233716
3233720
3233731
3233733
3233734
3233737
3233738
3233740
3233745
3233746
3233748
3233752
3233761
3233762
3233764
3233768
3233776
3233855
3233911
3233915
3233917
3233918
3233967
3233975
3233979
3233981
3233982
3234023
3234027
3234029
3234030
3234035
3234037
3234038
3234041
3234042
3234079
3234095
3234103
3234109
3234110
3234135
3234139
3234141
3234142
3234151
3234155
3234157
3234158
3234163
3234165
3234166
3234169
3234170
3234172
3234191
3234199
3234203
3234205
3234206
3234215
3234219
3234221
3234222
3234227
3234229
3234230
3234233
3234234
3234236
3234247
3234251
3234253
3234254
3234259
3234261
3234262
3234265
3234266
3234268
3234275
3234277
3234278
3234281
3234282
3234284
3234289
3234290
3234292
3234296
3234359
3234365
3234366
3234391
3234395
3234397
3234398
3234419
3234421
3234422
3234425
3234426
3234428
3234471
3234475
3234477
3234478
3234483
3234485
3234486
3234489
3234490
3234503
3234507
3234509
3234510
3234515
3234517
3234518
3234521
3234522
3234524
3234533
3234534
3234537
3234538
3234540
3234545
3234546
3234548
3234552
3234583
3234589
3234590
3234599
3234605
3234606
3234613
3234614
3234620
3234631
3234635
3234637
3234638
3234643
3234645
3234646
3234649
3234650
3234652
3234659
3234661
3234662
3234665
3234666
3234668
3234673
3234674
3234676
3234680
3234695
3234699
3234701
3234702
3234707
3234709
3234710
3234713
3234714
3234716
3234723
3234725
3234726
3234729
3234730
3234732
3234737
3234738
3234740
3234744
3234755
3234757
3234758
3234761
3234762
3234764
3234769
3234770
3234772
3234776
3234785
3234786
3234788
3234792
3234800
3234847
3234871
3234875
3234877
3234878
3234895
3234903
3234907
3234909
3234910
3234919
3234923
3234925
3234926
3234931
3234933
3234934
3234937
3234938
3234959
3234967
3234971
3234973
3234974
3234983
3234987
3234989
3234990
3234995
3234997
3234998
3235001
3235002
3235015
3235019
3235021
3235022
3235027
3235029
3235030
3235033
3235034
3235036
3235043
3235045
3235046
3235049
3235050
3235057
3235058
3235095
3235099
3235101
3235102
3235111
3235115
3235117
3235118
3235123
3235125
3235126
3235129
3235130
3235132
3235143
3235147
3235149
3235150
3235155
3235157
3235158
3235161
3235162
3235164
3235171
3235173
3235174
3235177
3235178
3235180
3235185
3235186
3235188
3235192
3235207
3235211
3235213
3235214
3235219
3235221
3235222
3235225
3235226
3235228
3235235
3235237
3235238
3235241
3235242
3235244
3235249
3235250
3235252
3235256
3235267
3235269
3235270
3235273
3235274
3235276
3235281
3235282
3235284
3235288
3235297
3235298
3235300
3235304
3235312
3235351
3235355
3235357
3235358
3235367
3235371
3235373
3235374
3235379
3235381
3235382
3235385
3235386
3235388
3235399
3235403
3235405
3235406
3235411
3235413
3235414
3235417
3235418
3235420
3235427
3235429
3235430
3235433
3235434
3235436
3235441
3235442
3235444
3235448
3235463
3235467
3235469
3235470
3235475
3235477
3235478
3235481
3235482
3235484
3235491
3235493
3235494
3235497
3235498
3235500
3235505
3235506
3235508
3235512
3235523
3235525
3235526
3235529
3235530
3235532
3235537
3235538
3235540
3235544
3235553
3235554
3235556
3235560
3235568
3235603
3235605
3235606
3235609
3235610
3235612
3235619
3235621
3235622
3235625
3235626
3235633
3235634
3235636
3235640
3235651
3235653
3235654
3235657
3235658
3235660
3235665
3235666
3235668
3235672
3235681
3235682
3235684
3235688
3235696
3235717
3235718
3235721
3235722
3235724
3235729
3235730
3235732
3235736
3235745
3235746
3235748
3235752
3235760
3235777
3235778
3235780
3235784
3235792
3235808
3236255
3236271
3236279
3236283
3236285
3236286
3236311
3236315
3236317
3236318
3236327
3236331
3236333
3236334
3236341
3236342
3236345
3236346
3236348
3236415
3236447
3236471
3236475
3236477
3236478
3236535
3236539
3236541
3236542
3236567
3236571
3236573
3236574
3236597
3236601
3236604
3236639
3236655
3236663
3236669
3236670
3236687
3236695
3236699
3236701
3236702
3236715
3236717
3236718
3236725
3236726
3236729
3236730
3236732
3236759
3236763
3236765
3236766
3236775
3236779
3236781
3236782
3236789
3236790
3236793
3236794
3236796
3236807
3236811
3236813
3236814
3236821
3236822
3236825
3236826
3236828
3236837
3236838
3236841
3236844
3236852
3236856
3236959
3236983
3236987
3236989
3236990
3237023
3237047
3237051
3237053
3237054
3237079
3237083
3237085
3237086
3237107
3237109
3237113
3237114
3237116
3237207
3237211
3237213
3237214
3237227
3237229
3237230
3237235
3237237
3237238
3237241
3237242
3237244
3237271
3237275
3237277
3237278
3237287
3237291
3237293
3237294
3237301
3237302
3237305
3237306
3237308
3237331
3237333
3237337
3237338
3237340
3237347
3237349
3237350
3237353
3237354
3237356
3237361
3237362
3237364
3237368
3237431
3237435
3237437
3237438
3237463
3237467
3237469
3237470
3237491
3237493
3237497
3237500
3237527
3237531
3237533
3237534
3237555
3237557
3237561
3237562
3237564
3237587
3237589
3237593
3237594
3237596
3237617
3237624
3237655
3237659
3237661
3237662
3237675
3237677
3237678
3237683
3237685
3237686
3237689
3237690
3237692
3237707
3237709
3237710
3237715
3237717
3237718
3237721
3237722
3237724
3237737
3237740
3237745
3237746
3237748
3237752
3237767
3237771
3237773
3237774
3237779
3237781
3237782
3237785
3237788
3237795
3237797
3237798
3237801
3237802
3237804
3237809
3237810
3237812
3237816
3237827
3237829
3237830
3237833
3237834
3237836
3237841
3237842
3237844
3237848
3237857
3237858
3237860
3237864
3237872
3237951
3238007
3238011
3238013
3238014
3238063
3238071
3238075
3238077
3238078
3238119
3238123
3238125
3238126
3238131
3238133
3238134
3238137
3238140
3238175
3238191
3238199
3238206
3238231
3238235
3238237
3238238
3238247
3238251
3238253
3238254
3238259
3238261
3238262
3238265
3238266
3238268
3238287
3238295
3238299
3238301
3238302
3238311
3238315
3238317
3238318
3238323
3238325
3238326
3238329
3238330
3238332
3238343
3238347
3238349
3238350
3238355
3238357
3238358
3238361
3238364
3238371
3238373
3238374
3238377
3238378
3238380
3238385
3238386
3238388
3238392
3238455
3238461
3238462
3238487
3238491
3238493
3238494
3238515
3238517
3238521
3238524
3238567
3238571
3238573
3238574
3238579
3238581
3238582
3238585
3238588
3238599
3238603
3238605
3238606
3238611
3238613
3238614
3238617
3238620
3238629
3238630
3238633
3238636
3238641
3238644
3238679
3238685
3238686
3238695
3238701
3238702
3238709
3238710
3238716
3238727
3238731
3238733
3238734
3238739
3238741
3238742
3238745
3238746
3238748
3238755
3238757
3238758
3238761
3238764
3238770
3238772
3238776
3238791
3238795
3238797
3238798
3238803
3238805
3238806
3238809
3238812
3238819
3238821
3238822
3238825
3238826
3238828
3238833
3238834
3238836
3238840
3238851
3238853
3238854
3238857
3238858
3238860
3238865
3238866
3238868
3238872
3238881
3238882
3238884
3238888
3238896
3238943
3238967
3238971
3238973
3238974
3238991
3238999
3239003
3239005
3239006
3239015
3239019
3239021
3239022
3239027
3239029
3239030
3239033
3239034
3239036
3239055
3239063
3239067
3239069
3239070
3239079
3239083
3239085
3239086
3239091
3239093
3239094
3239097
3239100
3239111
3239115
3239117
3239118
3239123
3239125
3239126
3239129
3239130
3239132
3239139
3239141
3239142
3239145
3239146
3239148
3239153
3239154
3239156
3239160
3239191
3239195
3239197
3239198
3239207
3239211
3239213
3239214
3239219
3239221
3239222
3239225
3239226
3239228
3239239
3239243
3239245
3239246
3239251
3239253
3239254
3239257
3239258
3239260
3239267
3239269
3239270
3239273
3239276
3239281
3239282
3239284
3239288
3239303
3239307
3239309
3239310
3239315
3239317
3239318
3239321
3239324
3239331
3239333
3239334
3239337
3239338
3239340
3239345
3239346
3239348
3239352
3239363
3239365
3239366
3239369
3239370
3239372
3239377
3239378
3239380
3239384
3239393
3239394
3239396
3239400
3239408
3239447
3239451
3239453
3239454
3239463
3239467
3239469
3239470
3239475
3239477
3239478
3239481
3239482
3239484
3239495
3239499
3239501
3239502
3239507
3239509
3239510
3239513
3239514
3239516
3239523
3239525
3239526
3239529
3239532
3239537
3239538
3239540
3239544
3239559
3239563
3239565
3239566
3239571
3239573
3239574
3239577
3239580
3239587
3239589
3239590
3239593
3239594
3239596
3239601
3239602
3239604
3239608
3239619
3239621
3239622
3239625
3239626
3239628
3239633
3239634
3239636
3239640
3239649
3239650
3239652
3239656
3239664
3239699
3239701
3239705
3239708
3239715
3239717
3239718
3239721
3239724
3239729
3239730
3239732
3239736
3239747
3239749
3239750
3239753
3239756
3239761
3239762
3239764
3239768
3239777
3239778
3239780
3239792
3239813
3239814
3239817
3239820
3239825
3239828
3239841
3239842
3239844
3239848
3239856
3239873
3239874
3239876
3239880
3239888
3239904
3240343
3240347
3240349
3240350
3240359
3240363
3240365
3240366
3240373
3240374
3240377
3240378
3240380
3240405
3240406
3240409
3240410
3240412
3240421
3240422
3240425
3240426
3240428
3240436
3240440
3240503
3240509
3240510
3240535
3240539
3240541
3240542
3240565
3240566
3240569
3240570
3240572
3240629
3240630
3240633
3240634
3240636
3240661
3240662
3240665
3240666
3240668
3240692
3240696
3240727
3240733
3240734
3240743
3240749
3240750
3240757
3240758
3240764
3240775
3240779
3240781
3240782
3240789
3240790
3240793
3240794
3240796
3240805
3240806
3240809
3240810
3240812
3240820
3240824
3240853
3240854
3240857
3240858
3240860
3240869
3240870
3240873
3240874
3240876
3240884
3240888
3240901
3240902
3240905
3240906
3240908
3240916
3240920
3240932
3240936
3241047
3241051
3241053
3241054
3241075
3241077
3241078
3241081
3241082
3241084
3241111
3241115
3241117
3241118
3241141
3241142
3241145
3241146
3241148
3241171
3241173
3241174
3241177
3241178
3241180
3241201
3241202
3241204
3241208
3241299
3241301
3241302
3241305
3241306
3241308
3241315
3241317
3241318
3241321
3241322
3241324
3241329
3241330
3241332
3241336
3241365
3241366
3241369
3241370
3241372
3241381
3241382
3241385
3241386
3241388
3241396
3241400
3241425
3241426
3241428
3241432
3241441
3241442
3241444
3241448
3241456
3241523
3241525
3241526
3241529
3241530
3241532
3241555
3241557
3241558
3241561
3241562
3241564
3241585
3241586
3241588
3241592
3241621
3241622
3241625
3241626
3241628
3241649
3241650
3241652
3241656
3241681
3241682
3241684
3241688
3241712
3241747
3241749
3241750
3241753
3241754
3241756
3241763
3241765
3241766
3241769
3241770
3241772
3241777
3241778
3241780
3241784
3241795
3241797
3241798
3241801
3241802
3241804
3241809
3241810
3241812
3241816
3241825
3241826
3241828
3241832
3241840
3241861
3241862
3241865
3241866
3241868
3241873
3241874
3241876
3241880
3241889
3241890
3241892
3241896
3241904
3241921
3241922
3241924
3241928
3241936
3241952
3242046
3242101
3242102
3242105
3242106
3242108
3242151
3242155
3242157
3242158
3242163
3242165
3242166
3242169
3242170
3242172
3242213
3242214
3242217
3242218
3242220
3242225
3242226
3242228
3242232
3242270
3242286
3242325
3242326
3242329
3242330
3242332
3242341
3242342
3242345
3242346
3242348
3242356
3242360
3242375
3242379
3242381
3242382
3242387
3242389
3242390
3242393
3242394
3242396
3242403
3242405
3242406
3242409
3242410
3242412
3242417
3242418
3242420
3242424
3242437
3242438
3242441
3242442
3242444
3242449
3242450
3242452
3242456
3242465
3242466
3242468
3242472
3242480
3242549
3242550
3242556
3242579
3242581
3242582
3242585
3242586
3242588
3242610
3242612
3242616
3242661
3242662
3242665
3242666
3242668
3242673
3242674
3242676
3242680
3242693
3242694
3242697
3242698
3242700
3242705
3242706
3242708
3242712
3242724
3242728
3242736
3242773
3242774
3242780
3242789
3242790
3242796
3242804
3242821
3242822
3242825
3242826
3242828
3242834
3242836
3242840
3242852
3242856
3242885
3242886
3242889
3242890
3242892
3242897
3242898
3242900
3242904
3242913
3242914
3242916
3242920
3242928
3242945
3242946
3242948
3242952
3242960
3242976
3243031
3243035
3243037
3243038
3243059
3243061
3243062
3243065
3243066
3243068
3243079
3243083
3243085
3243086
3243091
3243093
3243094
3243097
3243098
3243100
3243107
3243109
3243110
3243113
3243114
3243116
3243121
3243122
3243124
3243128
3243143
3243147
3243149
3243150
3243155
3243157
3243158
3243161
3243162
3243164
3243173
3243174
3243177
3243178
3243180
3243185
3243186
3243188
3243192
3243203
3243205
3243206
3243209
3243210
3243212
3243217
3243218
3243220
3243224
3243233
3243234
3243236
3243240
3243248
3243283
3243285
3243286
3243289
3243290
3243292
3243299
3243301
3243302
3243305
3243306
3243308
3243313
3243314
3243316
3243320
3243331
3243333
3243334
3243337
3243338
3243340
3243345
3243346
3243348
3243352
3243361
3243362
3243364
3243368
3243376
3243397
3243398
3243401
3243402
3243404
3243409
3243410
3243412
3243416
3243425
3243426
3243428
3243432
3243440
3243457
3243458
3243460
3243464
3243472
3243488
3243539
3243541
3243542
3243545
3243546
3243548
3243555
3243557
3243558
3243561
3243562
3243564
3243569
3243570
3243572
3243576
3243587
3243589
3243590
3243593
3243594
3243596
3243601
3243602
3243604
3243608
3243617
3243618
3243620
3243624
3243632
3243653
3243654
3243657
3243658
3243660
3243665
3243666
3243668
3243672
3243681
3243682
3243684
3243688
3243696
3243713
3243714
3243716
3243720
3243728
3243744
3243793
3243794
3243796
3243800
3243809
3243810
3243812
3243816
3243824
3243841
3243842
3243844
3243848
3243856
3243872
3243908
3243912
3243920
3243936
3243968
3248543
3248559
3248567
3248571
3248573
3248574
3248599
3248603
3248605
3248606
3248615
3248619
3248621
3248622
3248630
3248634
3248636
3248703
3248735
3248759
3248763
3248765
3248766
3248823
3248827
3248829
3248830
3248855
3248859
3248861
3248862
3248885
3248889
3248892
3248927
3248943
3248951
3248957
3248958
3248975
3248983
3248987
3248989
3248990
3248999
3249003
3249005
3249006
3249013
3249014
3249017
3249018
3249020
3249047
3249051
3249053
3249054
3249063
3249067
3249069
3249070
3249078
3249081
3249082
3249084
3249095
3249099
3249101
3249102
3249109
3249110
3249113
3249114
3249116
3249125
3249129
3249132
3249140
3249144
3249247
3249271
3249275
3249277
3249278
3249311
3249335
3249339
3249341
3249342
3249367
3249371
3249373
3249374
3249395
3249401
3249402
3249495
3249499
3249501
3249502
3249511
3249515
3249517
3249518
3249526
3249530
3249532
3249559
3249563
3249566
3249575
3249579
3249581
3249582
3249590
3249593
3249594
3249596
3249619
3249625
3249626
3249628
3249635
3249641
3249642
3249650
3249656
3249719
3249723
3249725
3249726
3249751
3249755
3249757
3249758
3249781
3249785
3249788
3249815
3249819
3249821
3249822
3249843
3249845
3249849
3249850
3249852
3249875
3249881
3249882
3249884
3249905
3249912
3249943
3249947
3249949
3249950
3249959
3249963
3249965
3249966
3249974
3249977
3249978
3249980
3249991
3249995
3249997
3249998
3250005
3250006
3250009
3250010
3250012
3250021
3250025
3250028
3250036
3250040
3250055
3250059
3250061
3250062
3250067
3250069
3250070
3250073
3250076
3250083
3250085
3250089
3250090
3250092
3250097
3250098
3250100
3250104
3250115
3250121
3250122
3250124
3250129
3250130
3250132
3250136
3250145
3250152
3250160
3250239
3250295
3250299
3250301
3250302
3250351
3250359
3250363
3250365
3250366
3250407
3250411
3250413
3250414
3250419
3250421
3250422
3250463
3250479
3250487
3250493
3250494
3250519
3250523
3250525
3250526
3250535
3250539
3250541
3250542
3250550
3250554
3250556
3250575
3250583
3250587
3250590
3250599
3250603
3250605
3250606
3250611
3250613
3250614
3250618
3250620
3250631
3250635
3250637
3250638
3250643
3250645
3250646
3250652
3250659
3250661
3250666
3250668
3250674
3250676
3250743
3250749
3250750
3250775
3250779
3250781
3250782
3250805
3250809
3250812
3250855
3250859
3250861
3250862
3250867
3250869
3250870
3250873
3250887
3250891
3250893
3250894
3250899
3250901
3250902
3250908
3250917
3250921
3250924
3250929
3250932
3250967
3250973
3250974
3250983
3250989
3250990
3250998
3251004
3251015
3251019
3251021
3251022
3251029
3251030
3251033
3251034
3251036
3251045
3251049
3251052
3251060
3251064
3251079
3251083
3251085
3251086
3251091
3251093
3251094
3251097
3251100
3251107
3251109
3251113
3251114
3251116
3251121
3251122
3251124
3251128
3251139
3251145
3251146
3251148
3251153
3251154
3251156
3251160
3251169
3251176
3251184
3251231
3251255
3251259
3251261
3251262
3251279
3251287
3251291
3251293
3251294
3251303
3251307
3251309
3251310
3251317
3251318
3251321
3251322
3251343
3251351
3251355
3251358
3251367
3251371
3251373
3251374
3251379
3251381
3251382
3251385
3251399
3251403
3251405
3251406
3251411
3251413
3251414
3251417
3251418
3251420
3251427
3251433
3251434
3251441
3251442
3251479
3251483
3251486
3251495
3251499
3251501
3251502
3251510
3251513
3251514
3251516
3251527
3251531
3251533
3251534
3251541
3251542
3251545
3251546
3251548
3251557
3251561
3251564
3251572
3251576
3251591
3251595
3251598
3251603
3251606
3251619
3251621
3251625
3251626
3251628
3251633
3251634
3251636
3251640
3251651
3251657
3251658
3251660
3251665
3251666
3251668
3251672
3251681
3251688
3251696
3251735
3251739
3251741
3251742
3251751
3251755
3251757
3251758
3251766
3251769
3251770
3251772
3251783
3251787
3251789
3251790
3251797
3251798
3251801
3251802
3251804
3251813
3251817
3251820
3251828
3251832
3251847
3251851
3251853
3251854
3251859
3251861
3251862
3251865
3251868
3251875
3251877
3251881
3251882
3251884
3251889
3251890
3251892
3251896
3251907
3251913
3251914
3251916
3251921
3251922
3251924
3251928
3251937
3251944
3251952
3251993
3251996
3252009
3252024
3252044
3252052
3252056
3252105
3252108
3252113
3252116
3252120
3252129
3252136
3252144
3252168
3252176
3252639
3252655
3252663
3252667
3252669
3252670
3252695
3252699
3252701
3252702
3252711
3252715
3252717
3252718
3252726
3252730
3252732
3252799
3252831
3252855
3252859
3252861
3252862
3252919
3252923
3252925
3252926
3252951
3252955
3252957
3252958
3252981
3252985
3252988
3253023
3253039
3253053
3253054
3253071
3253079
3253083
3253085
3253086
3253095
3253099
3253101
3253102
3253109
3253110
3253113
3253114
3253116
3253143
3253147
3253149
3253150
3253159
3253163
3253165
3253166
3253174
3253177
3253178
3253180
3253191
3253195
3253197
3253198
3253205
3253206
3253209
3253210
3253221
3253222
3253225
3253228
3253236
3253240
3253343
3253367
3253371
3253373
3253374
3253407
3253431
3253435
3253437
3253438
3253463
3253467
3253469
3253470
3253491
3253497
3253498
3253591
3253595
3253597
3253598
3253607
3253611
3253613
3253614
3253622
3253626
3253628
3253655
3253659
3253661
3253662
3253671
3253675
3253677
3253678
3253686
3253689
3253690
3253692
3253715
3253721
3253722
3253731
3253734
3253737
3253738
3253746
3253752
3253815
3253819
3253821
3253822
3253847
3253851
3253853
3253854
3253877
3253881
3253884
3253911
3253915
3253917
3253918
3253939
3253941
3253945
3253946
3253948
3253971
3253977
3253978
3254001
3254008
3254039
3254043
3254045
3254046
3254055
3254059
3254061
3254062
3254070
3254073
3254074
3254076
3254087
3254091
3254093
3254094
3254101
3254102
3254105
3254106
3254117
3254118
3254121
3254124
3254132
3254136
3254151
3254155
3254157
3254158
3254163
3254165
3254166
3254169
3254179
3254181
3254182
3254185
3254186
3254188
3254193
3254194
3254196
3254200
3254211
3254214
3254217
3254218
3254225
3254226
3254241
3254242
3254244
3254248
3254256
3254335
3254391
3254395
3254397
3254398
3254447
3254455
3254459
3254461
3254462
3254503
3254507
3254509
3254510
3254515
3254517
3254518
3254559
3254575
3254583
3254589
3254590
3254615
3254619
3254621
3254622
3254631
3254635
3254637
3254638
3254646
3254650
3254652
3254671
3254679
3254683
3254685
3254686
3254695
3254699
3254701
3254702
3254707
3254709
3254710
3254714
3254716
3254727
3254731
3254733
3254734
3254739
3254741
3254742
3254755
3254757
3254758
3254762
3254764
3254770
3254772
3254839
3254845
3254846
3254871
3254875
3254877
3254878
3254901
3254905
3254908
3254951
3254955
3254957
3254958
3254963
3254965
3254966
3254969
3254983
3254987
3254989
3254990
3254995
3254997
3254998
3255013
3255014
3255017
3255020
3255025
3255028
3255063
3255069
3255070
3255079
3255085
3255086
3255094
3255100
3255111
3255115
3255117
3255118
3255125
3255126
3255129
3255130
3255141
3255142
3255145
3255148
3255156
3255160
3255175
3255179
3255181
3255182
3255187
3255189
3255190
3255193
3255203
3255205
3255206
3255209
3255210
3255212
3255217
3255218
3255220
3255224
3255235
3255238
3255241
3255242
3255249
3255250
3255265
3255266
3255268
3255272
3255280
3255327
3255351
3255355
3255357
3255358
3255375
3255383
3255387
3255389
3255390
3255399
3255403
3255405
3255406
3255413
3255414
3255417
3255418
3255439
3255447
3255451
3255453
3255454
3255463
3255467
3255469
3255470
3255475
3255477
3255478
3255481
3255495
3255499
3255501
3255502
3255507
3255509
3255510
3255513
3255514
3255523
3255526
3255529
3255530
3255537
3255538
3255575
3255579
3255581
3255582
3255591
3255595
3255597
3255598
3255606
3255609
3255610
3255612
3255623
3255627
3255629
3255630
3255637
3255638
3255641
3255642
3255653
3255654
3255657
3255660
3255668
3255672
3255687
3255691
3255693
3255694
3255699
3255701
3255702
3255705
3255715
3255717
3255718
3255721
3255722
3255724
3255729
3255730
3255732
3255736
3255747
3255750
3255753
3255754
3255761
3255762
3255777
3255778
3255780
3255784
3255792
3255831
3255835
3255837
3255838
3255847
3255851
3255853
3255854
3255862
3255865
3255866
3255868
3255879
3255883
3255885
3255886
3255893
3255894
3255897
3255898
3255909
3255910
3255913
3255916
3255924
3255928
3255943
3255947
3255949
3255950
3255955
3255957
3255958
3255961
3255971
3255973
3255974
3255977
3255978
3255980
3255985
3255986
3255988
3255992
3256003
3256006
3256009
3256010
3256017
3256018
3256033
3256034
3256036
3256040
3256048
3256089
3256102
3256105
3256120
3256134
3256164
3256198
3256201
3256209
3256225
3256226
3256228
3256232
3256240
3256258
3256288
3256727
3256731
3256733
3256734
3256743
3256747
3256749
3256750
3256758
3256762
3256764
3256790
3256794
3256796
3256806
3256810
3256812
3256894
3256919
3256923
3256925
3256926
3256949
3256950
3256953
3256954
3256956
3257014
3257017
3257018
3257020
3257046
3257050
3257052
3257076
3257080
3257118
3257159
3257163
3257165
3257166
3257173
3257174
3257177
3257178
3257180
3257189
3257190
3257193
3257194
3257196
3257204
3257208
3257238
3257241
3257242
3257244
3257254
3257257
3257258
3257260
3257272
3257286
3257290
3257292
3257300
3257304
3257316
3257320
3257431
3257435
3257437
3257438
3257462
3257466
3257468
3257495
3257499
3257501
3257502
3257526
3257529
3257530
3257532
3257555
3257558
3257561
3257562
3257564
3257586
3257592
3257686
3257690
3257692
3257702
3257706
3257708
3257750
3257753
3257754
3257756
3257766
3257769
3257770
3257772
3257784
3257810
3257816
3257826
3257832
3257910
3257913
3257914
3257916
3257942
3257946
3257948
3257972
3257976
3258006
3258009
3258010
3258012
3258033
3258034
3258036
3258040
3258066
3258072
3258096
3258134
3258137
3258138
3258140
3258150
3258153
3258154
3258156
3258168
3258182
3258186
3258188
3258196
3258200
3258212
3258216
3258246
3258249
3258250
3258252
3258257
3258258
3258260
3258264
3258273
3258274
3258276
3258280
3258288
3258306
3258312
3258320
3258336
3258423
3258429
3258430
3258486
3258490
3258492
3258535
3258539
3258541
3258542
3258547
3258549
3258550
3258554
3258556
3258598
3258602
3258604
3258610
3258612
3258647
3258653
3258654
3258663
3258669
3258670
3258678
3258684
3258710
3258714
3258716
3258726
3258730
3258732
3258759
3258763
3258765
3258766
3258771
3258773
3258774
3258778
3258787
3258789
3258790
3258794
3258796
3258802
3258804
3258822
3258826
3258828
3258834
3258836
3258850
3258852
3258934
3258940
3258966
3258970
3258972
3258996
3259000
3259046
3259049
3259050
3259052
3259057
3259058
3259060
3259064
3259078
3259082
3259084
3259090
3259092
3259108
3259112
3259120
3259158
3259164
3259174
3259180
3259206
3259210
3259212
3259220
3259224
3259236
3259240
3259270
3259273
3259274
3259276
3259281
3259282
3259284
3259288
3259297
3259298
3259300
3259304
3259312
3259330
3259336
3259344
3259360
3259415
3259419
3259421
3259422
3259446
3259449
3259450
3259452
3259463
3259467
3259469
3259470
3259477
3259478
3259481
3259482
3259484
3259494
3259498
3259500
3259508
3259512
3259527
3259531
3259533
3259534
3259539
3259541
3259542
3259545
3259546
3259548
3259558
3259561
3259562
3259564
3259569
3259570
3259572
3259576
3259587
3259590
3259593
3259594
3259596
3259601
3259602
3259604
3259608
3259618
3259624
3259632
3259670
3259673
3259674
3259676
3259686
3259689
3259690
3259692
3259704
3259718
3259722
3259724
3259732
3259736
3259748
3259752
3259782
3259785
3259786
3259788
3259793
3259794
3259796
3259800
3259809
3259810
3259812
3259816
3259824
3259842
3259848
3259856
3259872
3259926
3259929
3259930
3259932
3259942
3259945
3259946
3259948
3259960
3259974
3259978
3259980
3259988
3259992
3260004
3260008
3260038
3260041
3260042
3260044
3260049
3260050
3260052
3260056
3260065
3260066
3260068
3260072
3260080
3260098
3260104
3260112
3260128
3260184
3260200
3260296
3260304
3260320
3260831
3260847
3260855
3260859
3260861
3260862
3260887
3260891
3260893
3260894
3260903
3260907
3260909
3260910
3260918
3260922
3260924
3260991
3261023
3261047
3261051
3261053
3261054
3261111
3261115
3261117
3261118
3261143
3261147
3261149
3261150
3261173
3261177
3261180
3261215
3261231
3261239
3261243
3261245
3261246
3261263
3261271
3261275
3261277
3261278
3261287
3261291
3261293
3261294
3261301
3261302
3261305
3261306
3261308
3261335
3261339
3261341
3261342
3261351
3261355
3261357
3261358
3261366
3261370
3261372
3261383
3261387
3261389
3261390
3261397
3261398
3261401
3261402
3261404
3261413
3261414
3261417
3261420
3261428
3261432
3261535
3261559
3261563
3261565
3261566
3261599
3261623
3261627
3261629
3261630
3261655
3261659
3261661
3261662
3261683
3261689
3261690
3261783
3261787
3261789
3261790
3261799
3261803
3261805
3261806
3261814
3261818
3261820
3261847
3261851
3261853
3261854
3261863
3261867
3261869
3261870
3261878
3261882
3261884
3261907
3261913
3261914
3261916
3261923
3261926
3261929
3261930
3261938
3261944
3262007
3262011
3262013
3262014
3262039
3262043
3262045
3262046
3262069
3262073
3262076
3262103
3262107
3262109
3262110
3262131
3262133
3262138
3262140
3262163
3262169
3262170
3262172
3262193
3262200
3262231
3262235
3262237
3262238
3262247
3262251
3262253
3262254
3262262
3262266
3262268
3262279
3262283
3262285
3262286
3262293
3262294
3262297
3262298
3262300
3262309
3262310
3262313
3262316
3262324
3262328
3262343
3262347
3262349
3262350
3262355
3262357
3262358
3262364
3262371
3262373
3262374
3262378
3262380
3262386
3262388
3262403
3262406
3262409
3262410
3262412
3262417
3262418
3262420
3262424
3262433
3262434
3262436
3262440
3262448
3262527
3262583
3262587
3262589
3262590
3262639
3262647
3262651
3262653
3262654
3262695
3262699
3262701
3262702
3262707
3262709
3262710
3262751
3262767
3262775
3262779
3262781
3262782
3262807
3262811
3262813
3262814
3262823
3262827
3262829
3262830
3262838
3262842
3262844
3262863
3262871
3262875
3262877
3262878
3262887
3262891
3262893
3262894
3262899
3262901
3262902
3262906
3262908
3262919
3262923
3262925
3262926
3262931
3262933
3262934
3262940
3262947
3262949
3262950
3262954
3262956
3262962
3262964
3263031
3263035
3263037
3263038
3263063
3263067
3263069
3263070
3263093
3263097
3263100
3263143
3263147
3263149
3263150
3263155
3263157
3263158
3263175
3263179
3263181
3263182
3263187
3263189
3263190
3263196
3263205
3263206
3263209
3263212
3263217
3263220
3263255
3263259
3263261
3263262
3263271
3263275
3263277
3263278
3263286
3263290
3263292
3263303
3263307
3263309
3263310
3263317
3263318
3263321
3263322
3263324
3263333
3263334
3263337
3263340
3263348
3263352
3263367
3263371
3263373
3263374
3263379
3263381
3263382
3263388
3263395
3263397
3263398
3263402
3263404
3263410
3263412
3263427
3263430
3263433
3263434
3263436
3263441
3263442
3263444
3263448
3263457
3263458
3263460
3263464
3263472
3263519
3263543
3263547
3263549
3263550
3263567
3263575
3263579
3263581
3263582
3263591
3263595
3263597
3263598
3263605
3263606
3263609
3263610
3263631
3263639
3263643
3263645
3263646
3263655
3263659
3263661
3263662
3263667
3263669
3263670
3263687
3263691
3263693
3263694
3263699
3263701
3263702
3263705
3263706
3263708
3263715
3263718
3263721
3263722
3263729
3263730
3263767
3263771
3263773
3263774
3263783
3263787
3263789
3263790
3263798
3263802
3263804
3263815
3263819
3263821
3263822
3263829
3263830
3263833
3263834
3263836
3263845
3263846
3263849
3263852
3263860
3263864
3263879
3263883
3263885
3263886
3263891
3263893
3263894
3263900
3263907
3263909
3263910
3263914
3263916
3263922
3263924
3263939
3263942
3263945
3263946
3263948
3263953
3263954
3263956
3263960
3263969
3263970
3263972
3263976
3263984
3264023
3264027
3264029
3264030
3264039
3264043
3264045
3264046
3264054
3264058
3264060
3264071
3264075
3264077
3264078
3264085
3264086
3264089
3264090
3264092
3264101
3264102
3264105
3264108
3264116
3264120
3264135
3264139
3264141
3264142
3264147
3264149
3264150
3264156
3264163
3264165
3264166
3264170
3264172
3264178
3264180
3264195
3264198
3264201
3264202
3264204
3264209
3264210
3264212
3264216
3264225
3264226
3264228
3264232
3264240
3264284
3264294
3264326
3264332
3264340
3264344
3264356
3264390
3264396
3264404
3264418
3264420
3264450
3264452
3264456
3264464
3264480
3264919
3264923
3264925
3264926
3264935
3264939
3264941
3264942
3264949
3264950
3264953
3264954
3264956
3264981
3264982
3264985
3264986
3264988
3264997
3264998
3265001
3265002
3265012
3265016
3265079
3265083
3265085
3265086
3265111
3265115
3265117
3265118
3265141
3265142
3265145
3265146
3265148
3265205
3265206
3265209
3265210
3265237
3265238
3265241
3265242
3265244
3265268
3265272
3265303
3265307
3265309
3265310
3265319
3265323
3265325
3265326
3265333
3265334
3265337
3265338
3265340
3265351
3265355
3265357
3265358
3265365
3265366
3265369
3265370
3265372
3265381
3265382
3265385
3265386
3265388
3265396
3265400
3265429
3265430
3265433
3265434
3265436
3265445
3265446
3265449
3265450
3265460
3265464
3265477
3265478
3265481
3265482
3265484
3265492
3265496
3265508
3265512
3265623
3265627
3265629
3265630
3265653
3265654
3265657
3265658
3265687
3265691
3265693
3265694
3265717
3265718
3265721
3265722
3265747
3265749
3265750
3265753
3265754
3265756
3265777
3265778
3265877
3265878
3265881
3265882
3265884
3265893
3265894
3265897
3265898
3265908
3265912
3265941
3265942
3265945
3265946
3265948
3265957
3265958
3265961
3265962
3265972
3265976
3266001
3266002
3266004
3266008
3266017
3266018
3266032
3266101
3266102
3266105
3266106
3266133
3266134
3266137
3266138
3266140
3266164
3266168
3266197
3266198
3266201
3266202
3266204
3266225
3266226
3266228
3266232
3266257
3266258
3266260
3266264
3266288
3266325
3266326
3266329
3266330
3266332
3266341
3266342
3266345
3266346
3266356
3266360
3266373
3266374
3266377
3266378
3266380
3266388
3266392
3266404
3266408
3266437
3266438
3266441
3266442
3266444
3266449
3266450
3266452
3266456
3266465
3266466
3266468
3266472
3266480
3266497
3266498
3266500
3266504
3266512
3266528
3266615
3266619
3266621
3266622
3266677
3266678
3266681
3266682
3266727
3266731
3266733
3266734
3266739
3266741
3266742
3266745
3266746
3266789
3266790
3266793
3266794
3266801
3266802
3266839
3266843
3266845
3266846
3266855
3266859
3266861
3266862
3266869
3266870
3266873
3266874
3266876
3266901
3266902
3266905
3266906
3266908
3266917
3266918
3266921
3266922
3266932
3266936
3266951
3266955
3266957
3266958
3266963
3266965
3266966
3266969
3266970
3266972
3266979
3266981
3266982
3266985
3266986
3266988
3266993
3266994
3266996
3267000
3267013
3267014
3267017
3267018
3267020
3267025
3267026
3267028
3267032
3267041
3267042
3267044
3267048
3267056
3267125
3267126
3267129
3267130
3267157
3267158
3267161
3267162
3267164
3267188
3267192
3267237
3267238
3267241
3267242
3267249
3267250
3267269
3267270
3267273
3267274
3267276
3267281
3267282
3267284
3267288
3267300
3267304
3267312
3267349
3267350
3267353
3267354
3267356
3267365
3267366
3267369
3267370
3267380
3267384
3267397
3267398
3267401
3267402
3267404
3267412
3267416
3267428
3267432
3267461
3267462
3267465
3267466
3267468
3267473
3267474
3267476
3267480
3267489
3267490
3267492
3267496
3267504
3267521
3267522
3267524
3267528
3267536
3267552
3267607
3267611
3267613
3267614
3267637
3267638
3267641
3267642
3267655
3267659
3267661
3267662
3267669
3267670
3267673
3267674
3267676
3267685
3267686
3267689
3267690
3267719
3267723
3267726
3267731
3267733
3267734
3267738
3267749
3267750
3267753
3267754
3267761
3267762
3267779
3267781
3267782
3267785
3267786
3267788
3267793
3267794
3267796
3267800
3267809
3267810
3267861
3267862
3267865
3267866
3267868
3267877
3267878
3267881
3267882
3267892
3267896
3267909
3267910
3267913
3267914
3267916
3267924
3267928
3267940
3267944
3267973
3267974
3267977
3267978
3267980
3267985
3267986
3267988
3267992
3268001
3268002
3268004
3268008
3268016
3268033
3268034
3268036
3268040
3268048
3268064
3268117
3268118
3268121
3268122
3268124
3268133
3268134
3268137
3268138
3268148
3268152
3268165
3268166
3268169
3268170
3268172
3268180
3268184
3268196
3268200
3268229
3268230
3268233
3268234
3268236
3268241
3268242
3268244
3268248
3268257
3268258
3268260
3268264
3268272
3268289
3268290
3268292
3268296
3268304
3268320
3268372
3268376
3268420
3268424
3268484
3268488
3268496
3268544
3269015
3269019
3269021
3269022
3269031
3269035
3269037
3269038
3269045
3269046
3269049
3269050
3269052
3269077
3269081
3269084
3269093
3269094
3269097
3269100
3269108
3269112
3269175
3269179
3269181
3269182
3269207
3269211
3269213
3269214
3269237
3269241
3269244
3269301
3269305
3269308
3269333
3269337
3269340
3269399
3269403
3269405
3269406
3269415
3269419
3269421
3269422
3269429
3269430
3269433
3269434
3269436
3269447
3269451
3269453
3269454
3269461
3269462
3269465
3269466
3269468
3269477
3269478
3269481
3269484
3269492
3269496
3269525
3269529
3269532
3269541
3269542
3269545
3269548
3269556
3269560
3269573
3269574
3269577
3269580
3269588
3269592
3269604
3269719
3269723
3269725
3269726
3269749
3269753
3269756
3269783
3269787
3269789
3269790
3269813
3269817
3269820
3269843
3269845
3269849
3269850
3269852
3269873
3269880
3269973
3269977
3269980
3269989
3269990
3269993
3269996
3270004
3270008
3270037
3270041
3270044
3270053
3270054
3270057
3270060
3270068
3270072
3270097
3270104
3270113
3270114
3270116
3270120
3270128
3270197
3270201
3270204
3270229
3270233
3270236
3270293
3270297
3270300
3270321
3270328
3270353
3270360
3270421
3270425
3270428
3270437
3270438
3270441
3270444
3270452
3270456
3270469
3270470
3270473
3270476
3270484
3270488
3270500
3270533
3270534
3270537
3270540
3270545
3270548
3270561
3270562
3270564
3270568
3270576
3270593
3270594
3270596
3270600
3270608
3270624
3270711
3270715
3270717
3270718
3270773
3270777
3270780
3270823
3270827
3270829
3270830
3270835
3270837
3270838
3270841
3270844
3270885
3270886
3270889
3270892
3270897
3270900
3270935
3270939
3270941
3270942
3270951
3270955
3270957
3270958
3270965
3270966
3270969
3270970
3270972
3270997
3271001
3271004
3271013
3271014
3271017
3271020
3271028
3271032
3271047
3271051
3271053
3271054
3271059
3271061
3271062
3271065
3271068
3271075
3271077
3271078
3271081
3271082
3271084
3271089
3271090
3271092
3271096
3271109
3271110
3271113
3271116
3271121
3271124
3271137
3271138
3271140
3271144
3271152
3271221
3271225
3271228
3271253
3271257
3271260
3271333
3271334
3271337
3271340
3271345
3271348
3271365
3271366
3271369
3271372
3271377
3271380
3271396
3271445
3271449
3271452
3271461
3271462
3271465
3271468
3271476
3271480
3271493
3271494
3271497
3271500
3271508
3271512
3271524
3271557
3271558
3271561
3271564
3271569
3271572
3271585
3271586
3271588
3271592
3271600
3271617
3271618
3271620
3271624
3271632
3271648
3271703
3271707
3271709
3271710
3271733
3271737
3271740
3271751
3271755
3271757
3271758
3271765
3271766
3271769
3271770
3271772
3271781
3271782
3271785
3271788
3271796
3271800
3271815
3271819
3271821
3271822
3271827
3271829
3271830
3271833
3271836
3271845
3271846
3271849
3271852
3271857
3271860
3271875
3271877
3271878
3271881
3271882
3271884
3271889
3271890
3271892
3271896
3271905
3271906
3271908
3271912
3271920
3271957
3271961
3271964
3271973
3271974
3271977
3271980
3271988
3271992
3272005
3272006
3272009
3272012
3272020
3272024
3272036
3272069
3272070
3272073
3272076
3272081
3272084
3272097
3272098
3272100
3272104
3272112
3272129
3272130
3272132
3272136
3272144
3272160
3272213
3272217
3272220
3272229
3272230
3272233
3272236
3272244
3272248
3272261
3272262
3272265
3272268
3272276
3272280
3272292
3272325
3272326
3272329
3272332
3272337
3272340
3272353
3272354
3272356
3272360
3272368
3272385
3272386
3272388
3272392
3272400
3272416
3272484
3272516
3272580
3272608
3272640
3273109
3273110
3273113
3273114
3273116
3273125
3273126
3273129
3273130
3273132
3273140
3273144
3273172
3273176
3273188
3273192
3273269
3273270
3273273
3273274
3273276
3273301
3273302
3273305
3273306
3273308
3273332
3273336
3273396
3273400
3273428
3273432
3273493
3273494
3273497
3273498
3273500
3273509
3273510
3273513
3273514
3273516
3273524
3273528
3273541
3273542
3273545
3273546
3273548
3273556
3273560
3273572
3273576
3273620
3273624
3273636
3273640
3273668
3273672
3273813
3273814
3273817
3273818
3273820
3273844
3273848
3273877
3273878
3273881
3273882
3273884
3273908
3273912
3273937
3273938
3273940
3273944
3273968
3274068
3274072
3274084
3274088
3274132
3274136
3274148
3274152
3274192
3274208
3274292
3274296
3274324
3274328
3274388
3274392
3274416
3274448
3274516
3274520
3274532
3274536
3274564
3274568
3274628
3274632
3274640
3274656
3274688
3274805
3274806
3274809
3274810
3274812
3274868
3274872
3274917
3274918
3274921
3274922
3274924
3274929
3274930
3274932
3274936
3274980
3274984
3274992
3275029
3275030
3275033
3275034
3275036
3275045
3275046
3275049
3275050
3275052
3275060
3275064
3275092
3275096
3275108
3275112
3275141
3275142
3275145
3275146
3275148
3275153
3275154
3275156
3275160
3275169
3275170
3275172
3275176
3275184
3275204
3275208
3275216
3275232
3275316
3275320
3275348
3275352
3275428
3275432
3275440
3275460
3275464
3275472
3275540
3275544
3275556
3275560
3275588
3275592
3275652
3275656
3275664
3275680
3275712
3275797
3275798
3275801
3275802
3275804
3275828
3275832
3275845
3275846
3275849
3275850
3275852
3275860
3275864
3275876
3275880
3275909
3275910
3275913
3275914
3275916
3275921
3275922
3275924
3275928
3275940
3275944
3275952
3275969
3275970
3275972
3275976
3275984
3276000
3276052
3276056
3276068
3276072
3276100
3276104
3276164
3276168
3276176
3276192
3276224
3276308
3276312
3276324
3276328
3276356
3276360
3276420
3276424
3276432
3276448
3276480
3281279
3281375
3281391
3281399
3281403
3281405
3281406
3281535
3281631
3281655
3281659
3281661
3281662
3281759
3281775
3281783
3281789
3281790
3281871
3281879
3281883
3281885
3281886
3281895
3281899
3281901
3281902
3281909
3281910
3281913
3281914
3281916
3282047
3282111
3282159
3282167
3282171
3282173
3282174
3282271
3282287
3282295
3282301
3282302
3282335
3282351
3282359
3282363
3282365
3282366
3282391
3282395
3282397
3282398
3282407
3282411
3282413
3282414
3282419
3282422
3282425
3282426
3282428
3282495
3282527
3282551
3282557
3282558
3282591
3282607
3282615
3282619
3282621
3282622
3282639
3282647
3282651
3282653
3282654
3282663
3282667
3282669
3282670
3282675
3282677
3282681
3282682
3282684
3282719
3282735
3282743
3282749
3282750
3282767
3282775
3282781
3282782
3282797
3282798
3282805
3282806
3282812
3282831
3282839
3282843
3282845
3282846
3282855
3282859
3282861
3282862
3282867
3282869
3282870
3282873
3282874
3282876
3282887
3282891
3282893
3282894
3282899
3282901
3282902
3282905
3282906
3282908
3282915
3282917
3282921
3282922
3282924
3282929
3282930
3282932
3282936
3283071
3283183
3283191
3283195
3283197
3283198
3283295
3283311
3283319
3283325
3283326
3283407
3283415
3283419
3283421
3283422
3283431
3283435
3283437
3283438
3283443
3283445
3283446
3283450
3283452
3283551
3283575
3283581
3283582
3283663
3283671
3283675
3283677
3283678
3283687
3283691
3283693
3283694
3283699
3283701
3283702
3283705
3283708
3283791
3283799
3283805
3283806
3283815
3283821
3283822
3283829
3283830
3283836
3283911
3283915
3283917
3283918
3283923
3283925
3283926
3283929
3283930
3283932
3283939
3283941
3283945
3283946
3283948
3283953
3283954
3283956
3283960
3284031
3284079
3284087
3284093
3284094
3284143
3284151
3284155
3284157
3284158
3284199
3284203
3284205
3284206
3284211
3284213
3284214
3284217
3284218
3284255
3284271
3284279
3284285
3284286
3284303
3284311
3284317
3284318
3284327
3284333
3284334
3284341
3284342
3284348
3284367
3284375
3284379
3284381
3284382
3284391
3284395
3284397
3284398
3284403
3284405
3284406
3284409
3284410
3284412
3284423
3284427
3284429
3284430
3284435
3284437
3284438
3284441
3284442
3284444
3284451
3284453
3284457
3284458
3284460
3284465
3284466
3284468
3284472
3284511
3284527
3284535
3284541
3284542
3284559
3284567
3284573
3284574
3284583
3284589
3284590
3284597
3284598
3284604
3284623
3284631
3284635
3284637
3284638
3284647
3284651
3284653
3284654
3284659
3284661
3284662
3284665
3284666
3284668
3284679
3284683
3284685
3284686
3284691
3284693
3284694
3284697
3284698
3284700
3284707
3284709
3284713
3284714
3284716
3284721
3284722
3284724
3284728
3284759
3284765
3284766
3284775
3284781
3284782
3284790
3284796
3284807
3284813
3284814
3284821
3284822
3284828
3284837
3284844
3284852
3284871
3284875
3284877
3284878
3284883
3284885
3284886
3284889
3284892
3284899
3284901
3284905
3284906
3284908
3284913
3284914
3284916
3284920
3284931
3284937
3284938
3284940
3284945
3284946
3284948
3284952
3284961
3284968
3284976
3285375
3285471
3285495
3285499
3285501
3285502
3285855
3285885
3285975
3285981
3286005
3286006
3286012
3286143
3286207
3286263
3286267
3286269
3286270
3286367
3286397
3286398
3286431
3286455
3286459
3286461
3286462
3286487
3286491
3286493
3286494
3286515
3286518
3286521
3286522
3286524
3286591
3286623
3286653
3286654
3286687
3286711
3286715
3286717
3286718
3286743
3286747
3286749
3286750
3286771
3286773
3286777
3286778
3286780
3286815
3286845
3286846
3286877
3286878
3286908
3286935
3286939
3286941
3286942
3286963
3286965
3286966
3286969
3286970
3286972
3286995
3286997
3286998
3287001
3287002
3287025
3287026
3287028
3287032
3288127
3288189
3288239
3288247
3288251
3288253
3288254
3288307
3288309
3288310
3288351
3288367
3288381
3288382
3288399
3288413
3288414
3288429
3288430
3288444
3288463
3288471
3288475
3288477
3288478
3288487
3288491
3288493
3288494
3288499
3288501
3288502
3288505
3288506
3288508
3288519
3288523
3288525
3288526
3288531
3288533
3288534
3288537
3288538
3288547
3288549
3288550
3288553
3288554
3288556
3288561
3288562
3288564
3288568
3288861
3288862
3288877
3288892
3288967
3288973
3288979
3288981
3288982
3288985
3288995
3288997
3288998
3289004
3289009
3289010
3289012
3289016
3289041
3289072
3289470
3289559
3289563
3289565
3289566
3289575
3289579
3289581
3289582
3289590
3289594
3289596
3289719
3289725
3289726
3289815
3289819
3289821
3289822
3289845
3289846
3289849
3289850
3289852
3289935
3289949
3289950
3289965
3289966
3289980
3290055
3290059
3290061
3290062
3290069
3290070
3290073
3290074
3290076
3290085
3290086
3290089
3290090
3290092
3290100
3290104
3290231
3290237
3290238
3290287
3290295
3290299
3290301
3290302
3290343
3290347
3290349
3290350
3290355
3290358
3290361
3290362
3290364
3290455
3290461
3290462
3290477
3290478
3290486
3290492
3290519
3290523
3290525
3290526
3290535
3290539
3290541
3290542
3290550
3290553
3290554
3290556
3290579
3290582
3290585
3290586
3290588
3290595
3290598
3290601
3290602
3290604
3290610
3290616
3290679
3290685
3290686
3290711
3290717
3290718
3290741
3290742
3290748
3290767
3290775
3290779
3290781
3290782
3290791
3290795
3290797
3290798
3290803
3290805
3290806
3290809
3290810
3290812
3290823
3290827
3290829
3290830
3290835
3290838
3290841
3290842
3290844
3290851
3290853
3290854
3290857
3290858
3290860
3290865
3290866
3290868
3290872
3290903
3290909
3290910
3290925
3290926
3290934
3290940
3290957
3290958
3290965
3290966
3290972
3290988
3290996
3291015
3291019
3291021
3291022
3291027
3291029
3291030
3291033
3291034
3291036
3291043
3291045
3291046
3291049
3291050
3291052
3291057
3291058
3291060
3291064
3291075
3291078
3291081
3291082
3291084
3291089
3291090
3291092
3291096
3291105
3291106
3291108
3291112
3291120
3291255
3291261
3291262
3291367
3291371
3291373
3291374
3291379
3291381
3291382
3291386
3291388
3291479
3291485
3291486
3291495
3291501
3291502
3291510
3291516
3291591
3291595
3291597
3291598
3291603
3291605
3291606
3291610
3291612
3291619
3291621
3291622
3291626
3291628
3291634
3291636
3291735
3291741
3291742
3291765
3291766
3291772
3291847
3291851
3291853
3291854
3291859
3291861
3291862
3291866
3291868
3291877
3291878
3291881
3291882
3291884
3291889
3291890
3291892
3291896
3291975
3291981
3291982
3291989
3291990
3291996
3292005
3292006
3292012
3292020
3292099
3292102
3292105
3292106
3292108
3292113
3292114
3292116
3292120
3292129
3292130
3292132
3292136
3292144
3292215
3292221
3292222
3292263
3292269
3292270
3292277
3292278
3292284
3292327
3292331
3292333
3292334
3292339
3292341
3292342
3292345
3292346
3292348
3292387
3292390
3292393
3292394
3292396
3292401
3292402
3292404
3292408
3292439
3292445
3292446
3292455
3292461
3292462
3292470
3292476
3292487
3292493
3292494
3292501
3292502
3292508
3292517
3292518
3292524
3292532
3292551
3292555
3292557
3292558
3292563
3292565
3292566
3292569
3292570
3292572
3292579
3292581
3292582
3292585
3292586
3292588
3292593
3292594
3292596
3292600
3292611
3292614
3292617
3292618
3292620
3292625
3292626
3292628
3292632
3292641
3292642
3292644
3292648
3292656
3292695
3292701
3292702
3292711
3292717
3292718
3292726
3292732
3292743
3292749
3292750
3292757
3292758
3292764
3292773
3292774
3292780
3292788
3292807
3292811
3292813
3292814
3292819
3292821
3292822
3292825
3292826
3292828
3292835
3292837
3292838
3292841
3292842
3292844
3292849
3292850
3292852
3292856
3292867
3292870
3292873
3292874
3292876
3292881
3292882
3292884
3292888
3292897
3292898
3292900
3292904
3292912
3292950
3292956
3292966
3292972
3292998
3293004
3293012
3293028
3293062
3293065
3293066
3293068
3293073
3293074
3293076
3293080
3293089
3293090
3293092
3293096
3293104
3293122
3293128
3293136
3293152
3297751
3297755
3297757
3297758
3297767
3297771
3297773
3297774
3297781
3297782
3297785
3297786
3297788
3298079
3298095
3298109
3298110
3298135
3298141
3298165
3298166
3298172
3298199
3298203
3298205
3298206
3298215
3298221
3298229
3298230
3298233
3298234
3298236
3298261
3298262
3298268
3298292
3298423
3298427
3298429
3298430
3298479
3298487
3298491
3298493
3298494
3298535
3298539
3298541
3298542
3298547
3298549
3298550
3298553
3298554
3298647
3298651
3298653
3298654
3298667
3298669
3298670
3298677
3298678
3298681
3298682
3298684
3298711
3298715
3298717
3298718
3298727
3298731
3298733
3298734
3298741
3298742
3298745
3298746
3298748
3298771
3298773
3298774
3298777
3298778
3298780
3298787
3298789
3298790
3298793
3298794
3298801
3298802
3298804
3298808
3298871
3298875
3298877
3298878
3298903
3298907
3298909
3298910
3298933
3298934
3298937
3298938
3298940
3298959
3298967
3298971
3298973
3298974
3298983
3298987
3298989
3298990
3298995
3298997
3298998
3299001
3299002
3299004
3299015
3299019
3299021
3299022
3299027
3299029
3299030
3299033
3299034
3299036
3299043
3299045
3299046
3299049
3299050
3299052
3299057
3299058
3299060
3299064
3299095
3299099
3299101
3299102
3299115
3299117
3299118
3299125
3299126
3299129
3299130
3299132
3299147
3299149
3299150
3299157
3299158
3299161
3299162
3299164
3299177
3299178
3299180
3299188
3299192
3299207
3299211
3299213
3299214
3299219
3299221
3299222
3299225
3299226
3299228
3299235
3299237
3299238
3299241
3299242
3299244
3299249
3299250
3299252
3299256
3299267
3299269
3299270
3299273
3299274
3299276
3299281
3299282
3299284
3299288
3299297
3299298
3299300
3299304
3299312
3300407
3300411
3300413
3300414
3300467
3300469
3300470
3300519
3300525
3300531
3300533
3300534
3300537
3300538
3300593
3300631
3300635
3300637
3300638
3300647
3300651
3300653
3300654
3300659
3300661
3300662
3300665
3300666
3300668
3300679
3300683
3300685
3300686
3300691
3300693
3300694
3300697
3300698
3300700
3300707
3300709
3300710
3300713
3300714
3300716
3300721
3300722
3300724
3300728
3300743
3300747
3300749
3300750
3300755
3300757
3300758
3300761
3300762
3300764
3300771
3300773
3300774
3300777
3300778
3300780
3300785
3300786
3300788
3300792
3300803
3300805
3300806
3300809
3300810
3300812
3300817
3300818
3300820
3300824
3300833
3300834
3300836
3300840
3300848
3301139
3301141
3301142
3301145
3301146
3301148
3301155
3301157
3301158
3301169
3301170
3301172
3301176
3301201
3301204
3301232
3301253
3301254
3301260
3301265
3301266
3301268
3301272
3301281
3301284
3301296
3301328
3305941
3305942
3305945
3305946
3305948
3305957
3305958
3305961
3305962
3305964
3305972
3305976
3306270
3306325
3306332
3306389
3306390
3306393
3306394
3306396
3306405
3306406
3306412
3306420
3306424
3306452
3306613
3306614
3306617
3306618
3306620
3306663
3306667
3306669
3306670
3306677
3306678
3306681
3306682
3306684
3306723
3306725
3306726
3306729
3306730
3306732
3306737
3306738
3306740
3306744
3306837
3306838
3306841
3306842
3306844
3306857
3306858
3306860
3306868
3306872
3306901
3306902
3306905
3306906
3306908
3306917
3306918
3306921
3306922
3306924
3306932
3306936
3306961
3306962
3306964
3306968
3306977
3306978
3306980
3306984
3306992
3307061
3307062
3307065
3307066
3307068
3307093
3307094
3307097
3307098
3307100
3307124
3307128
3307143
3307147
3307149
3307150
3307157
3307158
3307161
3307162
3307164
3307171
3307173
3307174
3307177
3307178
3307180
3307185
3307186
3307188
3307192
3307203
3307205
3307206
3307209
3307210
3307212
3307217
3307218
3307220
3307224
3307233
3307234
3307236
3307240
3307248
3307285
3307286
3307289
3307290
3307292
3307305
3307306
3307308
3307316
3307320
3307337
3307338
3307340
3307348
3307352
3307368
3307397
3307398
3307401
3307402
3307404
3307409
3307410
3307412
3307416
3307425
3307426
3307428
3307432
3307440
3307457
3307458
3307460
3307464
3307472
3307488
3308595
3308597
3308598
3308601
3308602
3308604
3308657
3308660
3308709
3308710
3308716
3308721
3308722
3308724
3308728
3308784
3308819
3308821
3308822
3308825
3308826
3308828
3308835
3308837
3308838
3308841
3308842
3308844
3308849
3308850
3308852
3308856
3308867
3308869
3308870
3308873
3308874
3308876
3308881
3308882
3308884
3308888
3308897
3308898
3308900
3308904
3308912
3308933
3308934
3308937
3308938
3308940
3308945
3308946
3308948
3308952
3308961
3308962
3308964
3308968
3308976
3308993
3308994
3308996
3309000
3309008
3309024
3309329
3309330
3309332
3309336
3309345
3309348
3309360
3309392
3309444
3309456
3309472
3314135
3314139
3314141
3314142
3314151
3314155
3314157
3314158
3314166
3314170
3314172
3314359
3314363
3314365
3314366
3314391
3314395
3314397
3314398
3314421
3314425
3314428
3314511
3314519
3314523
3314525
3314526
3314535
3314539
3314541
3314542
3314549
3314550
3314553
3314554
3314556
3314583
3314587
3314589
3314590
3314599
3314603
3314605
3314606
3314614
3314617
3314618
3314620
3314631
3314635
3314637
3314638
3314645
3314646
3314649
3314650
3314652
3314661
3314665
3314668
3314676
3314680
3314799
3314807
3314811
3314813
3314814
3314863
3314871
3314875
3314877
3314878
3314919
3314923
3314925
3314926
3314931
3314937
3314938
3315031
3315035
3315037
3315038
3315047
3315051
3315053
3315054
3315062
3315066
3315068
3315095
3315099
3315101
3315102
3315111
3315115
3315117
3315118
3315126
3315129
3315130
3315132
3315155
3315161
3315162
3315164
3315171
3315177
3315178
3315186
3315192
3315247
3315255
3315259
3315261
3315262
3315279
3315287
3315291
3315293
3315294
3315303
3315307
3315309
3315310
3315317
3315321
3315324
3315343
3315351
3315355
3315357
3315358
3315367
3315371
3315373
3315374
3315379
3315381
3315385
3315386
3315388
3315399
3315403
3315405
3315406
3315411
3315417
3315418
3315420
3315427
3315429
3315433
3315434
3315436
3315441
3315448
3315479
3315483
3315485
3315486
3315495
3315499
3315501
3315502
3315510
3315513
3315514
3315516
3315527
3315531
3315533
3315534
3315541
3315542
3315545
3315546
3315548
3315557
3315561
3315564
3315572
3315576
3315591
3315595
3315597
3315598
3315603
3315605
3315606
3315609
3315612
3315619
3315621
3315625
3315626
3315628
3315633
3315634
3315636
3315640
3315651
3315657
3315658
3315660
3315665
3315666
3315668
3315672
3315681
3315688
3315696
3315775
3315831
3315835
3315837
3315838
3315887
3315895
3315899
3315901
3315902
3315943
3315947
3315949
3315950
3315955
3315957
3315958
3315999
3316015
3316023
3316029
3316030
3316055
3316059
3316061
3316062
3316071
3316075
3316077
3316078
3316086
3316090
3316092
3316111
3316119
3316123
3316125
3316126
3316135
3316139
3316141
3316142
3316147
3316149
3316150
3316154
3316156
3316167
3316171
3316173
3316174
3316179
3316181
3316182
3316188
3316195
3316197
3316202
3316204
3316210
3316212
3316279
3316285
3316286
3316311
3316315
3316317
3316318
3316341
3316345
3316348
3316391
3316395
3316397
3316398
3316403
3316405
3316406
3316409
3316423
3316427
3316429
3316430
3316435
3316437
3316438
3316444
3316453
3316457
3316460
3316465
3316468
3316503
3316509
3316510
3316519
3316525
3316526
3316534
3316540
3316551
3316555
3316557
3316558
3316565
3316566
3316569
3316570
3316572
3316581
3316585
3316588
3316596
3316600
3316615
3316619
3316621
3316622
3316627
3316629
3316630
3316633
3316636
3316643
3316645
3316649
3316650
3316652
3316657
3316658
3316660
3316664
3316675
3316681
3316682
3316684
3316689
3316690
3316692
3316696
3316705
3316712
3316720
3316791
3316795
3316797
3316798
3316839
3316843
3316845
3316846
3316853
3316854
3316857
3316858
3316903
3316907
3316909
3316910
3316915
3316917
3316918
3316921
3316963
3316969
3316970
3316977
3316978
3317015
3317019
3317021
3317022
3317031
3317035
3317037
3317038
3317046
3317049
3317050
3317052
3317063
3317067
3317069
3317070
3317077
3317078
3317081
3317082
3317084
3317093
3317097
3317100
3317108
3317112
3317127
3317131
3317133
3317134
3317139
3317141
3317142
3317145
3317148
3317155
3317157
3317161
3317162
3317164
3317169
3317170
3317172
3317176
3317187
3317193
3317194
3317196
3317201
3317202
3317204
3317208
3317217
3317224
3317232
3317271
3317275
3317277
3317278
3317287
3317291
3317293
3317294
3317302
3317305
3317306
3317308
3317319
3317323
3317325
3317326
3317333
3317334
3317337
3317338
3317340
3317349
3317353
3317356
3317364
3317368
3317383
3317387
3317389
3317390
3317395
3317397
3317398
3317401
3317404
3317411
3317413
3317417
3317418
3317420
3317425
3317426
3317428
3317432
3317443
3317449
3317450
3317452
3317457
3317458
3317460
3317464
3317473
3317480
3317488
3317529
3317532
3317545
3317560
3317580
3317588
3317592
3317641
3317644
3317649
3317652
3317656
3317665
3317672
3317680
3317704
3317712
3318231
3318235
3318237
3318238
3318247
3318251
3318253
3318254
3318262
3318266
3318268
3318615
3318621
3318645
3318646
3318652
3318679
3318683
3318685
3318686
3318695
3318701
3318710
3318713
3318714
3318716
3318741
3318742
3318772
3318895
3318903
3318907
3318909
3318910
3318959
3318967
3318971
3318973
3318974
3319015
3319019
3319021
3319022
3319027
3319033
3319034
3319127
3319131
3319133
3319134
3319147
3319149
3319150
3319158
3319162
3319164
3319191
3319195
3319197
3319198
3319207
3319211
3319213
3319214
3319222
3319225
3319226
3319228
3319251
3319257
3319258
3319267
3319270
3319273
3319274
3319282
3319288
3319343
3319351
3319355
3319357
3319358
3319375
3319383
3319387
3319389
3319390
3319405
3319406
3319413
3319417
3319420
3319439
3319447
3319451
3319453
3319454
3319463
3319467
3319469
3319470
3319475
3319477
3319481
3319482
3319484
3319495
3319499
3319501
3319502
3319507
3319513
3319514
3319523
3319525
3319529
3319530
3319532
3319537
3319544
3319575
3319579
3319581
3319582
3319595
3319597
3319598
3319606
3319609
3319610
3319612
3319627
3319629
3319630
3319637
3319638
3319641
3319642
3319657
3319660
3319668
3319672
3319687
3319691
3319693
3319694
3319699
3319701
3319702
3319705
3319715
3319717
3319718
3319721
3319722
3319724
3319729
3319730
3319732
3319736
3319747
3319750
3319753
3319754
3319761
3319762
3319777
3319778
3319780
3319784
3319792
3320887
3320891
3320893
3320894
3320949
3320950
3320999
3321005
3321011
3321013
3321014
3321017
3321073
3321111
3321115
3321117
3321118
3321127
3321131
3321133
3321134
3321142
3321145
3321146
3321148
3321159
3321163
3321165
3321166
3321173
3321174
3321177
3321178
3321189
3321190
3321193
3321196
3321204
3321208
3321223
3321227
3321229
3321230
3321235
3321237
3321238
3321241
3321251
3321253
3321254
3321257
3321258
3321260
3321265
3321266
3321268
3321272
3321283
3321286
3321289
3321290
3321297
3321298
3321313
3321314
3321316
3321320
3321328
3321625
3321638
3321656
3321734
3321745
3321761
3321764
3321776
3322326
3322330
3322332
3322342
3322346
3322348
3322550
3322553
3322554
3322556
3322582
3322586
3322588
3322612
3322616
3322695
3322699
3322701
3322702
3322709
3322710
3322713
3322714
3322716
3322725
3322726
3322729
3322730
3322732
3322740
3322744
3322774
3322777
3322778
3322780
3322790
3322793
3322794
3322796
3322808
3322822
3322826
3322828
3322836
3322840
3322852
3322856
3322983
3322987
3322989
3322990
3322998
3323002
3323004
3323047
3323051
3323053
3323054
3323062
3323065
3323066
3323068
3323107
3323110
3323113
3323114
3323116
3323122
3323128
3323222
3323226
3323228
3323238
3323242
3323244
3323286
3323289
3323290
3323292
3323302
3323305
3323306
3323308
3323320
3323346
3323352
3323362
3323368
3323431
3323435
3323437
3323438
3323446
3323449
3323450
3323452
3323463
3323467
3323469
3323470
3323478
3323482
3323484
3323493
3323494
3323497
3323498
3323500
3323508
3323512
3323527
3323531
3323533
3323534
3323542
3323545
3323546
3323548
3323555
3323557
3323558
3323561
3323562
3323564
3323569
3323570
3323572
3323576
3323587
3323590
3323593
3323594
3323596
3323602
3323608
3323617
3323618
3323620
3323624
3323632
3323670
3323673
3323674
3323676
3323686
3323689
3323690
3323692
3323704
3323718
3323722
3323724
3323732
3323736
3323748
3323752
3323782
3323785
3323786
3323788
3323793
3323794
3323796
3323800
3323809
3323810
3323812
3323816
3323824
3323842
3323848
3323856
3323872
3323966
3324022
3324026
3324028
3324071
3324075
3324077
3324078
3324083
3324085
3324086
3324090
3324092
3324134
3324138
3324140
3324146
3324148
3324190
3324246
3324250
3324252
3324262
3324266
3324268
3324295
3324299
3324301
3324302
3324307
3324309
3324310
3324314
3324316
3324323
3324325
3324326
3324330
3324332
3324338
3324340
3324358
3324362
3324364
3324370
3324372
3324386
3324388
3324470
3324476
3324502
3324506
3324508
3324532
3324536
3324582
3324585
3324586
3324588
3324593
3324594
3324596
3324600
3324614
3324618
3324620
3324626
3324628
3324644
3324648
3324656
3324694
3324700
3324710
3324716
3324742
3324746
3324748
3324756
3324760
3324772
3324776
3324806
3324809
3324810
3324812
3324817
3324818
3324820
3324824
3324833
3324834
3324836
3324840
3324848
3324866
3324872
3324880
3324896
3324982
3324985
3324986
3324988
3325030
3325034
3325036
3325044
3325048
3325094
3325097
3325098
3325100
3325105
3325106
3325108
3325112
3325154
3325160
3325168
3325206
3325209
3325210
3325212
3325222
3325225
3325226
3325228
3325240
3325254
3325258
3325260
3325268
3325272
3325284
3325288
3325318
3325321
3325322
3325324
3325329
3325330
3325332
3325336
3325345
3325346
3325348
3325352
3325360
3325378
3325384
3325392
3325408
3325462
3325465
3325466
3325468
3325478
3325481
3325482
3325484
3325496
3325510
3325514
3325516
3325524
3325528
3325540
3325544
3325574
3325577
3325578
3325580
3325585
3325586
3325588
3325592
3325601
3325602
3325604
3325608
3325616
3325634
3325640
3325648
3325664
3325720
3325736
3325832
3325840
3325856
3330517
3330518
3330521
3330522
3330524
3330533
3330534
3330537
3330538
3330548
3330552
3330839
3330843
3330845
3330846
3330855
3330861
3330869
3330870
3330873
3330874
3330876
3330901
3330902
3330908
3330932
3330965
3330966
3330969
3330970
3330972
3330981
3330982
3330996
3331000
3331028
3331175
3331179
3331181
3331182
3331189
3331190
3331193
3331194
3331239
3331243
3331245
3331246
3331253
3331254
3331257
3331258
3331299
3331301
3331302
3331305
3331306
3331313
3331314
3331413
3331414
3331417
3331418
3331420
3331429
3331430
3331433
3331434
3331444
3331448
3331477
3331478
3331481
3331482
3331484
3331493
3331494
3331497
3331498
3331508
3331512
3331537
3331538
3331540
3331544
3331553
3331554
3331568
3331623
3331627
3331629
3331630
3331637
3331638
3331641
3331642
3331655
3331659
3331661
3331662
3331669
3331670
3331673
3331674
3331676
3331685
3331686
3331689
3331690
3331692
3331700
3331704
3331719
3331723
3331725
3331726
3331733
3331734
3331737
3331738
3331740
3331747
3331749
3331750
3331753
3331754
3331756
3331761
3331762
3331764
3331768
3331779
3331781
3331782
3331785
3331786
3331788
3331793
3331794
3331796
3331800
3331809
3331810
3331812
3331816
3331824
3331861
3331862
3331865
3331866
3331868
3331877
3331878
3331881
3331882
3331892
3331896
3331909
3331910
3331913
3331914
3331916
3331924
3331928
3331940
3331944
3331973
3331974
3331977
3331978
3331980
3331985
3331986
3331988
3331992
3332001
3332002
3332004
3332008
3332016
3332033
3332034
3332036
3332040
3332048
3332064
3333173
3333174
3333177
3333178
3333285
3333286
3333297
3333298
3333397
3333398
3333401
3333402
3333404
3333413
3333414
3333417
3333418
3333428
3333432
3333445
3333446
3333449
3333450
3333452
3333460
3333464
3333476
3333480
3333509
3333510
3333513
3333514
3333516
3333521
3333522
3333524
3333528
3333537
3333538
3333540
3333544
3333552
3333569
3333570
3333572
3333576
3333584
3333600
3333908
3333912
3334020
3334032
3338708
3338712
3338724
3338728
3339029
3339030
3339033
3339034
3339036
3339045
3339046
3339052
3339060
3339064
3339092
3339156
3339160
3339172
3339365
3339366
3339369
3339370
3339372
3339380
3339384
3339429
3339430
3339433
3339434
3339436
3339444
3339448
3339489
3339490
3339492
3339496
3339504
3339604
3339608
3339620
3339624
3339668
3339672
3339684
3339688
3339728
3339744
3339813
3339814
3339817
3339818
3339820
3339828
3339832
3339845
3339846
3339849
3339850
3339852
3339860
3339864
3339876
3339880
3339909
3339910
3339913
3339914
3339916
3339924
3339928
3339937
3339938
3339940
3339944
3339952
3339969
3339970
3339972
3339976
3339984
3340000
3340052
3340056
3340068
3340072
3340100
3340104
3340164
3340168
3340176
3340192
3340224
3341364
3341368
3341476
3341488
3341588
3341592
3341604
3341608
3341636
3341640
3341700
3341704
3341712
3341728
3341760
3346679
3346683
3346685
3346686
3346903
3346907
3346909
3346910
3346919
3346923
3346925
3346926
3346934
3346938
3346940
3347159
3347163
3347165
3347166
3347189
3347193
3347196
3347399
3347403
3347405
3347406
3347413
3347414
3347417
3347418
3347420
3347429
3347433
3347436
3347444
3347448
3347575
3347581
3347582
3347639
3347643
3347645
3347646
3347699
3347705
3347706
3347799
3347805
3347806
3347815
3347821
3347822
3347830
3347836
3347863
3347867
3347869
3347870
3347879
3347883
3347885
3347886
3347894
3347897
3347898
3347900
3347923
3347929
3347930
3347932
3347939
3347945
3347946
3347954
3347960
3348023
3348029
3348030
3348055
3348061
3348062
3348085
3348092
3348119
3348123
3348125
3348126
3348147
3348149
3348153
3348154
3348156
3348179
3348185
3348186
3348188
3348209
3348216
3348247
3348253
3348254
3348263
3348269
3348270
3348278
3348284
3348295
3348301
3348302
3348309
3348310
3348316
3348325
3348332
3348340
3348359
3348363
3348365
3348366
3348371
3348373
3348374
3348377
3348380
3348387
3348389
3348393
3348394
3348396
3348401
3348402
3348404
3348408
3348419
3348425
3348426
3348428
3348433
3348434
3348436
3348440
3348449
3348456
3348464
3348711
3348715
3348717
3348718
3348723
3348725
3348726
3348935
3348939
3348941
3348942
3348947
3348949
3348950
3348956
3348963
3348965
3348970
3348972
3348978
3348980
3349191
3349195
3349197
3349198
3349203
3349205
3349206
3349212
3349221
3349225
3349228
3349233
3349236
3349443
3349449
3349450
3349452
3349457
3349458
3349460
3349464
3349473
3349480
3349488
3349559
3349565
3349566
3349607
3349613
3349614
3349621
3349622
3349671
3349675
3349677
3349678
3349683
3349685
3349686
3349689
3349731
3349737
3349738
3349745
3349746
3349783
3349789
3349790
3349799
3349805
3349806
3349814
3349820
3349831
3349837
3349838
3349845
3349846
3349852
3349861
3349868
3349876
3349895
3349899
3349901
3349902
3349907
3349909
3349910
3349913
3349916
3349923
3349925
3349929
3349930
3349932
3349937
3349938
3349940
3349944
3349955
3349961
3349962
3349964
3349969
3349970
3349972
3349976
3349985
3349992
3350000
3350039
3350045
3350046
3350055
3350061
3350062
3350070
3350076
3350087
3350093
3350094
3350101
3350102
3350108
3350117
3350124
3350132
3350151
3350155
3350157
3350158
3350163
3350165
3350166
3350169
3350172
3350179
3350181
3350185
3350186
3350188
3350193
3350194
3350196
3350200
3350211
3350217
3350218
3350220
3350225
3350226
3350228
3350232
3350241
3350248
3350256
3350300
3350348
3350356
3350409
3350412
3350417
3350420
3350424
3350433
3350440
3350448
3350472
3350480
3350775
3350779
3350781
3350782
3350999
3351003
3351005
3351006
3351015
3351019
3351021
3351022
3351030
3351034
3351036
3351255
3351259
3351261
3351262
3351285
3351289
3351292
3351495
3351499
3351501
3351502
3351509
3351510
3351513
3351514
3351525
3351526
3351529
3351532
3351540
3351544
3351671
3351677
3351678
3351735
3351739
3351741
3351742
3351795
3351801
3351802
3351895
3351901
3351902
3351917
3351918
3351926
3351932
3351959
3351963
3351965
3351966
3351975
3351979
3351981
3351982
3351990
3351993
3351994
3351996
3352019
3352025
3352026
3352035
3352038
3352041
3352042
3352050
3352056
3352119
3352125
3352126
3352151
3352157
3352158
3352181
3352188
3352215
3352219
3352221
3352222
3352243
3352245
3352249
3352250
3352252
3352275
3352281
3352282
3352305
3352312
3352343
3352349
3352350
3352365
3352366
3352374
3352380
3352397
3352398
3352405
3352406
3352428
3352436
3352455
3352459
3352461
3352462
3352467
3352469
3352470
3352473
3352483
3352485
3352486
3352489
3352490
3352492
3352497
3352498
3352500
3352504
3352515
3352518
3352521
3352522
3352529
3352530
3352545
3352546
3352548
3352552
3352560
3352807
3352811
3352813
3352814
3352819
3352821
3352822
3353031
3353035
3353037
3353038
3353043
3353045
3353046
3353059
3353061
3353062
3353066
3353068
3353074
3353076
3353287
3353291
3353293
3353294
3353299
3353301
3353302
3353317
3353318
3353321
3353324
3353329
3353332
3353539
3353542
3353545
3353546
3353553
3353554
3353569
3353570
3353572
3353576
3353584
3353655
3353661
3353662
3353703
3353709
3353710
3353717
3353718
3353767
3353771
3353773
3353774
3353779
3353781
3353782
3353785
3353827
3353830
3353833
3353834
3353841
3353842
3353879
3353885
3353886
3353895
3353901
3353902
3353910
3353916
3353927
3353933
3353934
3353941
3353942
3353957
3353958
3353964
3353972
3353991
3353995
3353997
3353998
3354003
3354005
3354006
3354009
3354019
3354021
3354022
3354025
3354026
3354028
3354033
3354034
3354036
3354040
3354051
3354054
3354057
3354058
3354065
3354066
3354081
3354082
3354084
3354088
3354096
3354135
3354141
3354142
3354151
3354157
3354158
3354166
3354172
3354183
3354189
3354190
3354197
3354198
3354213
3354214
3354220
3354228
3354247
3354251
3354253
3354254
3354259
3354261
3354262
3354265
3354275
3354277
3354278
3354281
3354282
3354284
3354289
3354290
3354292
3354296
3354307
3354310
3354313
3354314
3354321
3354322
3354337
3354338
3354340
3354344
3354352
3354406
3354438
3354468
3354502
3354505
3354513
3354529
3354530
3354532
3354536
3354544
3354562
3354592
3354870
3354874
3354876
3355094
3355098
3355100
3355110
3355114
3355116
3355350
3355354
3355356
3355380
3355384
3355590
3355594
3355596
3355604
3355608
3355620
3355624
3355766
3355772
3355830
3355833
3355834
3355836
3355890
3355896
3355990
3355996
3356006
3356012
3356054
3356057
3356058
3356060
3356070
3356073
3356074
3356076
3356088
3356114
3356120
3356130
3356136
3356214
3356220
3356246
3356252
3356276
3356310
3356313
3356314
3356316
3356337
3356338
3356340
3356344
3356370
3356376
3356400
3356438
3356444
3356454
3356460
3356486
3356492
3356500
3356516
3356550
3356553
3356554
3356556
3356561
3356562
3356564
3356568
3356577
3356578
3356580
3356584
3356592
3356610
3356616
3356624
3356640
3356902
3356906
3356908
3356914
3356916
3357126
3357130
3357132
3357138
3357140
3357154
3357156
3357382
3357386
3357388
3357394
3357396
3357412
3357416
3357424
3357634
3357640
3357648
3357664
3357750
3357756
3357798
3357804
3357812
3357862
3357865
3357866
3357868
3357873
3357874
3357876
3357880
3357922
3357928
3357936
3357974
3357980
3357990
3357996
3358022
3358028
3358036
3358052
3358086
3358089
3358090
3358092
3358097
3358098
3358100
3358104
3358113
3358114
3358116
3358120
3358128
3358146
3358152
3358160
3358176
3358230
3358236
3358246
3358252
3358278
3358284
3358292
3358308
3358342
3358345
3358346
3358348
3358353
3358354
3358356
3358360
3358369
3358370
3358372
3358376
3358384
3358402
3358408
3358416
3358432
3358600
3358608
3358624
3358847
3358911
3358967
3358971
3358973
3358974
3359071
3359087
3359101
3359102
3359135
3359151
3359159
3359163
3359165
3359166
3359191
3359195
3359197
3359198
3359207
3359211
3359213
3359214
3359222
3359226
3359228
3359327
3359357
3359358
3359415
3359419
3359421
3359422
3359447
3359451
3359453
3359454
3359477
3359481
3359484
3359567
3359581
3359582
3359597
3359598
3359612
3359639
3359643
3359645
3359646
3359655
3359659
3359661
3359662
3359670
3359674
3359676
3359687
3359691
3359693
3359694
3359701
3359702
3359705
3359706
3359708
3359717
3359718
3359721
3359724
3359732
3359736
3359863
3359867
3359869
3359870
3359927
3359931
3359933
3359934
3359987
3359993
3359994
3360087
3360091
3360093
3360094
3360107
3360109
3360110
3360118
3360122
3360124
3360151
3360155
3360157
3360158
3360167
3360171
3360173
3360174
3360182
3360186
3360188
3360211
3360217
3360218
3360220
3360227
3360230
3360233
3360234
3360242
3360248
3360311
3360315
3360317
3360318
3360343
3360347
3360349
3360350
3360373
3360377
3360380
3360407
3360411
3360413
3360414
3360435
3360437
3360442
3360444
3360467
3360473
3360474
3360476
3360497
3360504
3360535
3360539
3360541
3360542
3360555
3360557
3360558
3360566
3360570
3360572
3360587
3360589
3360590
3360597
3360598
3360601
3360602
3360604
3360617
3360620
3360628
3360632
3360647
3360651
3360653
3360654
3360659
3360661
3360662
3360668
3360675
3360677
3360678
3360682
3360684
3360690
3360692
3360707
3360710
3360713
3360714
3360716
3360721
3360722
3360724
3360728
3360737
3360738
3360740
3360744
3360752
3360887
3360891
3360893
3360894
3360943
3360951
3360955
3360957
3360958
3360999
3361003
3361005
3361006
3361011
3361013
3361014
3361111
3361115
3361117
3361118
3361127
3361131
3361133
3361134
3361142
3361146
3361148
3361167
3361175
3361179
3361181
3361182
3361191
3361195
3361197
3361198
3361203
3361205
3361206
3361210
3361212
3361223
3361227
3361229
3361230
3361235
3361237
3361238
3361244
3361251
3361253
3361254
3361258
3361260
3361266
3361268
3361335
3361341
3361342
3361367
3361371
3361373
3361374
3361397
3361401
3361404
3361447
3361451
3361453
3361454
3361459
3361461
3361462
3361479
3361483
3361485
3361486
3361491
3361493
3361494
3361500
3361509
3361510
3361513
3361516
3361521
3361524
3361559
3361565
3361566
3361575
3361581
3361582
3361590
3361596
3361607
3361611
3361613
3361614
3361621
3361622
3361625
3361626
3361628
3361637
3361638
3361641
3361644
3361652
3361656
3361671
3361675
3361677
3361678
3361683
3361685
3361686
3361692
3361699
3361701
3361702
3361706
3361708
3361714
3361716
3361731
3361734
3361737
3361738
3361740
3361745
3361746
3361748
3361752
3361761
3361762
3361764
3361768
3361776
3361847
3361851
3361853
3361854
3361895
3361899
3361901
3361902
3361907
3361909
3361910
3361913
3361914
3361959
3361963
3361965
3361966
3361971
3361973
3361974
3362019
3362022
3362025
3362026
3362033
3362034
3362071
3362075
3362077
3362078
3362087
3362091
3362093
3362094
3362099
3362102
3362106
3362108
3362119
3362123
3362125
3362126
3362131
3362133
3362134
3362137
3362138
3362140
3362147
3362149
3362150
3362153
3362156
3362161
3362162
3362164
3362168
3362183
3362187
3362189
3362190
3362195
3362197
3362198
3362204
3362211
3362213
3362214
3362218
3362220
3362226
3362228
3362243
3362246
3362249
3362250
3362252
3362257
3362258
3362260
3362264
3362273
3362274
3362276
3362280
3362288
3362327
3362331
3362333
3362334
3362343
3362347
3362349
3362350
3362355
3362358
3362362
3362364
3362375
3362379
3362381
3362382
3362387
3362389
3362390
3362393
3362394
3362396
3362403
3362405
3362406
3362409
3362412
3362417
3362418
3362420
3362424
3362439
3362443
3362445
3362446
3362451
3362453
3362454
3362460
3362467
3362469
3362470
3362474
3362476
3362482
3362484
3362499
3362502
3362505
3362506
3362508
3362513
3362514
3362516
3362520
3362529
3362530
3362532
3362536
3362544
3362579
3362588
3362595
3362598
3362610
3362627
3362630
3362636
3362641
3362642
3362644
3362648
3362657
3362660
3362672
3362694
3362700
3362708
3362722
3362724
3362754
3362756
3362760
3362768
3362784
3362935
3362941
3362942
3362999
3363003
3363005
3363006
3363061
3363062
3363065
3363066
3363159
3363165
3363166
3363175
3363181
3363182
3363189
3363190
3363196
3363223
3363227
3363229
3363230
3363239
3363243
3363245
3363246
3363253
3363254
3363257
3363258
3363260
3363285
3363286
3363289
3363290
3363292
3363301
3363302
3363305
3363306
3363316
3363320
3363415
3363421
3363422
3363445
3363446
3363452
3363509
3363510
3363513
3363514
3363541
3363542
3363545
3363546
3363548
3363572
3363576
3363655
3363661
3363662
3363669
3363670
3363676
3363685
3363686
3363692
3363700
3363733
3363734
3363737
3363738
3363740
3363749
3363750
3363753
3363754
3363764
3363768
3363781
3363782
3363785
3363786
3363788
3363796
3363800
3363812
3363816
3363955
3363957
3363958
3363961
3363962
3364021
3364022
3364025
3364026
3364081
3364082
3364179
3364181
3364182
3364185
3364186
3364188
3364195
3364197
3364198
3364201
3364202
3364209
3364210
3364212
3364216
3364245
3364246
3364249
3364250
3364252
3364261
3364262
3364265
3364266
3364276
3364280
3364305
3364306
3364308
3364312
3364321
3364322
3364336
3364403
3364405
3364406
3364409
3364410
3364435
3364437
3364438
3364441
3364442
3364444
3364465
3364466
3364468
3364472
3364501
3364502
3364505
3364506
3364508
3364529
3364530
3364532
3364536
3364561
3364562
3364564
3364568
3364592
3364627
3364629
3364630
3364633
3364634
3364636
3364643
3364645
3364646
3364649
3364650
3364657
3364658
3364660
3364664
3364675
3364677
3364678
3364681
3364682
3364684
3364689
3364690
3364692
3364696
3364705
3364706
3364708
3364712
3364720
3364741
3364742
3364745
3364746
3364748
3364753
3364754
3364756
3364760
3364769
3364770
3364772
3364776
3364784
3364801
3364802
3364804
3364808
3364816
3364832
3364981
3364982
3364986
3365031
3365035
3365037
3365038
3365043
3365045
3365046
3365049
3365050
3365093
3365094
3365097
3365098
3365105
3365106
3365205
3365206
3365210
3365212
3365221
3365222
3365226
3365236
3365255
3365259
3365261
3365262
3365267
3365269
3365270
3365273
3365274
3365276
3365283
3365285
3365286
3365289
3365290
3365292
3365297
3365298
3365300
3365304
3365317
3365318
3365321
3365322
3365324
3365329
3365330
3365332
3365336
3365345
3365346
3365348
3365352
3365360
3365430
3365461
3365462
3365465
3365466
3365468
3365492
3365496
3365541
3365542
3365545
3365546
3365553
3365554
3365573
3365574
3365577
3365578
3365580
3365585
3365586
3365588
3365592
3365604
3365608
3365616
3365654
3365660
3365670
3365701
3365702
3365706
3365708
3365716
3365720
3365732
3365765
3365766
3365769
3365770
3365772
3365777
3365778
3365780
3365784
3365793
3365794
3365796
3365800
3365808
3365825
3365826
3365828
3365832
3365840
3365856
3365939
3365941
3365942
3365945
3365946
3365987
3365989
3365990
3365993
3365994
3366001
3366002
3366053
3366054
3366057
3366058
3366065
3366066
3366113
3366114
3366163
3366165
3366166
3366169
3366170
3366172
3366179
3366181
3366182
3366185
3366186
3366193
3366194
3366196
3366200
3366211
3366213
3366214
3366217
3366218
3366220
3366225
3366226
3366228
3366232
3366241
3366242
3366244
3366248
3366256
3366277
3366278
3366281
3366282
3366284
3366289
3366290
3366292
3366296
3366305
3366306
3366308
3366312
3366320
3366337
3366338
3366340
3366344
3366352
3366368
3366419
3366421
3366422
3366425
3366426
3366428
3366435
3366437
3366438
3366441
3366442
3366449
3366450
3366452
3366456
3366467
3366469
3366470
3366473
3366474
3366476
3366481
3366482
3366484
3366488
3366497
3366498
3366500
3366504
3366512
3366533
3366534
3366537
3366538
3366540
3366545
3366546
3366548
3366552
3366561
3366562
3366564
3366568
3366576
3366593
3366594
3366596
3366600
3366608
3366624
3366673
3366674
3366676
3366680
3366689
3366690
3366704
3366721
3366722
3366724
3366728
3366736
3366752
3366788
3366792
3366800
3366848
3367037
3367038
3367095
3367099
3367101
3367102
3367157
3367161
3367164
3367261
3367262
3367277
3367278
3367292
3367319
3367323
3367325
3367326
3367335
3367339
3367341
3367342
3367349
3367350
3367353
3367354
3367356
3367381
3367385
3367388
3367397
3367398
3367401
3367404
3367412
3367416
3367517
3367518
3367548
3367605
3367609
3367612
3367637
3367641
3367644
3367757
3367758
3367772
3367788
3367829
3367833
3367836
3367845
3367846
3367849
3367852
3367860
3367864
3367877
3367878
3367881
3367884
3367892
3367896
3367908
3368053
3368057
3368060
3368117
3368121
3368124
3368177
3368184
3368277
3368281
3368284
3368297
3368300
3368308
3368312
3368341
3368345
3368348
3368357
3368358
3368361
3368364
3368372
3368376
3368401
3368408
3368417
3368418
3368420
3368424
3368432
3368501
3368505
3368508
3368533
3368537
3368540
3368597
3368601
3368604
3368625
3368632
3368657
3368664
3368725
3368729
3368732
3368745
3368748
3368756
3368760
3368777
3368780
3368788
3368792
3368837
3368838
3368841
3368844
3368849
3368852
3368865
3368866
3368868
3368872
3368880
3368897
3368898
3368900
3368904
3368912
3368928
3369077
3369084
3369127
3369131
3369133
3369134
3369139
3369141
3369142
3369145
3369148
3369189
3369190
3369193
3369196
3369201
3369204
3369301
3369308
3369317
3369318
3369324
3369332
3369351
3369355
3369357
3369358
3369363
3369365
3369366
3369369
3369372
3369379
3369381
3369382
3369385
3369386
3369388
3369393
3369394
3369396
3369400
3369413
3369414
3369417
3369420
3369425
3369428
3369441
3369442
3369444
3369448
3369456
3369557
3369564
3369637
3369638
3369641
3369644
3369649
3369652
3369669
3369670
3369673
3369676
3369681
3369684
3369700
3369766
3369797
3369798
3369804
3369812
3369828
3369861
3369862
3369865
3369868
3369873
3369876
3369889
3369890
3369892
3369896
3369904
3369921
3369922
3369924
3369928
3369936
3369952
3370035
3370037
3370041
3370044
3370085
3370086
3370089
3370092
3370097
3370098
3370100
3370104
3370149
3370150
3370153
3370156
3370161
3370164
3370209
3370210
3370212
3370216
3370224
3370259
3370261
3370265
3370268
3370275
3370277
3370278
3370281
3370284
3370289
3370290
3370292
3370296
3370307
3370309
3370310
3370313
3370316
3370321
3370322
3370324
3370328
3370337
3370340
3370352
3370373
3370374
3370377
3370380
3370385
3370388
3370401
3370402
3370404
3370408
3370416
3370433
3370434
3370436
3370440
3370448
3370464
3370515
3370517
3370521
3370524
3370533
3370534
3370537
3370540
3370545
3370546
3370548
3370552
3370565
3370566
3370569
3370572
3370577
3370578
3370580
3370584
3370596
3370608
3370629
3370630
3370633
3370636
3370641
3370644
3370657
3370658
3370660
3370664
3370672
3370689
3370690
3370692
3370696
3370704
3370720
3370769
3370788
3370800
3370820
3370832
3370884
3370912
3370944
3371125
3371126
3371132
3371189
3371190
3371193
3371194
3371196
3371252
3371256
3371349
3371350
3371356
3371365
3371366
3371372
3371380
3371413
3371414
3371417
3371418
3371420
3371429
3371430
3371433
3371434
3371436
3371444
3371448
3371476
3371480
3371492
3371496
3371605
3371606
3371612
3371636
3371700
3371704
3371732
3371736
3371845
3371846
3371852
3371860
3371876
3371924
3371928
3371940
3371944
3371972
3371976
3372145
3372146
3372148
3372152
3372212
3372216
3372272
3372369
3372370
3372372
3372376
3372385
3372386
3372388
3372392
3372400
3372436
3372440
3372452
3372456
3372496
3372512
3372593
3372594
3372596
3372600
3372625
3372626
3372628
3372632
3372656
3372692
3372696
3372720
3372752
3372817
3372818
3372820
3372824
3372833
3372834
3372836
3372840
3372848
3372865
3372866
3372868
3372872
3372880
3372896
3372932
3372936
3372944
3372960
3372992
3373172
3373221
3373222
3373225
3373226
3373228
3373233
3373234
3373236
3373240
3373284
3373288
3373296
3373396
3373412
3373445
3373446
3373449
3373450
3373452
3373457
3373458
3373460
3373464
3373473
3373474
3373476
3373480
3373488
3373508
3373512
3373520
3373536
3373652
3373732
3373736
3373744
3373764
3373768
3373776
3373892
3373956
3373960
3373968
3373984
3374016
3374129
3374130
3374132
3374136
3374177
3374178
3374180
3374184
3374192
3374244
3374248
3374256
3374304
3374353
3374354
3374356
3374360
3374369
3374370
3374372
3374376
3374384
3374401
3374402
3374404
3374408
3374416
3374432
3374468
3374472
3374480
3374496
3374528
3374609
3374610
3374612
3374616
3374625
3374626
3374628
3374632
3374640
3374657
3374658
3374660
3374664
3374672
3374688
3374724
3374728
3374736
3374752
3374784
3374864
3374880
3374912
3379319
3379323
3379325
3379326
3379383
3379389
3379390
3379543
3379547
3379549
3379550
3379559
3379563
3379565
3379566
3379574
3379578
3379580
3379607
3379613
3379614
3379623
3379629
3379630
3379638
3379644
3379676
3379799
3379803
3379805
3379806
3379829
3379833
3379836
3379897
3379932
3380039
3380043
3380045
3380046
3380053
3380054
3380057
3380058
3380060
3380069
3380073
3380076
3380084
3380088
3380121
3380124
3380137
3380152
3380172
3380180
3380184
3380409
3380572
3380633
3380636
3380649
3380664
3380696
3380793
3380828
3380889
3380892
3380913
3380920
3380952
3381017
3381020
3381033
3381048
3381068
3381076
3381080
3381129
3381132
3381137
3381140
3381144
3381153
3381160
3381168
3381192
3381200
3381415
3381421
3381422
3381429
3381430
3381596
3381639
3381645
3381646
3381653
3381654
3381660
3381669
3381676
3381684
3381708
3381716
3381852
3381929
3381937
3381964
3381972
3382044
3382092
3382100
3382104
3382153
3382156
3382161
3382164
3382168
3382177
3382184
3382192
3382216
3382224
3382329
3382441
3382449
3382553
3382556
3382569
3382584
3382604
3382612
3382616
3382665
3382668
3382673
3382676
3382680
3382689
3382696
3382704
3382728
3382736
3382809
3382812
3382825
3382840
3382860
3382868
3382872
3382921
3382924
3382929
3382932
3382936
3382945
3382952
3382960
3382984
3382992
3383064
3383176
3383184
3383415
3383419
3383421
3383422
3383479
3383485
3383486
3383639
3383643
3383645
3383646
3383655
3383659
3383661
3383662
3383670
3383674
3383676
3383703
3383709
3383710
3383719
3383725
3383726
3383734
3383740
3383782
3383895
3383899
3383901
3383902
3383925
3383929
3383932
3383993
3384135
3384139
3384141
3384142
3384149
3384150
3384153
3384154
3384165
3384166
3384169
3384172
3384180
3384184
3384217
3384230
3384233
3384248
3384262
3384292
3384505
3384678
3384729
3384742
3384745
3384760
3384802
3384889
3384985
3385009
3385016
3385113
3385126
3385129
3385144
3385158
3385188
3385222
3385225
3385233
3385249
3385250
3385252
3385256
3385264
3385282
3385312
3385511
3385517
3385518
3385525
3385526
3385574
3385702
3385735
3385741
3385742
3385749
3385750
3385765
3385766
3385772
3385780
3385798
3385826
3385828
3386022
3386025
3386033
3386054
3386084
3386182
3386212
3386246
3386249
3386257
3386273
3386274
3386276
3386280
3386288
3386306
3386336
3386425
3386470
3386534
3386537
3386545
3386594
3386649
3386662
3386665
3386680
3386694
3386724
3386758
3386761
3386769
3386785
3386786
3386788
3386792
3386800
3386818
3386848
3386905
3386918
3386921
3386936
3386950
3386980
3387014
3387017
3387025
3387041
3387042
3387044
3387048
3387056
3387074
3387104
3387296
3387510
3387514
3387516
3387574
3387580
3387734
3387738
3387740
3387750
3387754
3387756
3387798
3387804
3387814
3387820
3387990
3387994
3387996
3388020
3388024
3388088
3388230
3388234
3388236
3388244
3388248
3388260
3388264
3388312
3388328
3388600
3388824
3388840
3388984
3389080
3389104
3389208
3389224
3389320
3389328
3389344
3389606
3389612
3389620
3389830
3389836
3389844
3389860
3390120
3390128
3390344
3390352
3390368
3390520
3390632
3390640
3390744
3390760
3390856
3390864
3390880
3391000
3391016
3391112
3391120
3391136
3391551
3391607
3391611
3391613
3391614
3391671
3391675
3391677
3391678
3391775
3391791
3391799
3391803
3391805
3391806
3391831
3391835
3391837
3391838
3391847
3391851
3391853
3391854
3391862
3391866
3391868
3391895
3391899
3391901
3391902
3391911
3391915
3391917
3391918
3391926
3391930
3391932
3391964
3391974
3392055
3392059
3392061
3392062
3392087
3392091
3392093
3392094
3392117
3392121
3392124
3392220
3392279
3392283
3392285
3392286
3392295
3392299
3392301
3392302
3392310
3392314
3392316
3392327
3392331
3392333
3392334
3392341
3392342
3392345
3392346
3392348
3392357
3392358
3392361
3392364
3392372
3392376
3392412
3392422
3392454
3392460
3392468
3392472
3392484
3392860
3392870
3392924
3392934
3392984
3392994
3393116
3393180
3393240
3393308
3393318
3393350
3393356
3393364
3393368
3393380
3393414
3393420
3393428
3393442
3393444
3393474
3393476
3393480
3393488
3393504
3393591
3393595
3393597
3393598
3393703
3393707
3393709
3393710
3393715
3393717
3393718
3393766
3393815
3393819
3393821
3393822
3393831
3393835
3393837
3393838
3393846
3393850
3393852
3393884
3393894
3393927
3393931
3393933
3393934
3393939
3393941
3393942
3393948
3393955
3393957
3393958
3393962
3393964
3393970
3393972
3393990
3393996
3394004
3394018
3394020
3394140
3394214
3394246
3394252
3394260
3394276
3394332
3394342
3394374
3394380
3394388
3394392
3394404
3394438
3394444
3394452
3394466
3394468
3394498
3394500
3394504
3394512
3394528
3394662
3394726
3394786
3394844
3394854
3394886
3394892
3394900
3394904
3394916
3394950
3394956
3394964
3394978
3394980
3395010
3395012
3395016
3395024
3395040
3395100
3395110
3395142
3395148
3395156
3395160
3395172
3395206
3395212
3395220
3395234
3395236
3395266
3395268
3395272
3395280
3395296
3395396
3395460
3395520
3395639
3395643
3395645
3395646
3395701
3395702
3395705
3395706
3395765
3395766
3395769
3395770
3395863
3395867
3395869
3395870
3395879
3395883
3395885
3395886
3395893
3395894
3395897
3395898
3395900
3395925
3395926
3395929
3395930
3395932
3395941
3395942
3395945
3395946
3395956
3395960
3395989
3395990
3395993
3395994
3395996
3396005
3396006
3396009
3396010
3396020
3396024
3396052
3396056
3396149
3396150
3396153
3396154
3396181
3396182
3396185
3396186
3396188
3396212
3396216
3396308
3396312
3396373
3396374
3396377
3396378
3396380
3396389
3396390
3396393
3396394
3396404
3396408
3396421
3396422
3396425
3396426
3396428
3396436
3396440
3396452
3396456
3396500
3396504
3396548
3396552
3396948
3396952
3397012
3397016
3397072
3397204
3397208
3397268
3397272
3397328
3397396
3397400
3397444
3397448
3397508
3397512
3397520
3397568
3397685
3397686
3397689
3397690
3397797
3397798
3397801
3397802
3397809
3397810
3397909
3397910
3397913
3397914
3397916
3397925
3397926
3397929
3397930
3397940
3397944
3397972
3397976
3398021
3398022
3398025
3398026
3398028
3398033
3398034
3398036
3398040
3398049
3398050
3398052
3398056
3398064
3398084
3398088
3398096
3398228
3398232
3398340
3398344
3398352
3398420
3398424
3398468
3398472
3398532
3398536
3398544
3398592
3398932
3398936
3398980
3398984
3399044
3399048
3399056
3399104
3399188
3399192
3399236
3399240
3399300
3399304
3399312
3399360
3399735
3399739
3399741
3399742
3399797
3399801
3399804
3399861
3399865
3399868
3399959
3399963
3399965
3399966
3399975
3399979
3399981
3399982
3399989
3399990
3399993
3399994
3399996
3400021
3400025
3400028
3400037
3400038
3400041
3400044
3400052
3400056
3400085
3400089
3400092
3400101
3400102
3400105
3400108
3400116
3400120
3400164
3400245
3400249
3400252
3400277
3400281
3400284
3400469
3400473
3400476
3400485
3400486
3400489
3400492
3400500
3400504
3400517
3400518
3400521
3400524
3400532
3400536
3400548
3400612
3400644
3401060
3401124
3401184
3401508
3401540
3401604
3401632
3401664
3401781
3401785
3401788
3401893
3401894
3401897
3401900
3401905
3401908
3401956
3402005
3402009
3402012
3402021
3402022
3402025
3402028
3402036
3402040
3402084
3402117
3402118
3402121
3402124
3402129
3402132
3402145
3402146
3402148
3402152
3402160
3402180
3402208
3402404
3402436
3402532
3402564
3402628
3402656
3402688
3402852
3402916
3402976
3403044
3403076
3403140
3403168
3403200
3403300
3403332
3403396
3403424
3403456
3403829
3403830
3403833
3403834
3403836
3403892
3403896
3403956
3403960
3404053
3404054
3404057
3404058
3404060
3404069
3404070
3404073
3404074
3404076
3404084
3404088
3404116
3404120
3404132
3404136
3404180
3404184
3404196
3404200
3404340
3404344
3404372
3404376
3404564
3404568
3404580
3404584
3404612
3404616
3405876
3405880
3405988
3405992
3406000
3406100
3406104
3406116
3406120
3406212
3406216
3406224
3406240
3477631
3477727
3477751
3477755
3477757
3477758
3477855
3477871
3477879
3477885
3477886
3477975
3477979
3477981
3477982
3477991
3477995
3477997
3477998
3478006
3478010
3478012
3478079
3478111
3478135
3478141
3478142
3478199
3478203
3478205
3478206
3478231
3478235
3478237
3478238
3478261
3478265
3478268
3478303
3478319
3478327
3478333
3478334
3478351
3478359
3478365
3478366
3478375
3478381
3478382
3478389
3478390
3478396
3478423
3478427
3478429
3478430
3478439
3478443
3478445
3478446
3478454
3478457
3478458
3478460
3478471
3478475
3478477
3478478
3478485
3478486
3478489
3478490
3478492
3478501
3478505
3478508
3478516
3478520
3478623
3478647
3478651
3478653
3478654
3478687
3478711
3478715
3478717
3478718
3478743
3478747
3478749
3478750
3478771
3478777
3478778
3478871
3478875
3478877
3478878
3478887
3478891
3478893
3478894
3478899
3478902
3478906
3478908
3478935
3478939
3478941
3478942
3478951
3478955
3478957
3478958
3478966
3478969
3478970
3478972
3478995
3479001
3479002
3479004
3479011
3479017
3479018
3479026
3479032
3479095
3479099
3479101
3479102
3479127
3479131
3479133
3479134
3479155
3479157
3479161
3479164
3479191
3479195
3479197
3479198
3479219
3479221
3479225
3479226
3479228
3479251
3479257
3479258
3479260
3479281
3479288
3479319
3479323
3479325
3479326
3479335
3479339
3479341
3479342
3479350
3479353
3479354
3479356
3479367
3479371
3479373
3479374
3479379
3479381
3479382
3479385
3479386
3479388
3479395
3479397
3479401
3479404
3479409
3479410
3479412
3479416
3479431
3479435
3479437
3479438
3479443
3479445
3479446
3479449
3479452
3479459
3479461
3479465
3479466
3479468
3479473
3479474
3479476
3479480
3479491
3479497
3479498
3479500
3479505
3479506
3479508
3479512
3479521
3479528
3479536
3479647
3479671
3479677
3479678
3479759
3479767
3479771
3479773
3479774
3479783
3479787
3479789
3479790
3479795
3479797
3479798
3479895
3479901
3479902
3479911
3479917
3479918
3479926
3479932
3480007
3480011
3480013
3480014
3480019
3480021
3480022
3480028
3480035
3480037
3480042
3480044
3480050
3480052
3480119
3480125
3480126
3480151
3480157
3480158
3480181
3480188
3480231
3480235
3480237
3480238
3480243
3480245
3480246
3480249
3480263
3480267
3480269
3480270
3480275
3480277
3480278
3480284
3480293
3480297
3480300
3480305
3480308
3480343
3480349
3480350
3480359
3480365
3480366
3480374
3480380
3480391
3480397
3480398
3480405
3480406
3480412
3480421
3480428
3480436
3480455
3480459
3480461
3480462
3480467
3480469
3480470
3480473
3480476
3480483
3480485
3480489
3480490
3480492
3480497
3480498
3480500
3480504
3480515
3480521
3480522
3480524
3480529
3480530
3480532
3480536
3480545
3480552
3480560
3480607
3480631
3480635
3480637
3480638
3480655
3480663
3480667
3480669
3480670
3480679
3480683
3480685
3480686
3480691
3480693
3480694
3480697
3480698
3480719
3480727
3480731
3480733
3480734
3480743
3480747
3480749
3480750
3480755
3480757
3480758
3480761
3480775
3480779
3480781
3480782
3480787
3480789
3480790
3480793
3480794
3480796
3480803
3480809
3480810
3480817
3480818
3480855
3480859
3480861
3480862
3480871
3480875
3480877
3480878
3480886
3480889
3480890
3480892
3480903
3480907
3480909
3480910
3480915
3480917
3480918
3480921
3480922
3480924
3480931
3480933
3480937
3480940
3480945
3480946
3480948
3480952
3480967
3480971
3480973
3480974
3480979
3480981
3480982
3480985
3480988
3480995
3480997
3481001
3481002
3481004
3481009
3481010
3481012
3481016
3481027
3481033
3481034
3481036
3481041
3481042
3481044
3481048
3481057
3481064
3481072
3481111
3481115
3481117
3481118
3481127
3481131
3481133
3481134
3481142
3481145
3481146
3481148
3481159
3481163
3481165
3481166
3481171
3481173
3481174
3481177
3481178
3481180
3481187
3481189
3481193
3481196
3481201
3481202
3481204
3481208
3481223
3481227
3481229
3481230
3481235
3481237
3481238
3481241
3481244
3481251
3481253
3481257
3481258
3481260
3481265
3481266
3481268
3481272
3481283
3481289
3481290
3481292
3481297
3481298
3481300
3481304
3481313
3481320
3481328
3481369
3481372
3481385
3481400
3481411
3481420
3481425
3481426
3481428
3481432
3481441
3481456
3481481
3481484
3481489
3481492
3481496
3481505
3481512
3481520
3481544
3481552
3481727
3481823
3481847
3481853
3481951
3481967
3481981
3481982
3482071
3482075
3482077
3482078
3482087
3482091
3482093
3482094
3482102
3482106
3482108
3482399
3482415
3482429
3482430
3482461
3482492
3482519
3482523
3482525
3482526
3482535
3482541
3482550
3482553
3482554
3482556
3482581
3482582
3482612
3482719
3482747
3482749
3482750
3482783
3482807
3482811
3482813
3482814
3482839
3482843
3482845
3482846
3482867
3482873
3482874
3482971
3482973
3482974
3482987
3482989
3482990
3483002
3483004
3483031
3483035
3483037
3483038
3483047
3483051
3483053
3483054
3483062
3483065
3483066
3483068
3483091
3483097
3483098
3483107
3483110
3483113
3483114
3483122
3483128
3483195
3483197
3483198
3483227
3483229
3483230
3483257
3483260
3483287
3483291
3483293
3483294
3483315
3483317
3483321
3483322
3483324
3483347
3483353
3483354
3483377
3483384
3483419
3483421
3483422
3483435
3483437
3483438
3483449
3483450
3483452
3483467
3483469
3483470
3483481
3483482
3483497
3483500
3483512
3483527
3483531
3483533
3483534
3483539
3483541
3483542
3483545
3483555
3483557
3483558
3483561
3483562
3483564
3483569
3483570
3483572
3483576
3483587
3483590
3483593
3483594
3483601
3483602
3483617
3483618
3483620
3483624
3483632
3484703
3484727
3484731
3484733
3484734
3484759
3484765
3484787
3484789
3484790
3484815
3484823
3484827
3484829
3484830
3484839
3484845
3484851
3484853
3484854
3484857
3484883
3484885
3484886
3484913
3484951
3484955
3484957
3484958
3484967
3484971
3484973
3484974
3484982
3484986
3484988
3484999
3485003
3485005
3485006
3485011
3485013
3485014
3485017
3485018
3485029
3485030
3485033
3485036
3485041
3485042
3485044
3485048
3485063
3485067
3485069
3485070
3485075
3485077
3485078
3485081
3485091
3485093
3485094
3485097
3485098
3485100
3485105
3485106
3485108
3485112
3485123
3485126
3485129
3485130
3485137
3485138
3485153
3485154
3485156
3485160
3485168
3485465
3485478
3485496
3485521
3485552
3485574
3485585
3485601
3485604
3485616
3485791
3485815
3485821
3485822
3485911
3485915
3485917
3485918
3485942
3485946
3485948
3486039
3486045
3486046
3486055
3486061
3486062
3486070
3486076
3486166
3486170
3486172
3486182
3486186
3486188
3486263
3486269
3486270
3486295
3486301
3486302
3486325
3486326
3486332
3486390
3486393
3486394
3486396
3486422
3486426
3486428
3486452
3486456
3486487
3486493
3486494
3486503
3486509
3486510
3486518
3486524
3486535
3486541
3486542
3486549
3486550
3486556
3486565
3486566
3486572
3486580
3486614
3486617
3486618
3486620
3486630
3486633
3486634
3486636
3486648
3486662
3486666
3486668
3486676
3486680
3486692
3486696
3486807
3486811
3486813
3486814
3486835
3486838
3486842
3486844
3486871
3486875
3486877
3486878
3486902
3486905
3486906
3486908
3486931
3486934
3486937
3486938
3486940
3486962
3486968
3487059
3487062
3487066
3487068
3487075
3487078
3487082
3487084
3487090
3487126
3487129
3487130
3487132
3487142
3487145
3487146
3487148
3487160
3487186
3487192
3487202
3487208
3487286
3487290
3487292
3487315
3487318
3487322
3487324
3487345
3487346
3487348
3487352
3487382
3487385
3487386
3487388
3487409
3487410
3487412
3487416
3487442
3487448
3487472
3487510
3487514
3487516
3487526
3487530
3487532
3487555
3487558
3487562
3487564
3487569
3487570
3487572
3487576
3487585
3487586
3487588
3487592
3487600
3487622
3487625
3487626
3487628
3487633
3487634
3487636
3487640
3487649
3487650
3487652
3487656
3487664
3487682
3487688
3487696
3487712
3487831
3487837
3487838
3487862
3487868
3487943
3487947
3487949
3487950
3487955
3487957
3487958
3487962
3487964
3487974
3487978
3487980
3487986
3487988
3488086
3488092
3488102
3488108
3488198
3488202
3488204
3488210
3488212
3488226
3488228
3488310
3488316
3488342
3488348
3488372
3488422
3488425
3488426
3488428
3488433
3488434
3488436
3488440
3488454
3488458
3488460
3488466
3488468
3488484
3488488
3488496
3488534
3488540
3488550
3488556
3488582
3488588
3488596
3488612
3488646
3488649
3488650
3488652
3488657
3488658
3488660
3488664
3488673
3488674
3488676
3488680
3488688
3488706
3488712
3488720
3488736
3488791
3488795
3488797
3488798
3488822
3488826
3488828
3488839
3488843
3488845
3488846
3488851
3488853
3488854
3488857
3488858
3488860
3488867
3488870
3488874
3488876
3488881
3488882
3488884
3488888
3488903
3488907
3488909
3488910
3488915
3488917
3488918
3488921
3488922
3488924
3488934
3488937
3488938
3488940
3488945
3488946
3488948
3488952
3488963
3488966
3488969
3488970
3488972
3488977
3488978
3488980
3488984
3488994
3489000
3489008
3489046
3489050
3489052
3489062
3489066
3489068
3489091
3489094
3489098
3489100
3489105
3489106
3489108
3489112
3489121
3489122
3489124
3489128
3489136
3489158
3489161
3489162
3489164
3489169
3489170
3489172
3489176
3489185
3489186
3489188
3489192
3489200
3489218
3489224
3489232
3489248
3489302
3489305
3489306
3489308
3489318
3489321
3489322
3489324
3489336
3489347
3489350
3489354
3489356
3489361
3489362
3489364
3489368
3489377
3489378
3489380
3489384
3489392
3489414
3489417
3489418
3489420
3489425
3489426
3489428
3489432
3489441
3489442
3489444
3489448
3489456
3489474
3489480
3489488
3489504
3489602
3489616
3489632
3489672
3489680
3489696
3493983
3494007
3494013
3494103
3494109
3494133
3494134
3494231
3494235
3494237
3494238
3494247
3494251
3494253
3494254
3494259
3494261
3494262
3494265
3494266
3494268
3494357
3494358
3494361
3494362
3494364
3494373
3494374
3494377
3494378
3494388
3494392
3494679
3494683
3494685
3494686
3494695
3494701
3494707
3494709
3494710
3494713
3494714
3494716
3494739
3494741
3494742
3494748
3494769
3494772
3494805
3494806
3494809
3494810
3494812
3494821
3494822
3494836
3494840
3494868
3494999
3495003
3495005
3495006
3495027
3495029
3495030
3495033
3495034
3495063
3495067
3495069
3495070
3495093
3495094
3495097
3495098
3495123
3495125
3495126
3495129
3495130
3495132
3495153
3495154
3495251
3495253
3495254
3495257
3495258
3495260
3495267
3495269
3495270
3495273
3495274
3495281
3495282
3495284
3495288
3495317
3495318
3495321
3495322
3495324
3495333
3495334
3495337
3495338
3495348
3495352
3495377
3495378
3495380
3495384
3495393
3495394
3495408
3495475
3495477
3495478
3495481
3495482
3495507
3495509
3495510
3495513
3495514
3495516
3495537
3495538
3495540
3495544
3495573
3495574
3495577
3495578
3495580
3495601
3495602
3495604
3495608
3495633
3495634
3495636
3495640
3495664
3495699
3495701
3495702
3495705
3495706
3495708
3495715
3495717
3495718
3495721
3495722
3495729
3495730
3495732
3495736
3495747
3495749
3495750
3495753
3495754
3495756
3495761
3495762
3495764
3495768
3495777
3495778
3495780
3495784
3495792
3495813
3495814
3495817
3495818
3495820
3495825
3495826
3495828
3495832
3495841
3495842
3495844
3495848
3495856
3495873
3495874
3495876
3495880
3495888
3495904
3496983
3496987
3496989
3496990
3497011
3497013
3497014
3497017
3497018
3497043
3497045
3497046
3497052
3497073
3497095
3497101
3497107
3497109
3497110
3497113
3497114
3497116
3497125
3497126
3497137
3497138
3497169
3497172
3497235
3497237
3497238
3497241
3497242
3497244
3497251
3497253
3497254
3497257
3497258
3497265
3497266
3497268
3497272
3497283
3497285
3497286
3497289
3497290
3497292
3497297
3497298
3497300
3497304
3497313
3497314
3497316
3497320
3497328
3497349
3497350
3497353
3497354
3497356
3497361
3497362
3497364
3497368
3497377
3497378
3497380
3497384
3497392
3497409
3497410
3497412
3497416
3497424
3497440
3497745
3497746
3497748
3497752
3497761
3497776
3497808
3497860
3497872
3502167
3502173
3502195
3502197
3502198
3502204
3502293
3502294
3502300
3502324
3502419
3502421
3502422
3502425
3502426
3502428
3502435
3502437
3502438
3502441
3502442
3502444
3502449
3502450
3502452
3502456
3502548
3502552
3502564
3502568
3502867
3502869
3502870
3502873
3502874
3502876
3502883
3502885
3502886
3502892
3502897
3502898
3502900
3502904
3502929
3502932
3502960
3502996
3503000
3503012
3503187
3503189
3503190
3503193
3503194
3503196
3503217
3503218
3503220
3503224
3503253
3503254
3503257
3503258
3503260
3503284
3503288
3503313
3503314
3503316
3503320
3503344
3503441
3503442
3503444
3503448
3503457
3503458
3503460
3503464
3503472
3503508
3503512
3503524
3503528
3503568
3503584
3503665
3503666
3503668
3503672
3503697
3503698
3503700
3503704
3503728
3503764
3503768
3503792
3503824
3503889
3503890
3503892
3503896
3503905
3503906
3503908
3503912
3503920
3503937
3503938
3503940
3503944
3503952
3503968
3504004
3504008
3504016
3504032
3504064
3505171
3505173
3505174
3505177
3505178
3505180
3505201
3505202
3505204
3505208
3505233
3505236
3505264
3505285
3505286
3505292
3505297
3505298
3505300
3505304
3505316
3505328
3505360
3505425
3505426
3505428
3505432
3505441
3505442
3505444
3505448
3505456
3505473
3505474
3505476
3505480
3505488
3505504
3505540
3505544
3505552
3505568
3505600
3505936
3505952
3510367
3510391
3510395
3510397
3510398
3510487
3510491
3510493
3510494
3510615
3510619
3510621
3510622
3510631
3510635
3510637
3510638
3510646
3510650
3510652
3510748
3510839
3510843
3510845
3510846
3510871
3510875
3510877
3510878
3510901
3510905
3510908
3510969
3511004
3511063
3511067
3511069
3511070
3511079
3511083
3511085
3511086
3511094
3511097
3511098
3511100
3511111
3511115
3511117
3511118
3511125
3511126
3511129
3511130
3511132
3511141
3511145
3511148
3511156
3511160
3511193
3511196
3511209
3511224
3511244
3511252
3511256
3511383
3511387
3511389
3511390
3511447
3511451
3511453
3511454
3511481
3511507
3511513
3511514
3511516
3511644
3511705
3511708
3511721
3511736
3511768
3511865
3511900
3511961
3511964
3511985
3511992
3512024
3512089
3512092
3512105
3512120
3512140
3512148
3512152
3512201
3512204
3512209
3512212
3512216
3512225
3512232
3512240
3512264
3512272
3512407
3512411
3512413
3512414
3512519
3512523
3512525
3512526
3512531
3512533
3512534
3512540
3512668
3512780
3512788
3512889
3512924
3513001
3513009
3513036
3513044
3513113
3513116
3513129
3513144
3513164
3513172
3513176
3513225
3513228
3513233
3513236
3513240
3513249
3513256
3513264
3513288
3513296
3513367
3513371
3513373
3513374
3513401
3513415
3513419
3513421
3513422
3513429
3513430
3513433
3513434
3513436
3513479
3513483
3513485
3513486
3513491
3513493
3513494
3513497
3513500
3513513
3513521
3513539
3513545
3513546
3513548
3513553
3513554
3513556
3513560
3513625
3513628
3513641
3513656
3513676
3513684
3513688
3513737
3513740
3513745
3513748
3513752
3513761
3513768
3513776
3513800
3513808
3513881
3513884
3513897
3513912
3513932
3513940
3513944
3513993
3513996
3514001
3514004
3514008
3514017
3514024
3514032
3514056
3514064
3514136
3514248
3514256
3514463
3514487
3514493
3514583
3514589
3514711
3514715
3514717
3514718
3514727
3514731
3514733
3514734
3514742
3514746
3514748
3514854
3515159
3515163
3515165
3515166
3515175
3515181
3515190
3515193
3515194
3515196
3515221
3515222
3515252
3515289
3515302
3515320
3515479
3515483
3515485
3515486
3515543
3515547
3515549
3515550
3515577
3515603
3515609
3515610
3515750
3515801
3515814
3515817
3515832
3515874
3515961
3516057
3516081
3516088
3516185
3516198
3516201
3516216
3516230
3516260
3516294
3516297
3516305
3516321
3516322
3516324
3516328
3516336
3516354
3516384
3517463
3517467
3517469
3517470
3517497
3517525
3517526
3517575
3517581
3517587
3517589
3517590
3517593
3517606
3517617
3517649
3517721
3517734
3517737
3517752
3517766
3517796
3517830
3517833
3517841
3517857
3517858
3517860
3517864
3517872
3517890
3517920
3518368
3518551
3518555
3518557
3518558
3518582
3518586
3518588
3518678
3518682
3518684
3518806
3518810
3518812
3518822
3518826
3518828
3519030
3519033
3519034
3519036
3519062
3519066
3519068
3519092
3519096
3519160
3519254
3519257
3519258
3519260
3519270
3519273
3519274
3519276
3519288
3519302
3519306
3519308
3519316
3519320
3519332
3519336
3519384
3519400
3519574
3519578
3519580
3519638
3519641
3519642
3519644
3519672
3519698
3519704
3519896
3519912
3520056
3520152
3520176
3520280
3520296
3520392
3520400
3520416
3520598
3520602
3520604
3520710
3520714
3520716
3520722
3520724
3521080
3521192
3521200
3521304
3521320
3521416
3521424
3521440
3521558
3521561
3521562
3521564
3521592
3521606
3521610
3521612
3521620
3521624
3521670
3521673
3521674
3521676
3521681
3521682
3521684
3521688
3521704
3521712
3521730
3521736
3521744
3521816
3521832
3521928
3521936
3521952
3522072
3522088
3522184
3522192
3522208
3526743
3526749
3526773
3526774
3526869
3526870
3526876
3526997
3526998
3527001
3527002
3527004
3527013
3527014
3527017
3527018
3527028
3527032
3527124
3527128
3527445
3527446
3527449
3527450
3527452
3527461
3527462
3527476
3527480
3527508
3527572
3527576
3527765
3527766
3527769
3527770
3527772
3527829
3527830
3527833
3527834
3527836
3527889
3527890
3527892
3527896
3528020
3528024
3528084
3528088
3528144
3528276
3528280
3528340
3528344
3528400
3528468
3528472
3528516
3528520
3528580
3528584
3528592
3528640
3529749
3529750
3529753
3529754
3529756
3529812
3529861
3529862
3529868
3529873
3529874
3529876
3529880
3529936
3530004
3530008
3530052
3530056
3530116
3530120
3530128
3530176
3534933
3534934
3534940
3534964
3535060
3535188
3535192
3535204
3535208
3535636
3535640
3535652
3535956
3535960
3536020
3536024
3536080
3537940
3537944
3538052
3538064
3608695
3608701
3608702
3608919
3608925
3608926
3608935
3608941
3608942
3608950
3608956
3609052
3609143
3609149
3609150
3609175
3609181
3609182
3609205
3609212
3609273
3609308
3609367
3609373
3609374
3609383
3609389
3609390
3609398
3609404
3609415
3609421
3609422
3609429
3609430
3609436
3609445
3609452
3609460
3609497
3609500
3609513
3609528
3609548
3609556
3609560
3609715
3609785
3609939
3609948
3609955
3609970
3610009
3610012
3610025
3610040
3610072
3610195
3610204
3610225
3610265
3610268
3610289
3610296
3610328
3610396
3610435
3610444
3610449
3610450
3610452
3610456
3610465
3610480
3610505
3610508
3610513
3610516
3610520
3610529
3610536
3610544
3610568
3610576
3610972
3611084
3611092
3611228
3611305
3611313
3611340
3611348
3611420
3611468
3611476
3611529
3611532
3611537
3611540
3611544
3611553
3611560
3611568
3611592
3611600
3611747
3611761
3611762
3611817
3611825
3611932
3611971
3611980
3611985
3611986
3611988
3611992
3612001
3612016
3612041
3612044
3612049
3612052
3612056
3612065
3612072
3612080
3612104
3612112
3612188
3612227
3612236
3612241
3612242
3612244
3612248
3612257
3612272
3612297
3612300
3612305
3612308
3612312
3612321
3612328
3612336
3612360
3612368
3612496
3612552
3612560
3612797
3613021
3613022
3613037
3613038
3613052
3613158
3613469
3613470
3613485
3613500
3613593
3613606
3613624
3613881
3614105
3614118
3614121
3614136
3614178
3614361
3614385
3614392
3614598
3614601
3614609
3614625
3614626
3614628
3614632
3614640
3614658
3614688
3615857
3615910
3615921
3616081
3616082
3616112
3616134
3616137
3616145
3616161
3616162
3616164
3616168
3616176
3616194
3616224
3616672
3616886
3616892
3617110
3617116
3617126
3617132
3617334
3617340
3617366
3617372
3617396
3617464
3617558
3617564
3617574
3617580
3617606
3617612
3617620
3617636
3617688
3617704
3617906
3617976
3618130
3618146
3618200
3618216
3618386
3618416
3618456
3618480
3618626
3618640
3618656
3618696
3618704
3618720
3619496
3619504
3619720
3619728
3619744
3619938
3619952
3620008
3620016
3620162
3620176
3620192
3620232
3620240
3620256
3620418
3620432
3620448
3620488
3620496
3620512
3625075
3625077
3625078
3625299
3625301
3625302
3625305
3625306
3625308
3625315
3625317
3625318
3625321
3625322
3625329
3625330
3625332
3625336
3625428
3625432
3625747
3625749
3625750
3625753
3625754
3625756
3625763
3625765
3625766
3625777
3625778
3625780
3625784
3625809
3625812
3625840
3625876
3625880
3626097
3626098
3626321
3626322
3626324
3626328
3626337
3626338
3626352
3626388
3626392
3626448
3626545
3626546
3626577
3626578
3626580
3626584
3626608
3626644
3626648
3626704
3626769
3626770
3626772
3626776
3626785
3626786
3626800
3626817
3626818
3626820
3626824
3626832
3626848
3626884
3626888
3626896
3626944
3628081
3628082
3628305
3628306
3628308
3628312
3628321
3628322
3628336
3628353
3628354
3628356
3628360
3628368
3628384
3628420
3628424
3628432
3628480
3628816
3633265
3633268
3633489
3633490
3633492
3633496
3633505
3633506
3633508
3633512
3633520
3633937
3633938
3633940
3633944
3633953
3633956
3633968
3634000
3634288
3634512
3634528
3634736
3634768
3634960
3634976
3635008
3636272
3636496
3636512
3636544
3641692
3641913
3641948
3642137
3642140
3642153
3642168
3642188
3642196
3642200
3642264
3642776
3643032
3643160
3643272
3643280
3644184
3644296
3644304
3644696
3644808
3644816
3644952
3645064
3645072
3645798
3646233
3646246
3646264
3647392
3648928
3650104
3650328
3650344
3658068
3658072
3658516
3658520
3674559
3674591
3674607
3674615
3674619
3674621
3674622
3674815
3674847
3674863
3674871
3674875
3674877
3674878
3675039
3675055
3675063
3675067
3675069
3675070
3675087
3675095
3675099
3675101
3675102
3675111
3675115
3675117
3675118
3675125
3675126
3675129
3675130
3675132
3675487
3675503
3675511
3675515
3675517
3675518
3675551
3675567
3675575
3675579
3675581
3675582
3675607
3675611
3675613
3675614
3675623
3675627
3675629
3675630
3675635
3675638
3675641
3675642
3675644
3675711
3675743
3675759
3675767
3675771
3675773
3675774
3675807
3675823
3675831
3675835
3675837
3675838
3675855
3675863
3675867
3675869
3675870
3675879
3675883
3675885
3675886
3675891
3675893
3675897
3675898
3675900
3675935
3675951
3675959
3675963
3675965
3675966
3675983
3675991
3675995
3675997
3675998
3676007
3676011
3676013
3676014
3676019
3676021
3676022
3676025
3676026
3676028
3676047
3676055
3676059
3676061
3676062
3676071
3676075
3676077
3676078
3676083
3676085
3676086
3676089
3676090
3676092
3676103
3676107
3676109
3676110
3676115
3676117
3676118
3676121
3676122
3676124
3676131
3676133
3676137
3676138
3676140
3676145
3676146
3676148
3676152
3676479
3676511
3676527
3676535
3676539
3676541
3676542
3676575
3676591
3676599
3676603
3676605
3676606
3676623
3676631
3676635
3676637
3676638
3676647
3676651
3676653
3676654
3676659
3676661
3676662
3676666
3676668
3676735
3676767
3676791
3676795
3676797
3676798
3676847
3676855
3676859
3676861
3676862
3676879
3676887
3676891
3676893
3676894
3676903
3676907
3676909
3676910
3676915
3676917
3676918
3676921
3676924
3676959
3676975
3676983
3676989
3676990
3677007
3677015
3677019
3677021
3677022
3677031
3677035
3677037
3677038
3677043
3677045
3677046
3677049
3677050
3677052
3677071
3677079
3677083
3677085
3677086
3677095
3677099
3677101
3677102
3677107
3677109
3677110
3677113
3677114
3677116
3677127
3677131
3677133
3677134
3677139
3677141
3677142
3677145
3677146
3677148
3677155
3677157
3677161
3677162
3677164
3677169
3677170
3677172
3677176
3677247
3677279
3677295
3677303
3677307
3677309
3677310
3677343
3677359
3677367
3677371
3677373
3677374
3677391
3677399
3677403
3677405
3677406
3677415
3677419
3677421
3677422
3677427
3677429
3677430
3677433
3677434
3677471
3677487
3677495
3677499
3677501
3677502
3677519
3677527
3677531
3677533
3677534
3677543
3677547
3677549
3677550
3677555
3677557
3677558
3677561
3677562
3677564
3677583
3677591
3677595
3677598
3677607
3677611
3677613
3677614
3677619
3677621
3677622
3677625
3677626
3677628
3677639
3677643
3677645
3677646
3677651
3677653
3677654
3677657
3677658
3677660
3677667
3677669
3677673
3677674
3677676
3677681
3677682
3677684
3677688
3677727
3677743
3677751
3677755
3677757
3677758
3677775
3677783
3677787
3677789
3677790
3677799
3677803
3677805
3677806
3677811
3677813
3677814
3677817
3677818
3677820
3677839
3677847
3677851
3677853
3677854
3677863
3677867
3677869
3677870
3677875
3677877
3677878
3677881
3677882
3677884
3677895
3677899
3677901
3677902
3677907
3677909
3677910
3677913
3677914
3677916
3677923
3677925
3677929
3677930
3677932
3677937
3677938
3677940
3677944
3677975
3677979
3677981
3677982
3677991
3677995
3677997
3677998
3678003
3678006
3678009
3678010
3678012
3678023
3678027
3678029
3678030
3678035
3678037
3678038
3678041
3678042
3678044
3678051
3678053
3678057
3678060
3678065
3678066
3678068
3678072
3678087
3678091
3678093
3678094
3678099
3678101
3678102
3678105
3678108
3678115
3678117
3678121
3678122
3678124
3678129
3678130
3678132
3678136
3678147
3678153
3678154
3678156
3678161
3678162
3678164
3678168
3678177
3678184
3678192
3678655
3678687
3678703
3678711
3678715
3678717
3678718
3679135
3679151
3679159
3679163
3679165
3679166
3679191
3679197
3679221
3679222
3679228
3679583
3679599
3679607
3679611
3679613
3679614
3679647
3679663
3679671
3679675
3679677
3679678
3679703
3679707
3679709
3679710
3679719
3679723
3679725
3679726
3679731
3679734
3679737
3679738
3679740
3679807
3679839
3679855
3679863
3679867
3679869
3679870
3679903
3679919
3679927
3679931
3679933
3679934
3679951
3679959
3679963
3679965
3679966
3679975
3679979
3679981
3679982
3679987
3679989
3679993
3679994
3679996
3680031
3680047
3680055
3680059
3680061
3680062
3680079
3680087
3680091
3680093
3680094
3680107
3680109
3680110
3680115
3680117
3680118
3680121
3680122
3680124
3680143
3680151
3680155
3680157
3680158
3680167
3680171
3680173
3680174
3680179
3680181
3680182
3680185
3680186
3680188
3680199
3680203
3680205
3680206
3680211
3680213
3680214
3680217
3680218
3680227
3680229
3680230
3680233
3680234
3680236
3680241
3680242
3680244
3680248
3681343
3681375
3681399
3681405
3681439
3681455
3681463
3681467
3681469
3681470
3681495
3681501
3681523
3681525
3681526
3681567
3681583
3681591
3681595
3681597
3681598
3681615
3681623
3681627
3681629
3681630
3681639
3681643
3681645
3681646
3681651
3681653
3681654
3681657
3681658
3681660
3681679
3681687
3681691
3681693
3681694
3681703
3681707
3681709
3681710
3681715
3681717
3681718
3681721
3681722
3681724
3681735
3681739
3681741
3681742
3681747
3681749
3681750
3681753
3681754
3681763
3681765
3681766
3681769
3681770
3681772
3681777
3681778
3681780
3681784
3682071
3682075
3682077
3682078
3682087
3682093
3682099
3682102
3682105
3682106
3682108
3682131
3682133
3682134
3682161
3682164
3682183
3682189
3682195
3682197
3682198
3682201
3682211
3682213
3682214
3682220
3682225
3682226
3682228
3682232
3682257
3682288
3682719
3682735
3682743
3682747
3682749
3682750
3682775
3682779
3682781
3682782
3682791
3682795
3682797
3682798
3682806
3682810
3682812
3682991
3682999
3683003
3683005
3683006
3683023
3683031
3683035
3683037
3683038
3683047
3683051
3683053
3683054
3683061
3683062
3683065
3683066
3683068
3683223
3683227
3683229
3683230
3683239
3683243
3683245
3683246
3683254
3683257
3683258
3683260
3683271
3683275
3683277
3683278
3683285
3683286
3683289
3683290
3683292
3683301
3683302
3683305
3683306
3683308
3683316
3683320
3683671
3683675
3683677
3683678
3683687
3683691
3683693
3683694
3683699
3683702
3683706
3683708
3683735
3683739
3683741
3683742
3683751
3683755
3683757
3683758
3683766
3683769
3683770
3683772
3683795
3683798
3683801
3683802
3683804
3683811
3683814
3683817
3683818
3683820
3683826
3683832
3683887
3683895
3683899
3683901
3683902
3683919
3683927
3683931
3683933
3683934
3683943
3683947
3683949
3683950
3683955
3683957
3683958
3683961
3683962
3683964
3683983
3683991
3683995
3683997
3683998
3684007
3684011
3684013
3684014
3684019
3684021
3684022
3684025
3684026
3684028
3684039
3684043
3684045
3684046
3684051
3684054
3684057
3684058
3684060
3684067
3684069
3684070
3684073
3684074
3684076
3684081
3684082
3684084
3684088
3684119
3684123
3684125
3684126
3684135
3684139
3684141
3684142
3684147
3684150
3684153
3684154
3684156
3684167
3684171
3684173
3684174
3684179
3684181
3684182
3684185
3684186
3684188
3684195
3684197
3684198
3684201
3684202
3684204
3684209
3684210
3684212
3684216
3684231
3684235
3684237
3684238
3684243
3684245
3684246
3684249
3684250
3684252
3684259
3684261
3684262
3684265
3684266
3684268
3684273
3684274
3684276
3684280
3684291
3684294
3684297
3684298
3684300
3684305
3684306
3684308
3684312
3684321
3684322
3684324
3684328
3684336
3684639
3684655
3684663
3684669
3684670
3684695
3684699
3684701
3684702
3684711
3684715
3684717
3684718
3684723
3684726
3684730
3684732
3684751
3684759
3684763
3684766
3684775
3684779
3684781
3684782
3684787
3684789
3684790
3684793
3684794
3684796
3684807
3684811
3684813
3684814
3684819
3684821
3684822
3684826
3684828
3684835
3684837
3684838
3684842
3684844
3684850
3684852
3684919
3684925
3684926
3684951
3684955
3684957
3684958
3684979
3684981
3684982
3684985
3684986
3684988
3685031
3685035
3685037
3685038
3685043
3685045
3685046
3685049
3685050
3685052
3685063
3685067
3685069
3685070
3685075
3685077
3685078
3685082
3685084
3685093
3685094
3685097
3685098
3685100
3685105
3685106
3685108
3685112
3685143
3685149
3685150
3685159
3685165
3685166
3685174
3685180
3685191
3685195
3685197
3685198
3685203
3685205
3685206
3685209
3685210
3685212
3685219
3685221
3685222
3685225
3685226
3685228
3685233
3685234
3685236
3685240
3685255
3685259
3685261
3685262
3685267
3685269
3685270
3685273
3685274
3685276
3685283
3685285
3685286
3685289
3685290
3685292
3685297
3685298
3685300
3685304
3685315
3685318
3685321
3685322
3685324
3685329
3685330
3685332
3685336
3685345
3685346
3685348
3685352
3685360
3685407
3685431
3685435
3685437
3685438
3685455
3685463
3685467
3685469
3685470
3685479
3685483
3685485
3685486
3685491
3685493
3685494
3685497
3685498
3685500
3685519
3685527
3685531
3685533
3685534
3685543
3685547
3685549
3685550
3685555
3685557
3685558
3685561
3685562
3685564
3685575
3685579
3685581
3685582
3685587
3685589
3685590
3685593
3685594
3685596
3685603
3685606
3685609
3685610
3685612
3685617
3685618
3685620
3685624
3685655
3685659
3685661
3685662
3685671
3685675
3685677
3685678
3685683
3685686
3685689
3685690
3685692
3685703
3685707
3685709
3685710
3685715
3685717
3685718
3685721
3685722
3685724
3685731
3685733
3685734
3685737
3685738
3685740
3685745
3685746
3685748
3685752
3685767
3685771
3685773
3685774
3685779
3685781
3685782
3685785
3685786
3685788
3685795
3685797
3685798
3685801
3685802
3685804
3685809
3685810
3685812
3685816
3685827
3685830
3685833
3685834
3685836
3685841
3685842
3685844
3685848
3685857
3685858
3685860
3685864
3685872
3685911
3685915
3685917
3685918
3685927
3685931
3685933
3685934
3685939
3685942
3685945
3685946
3685948
3685959
3685963
3685965
3685966
3685971
3685973
3685974
3685977
3685978
3685980
3685987
3685989
3685990
3685993
3685994
3685996
3686001
3686002
3686004
3686008
3686023
3686027
3686029
3686030
3686035
3686037
3686038
3686041
3686042
3686044
3686051
3686053
3686054
3686057
3686058
3686060
3686065
3686066
3686068
3686072
3686083
3686086
3686089
3686090
3686092
3686097
3686098
3686100
3686104
3686113
3686114
3686116
3686120
3686128
3686163
3686166
3686169
3686170
3686172
3686179
3686182
3686185
3686186
3686188
3686193
3686194
3686200
3686211
3686214
3686218
3686220
3686225
3686226
3686228
3686232
3686241
3686242
3686244
3686248
3686256
3686278
3686281
3686282
3686284
3686289
3686290
3686292
3686296
3686305
3686306
3686308
3686312
3686320
3686338
3686344
3686352
3686368
3690911
3690927
3690935
3690939
3690941
3690942
3690967
3690971
3690973
3690974
3690983
3690987
3690989
3690990
3690997
3690998
3691001
3691002
3691004
3691415
3691419
3691421
3691422
3691431
3691437
3691445
3691446
3691449
3691450
3691452
3691477
3691478
3691484
3691508
3691863
3691867
3691869
3691870
3691879
3691883
3691885
3691886
3691891
3691893
3691894
3691897
3691898
3691900
3691927
3691931
3691933
3691934
3691943
3691947
3691949
3691950
3691957
3691958
3691961
3691962
3691964
3691987
3691989
3691990
3691993
3691994
3691996
3692003
3692005
3692006
3692009
3692010
3692017
3692018
3692020
3692024
3692079
3692087
3692091
3692093
3692094
3692111
3692119
3692123
3692125
3692126
3692135
3692139
3692141
3692142
3692147
3692149
3692150
3692153
3692154
3692156
3692175
3692183
3692187
3692189
3692190
3692199
3692203
3692205
3692206
3692211
3692213
3692214
3692217
3692218
3692220
3692231
3692235
3692237
3692238
3692243
3692245
3692246
3692249
3692250
3692252
3692259
3692261
3692262
3692265
3692266
3692268
3692273
3692274
3692276
3692280
3692311
3692315
3692317
3692318
3692327
3692331
3692333
3692334
3692339
3692341
3692342
3692345
3692346
3692348
3692359
3692363
3692365
3692366
3692371
3692373
3692374
3692377
3692378
3692380
3692387
3692389
3692390
3692393
3692394
3692396
3692401
3692402
3692404
3692408
3692423
3692427
3692429
3692430
3692435
3692437
3692438
3692441
3692442
3692444
3692451
3692453
3692454
3692457
3692458
3692460
3692465
3692466
3692468
3692472
3692483
3692485
3692486
3692489
3692490
3692492
3692497
3692498
3692500
3692504
3692513
3692514
3692516
3692520
3692528
3693599
3693623
3693627
3693629
3693630
3693655
3693661
3693683
3693685
3693686
3693711
3693719
3693723
3693726
3693735
3693741
3693747
3693749
3693750
3693753
3693754
3693779
3693781
3693782
3693788
3693809
3693847
3693851
3693853
3693854
3693863
3693867
3693869
3693870
3693875
3693877
3693878
3693881
3693882
3693884
3693895
3693899
3693901
3693902
3693907
3693909
3693910
3693913
3693914
3693916
3693923
3693925
3693926
3693929
3693930
3693932
3693937
3693938
3693940
3693944
3693959
3693963
3693965
3693966
3693971
3693973
3693974
3693977
3693978
3693980
3693987
3693989
3693990
3693993
3693994
3693996
3694001
3694002
3694004
3694008
3694019
3694021
3694022
3694025
3694026
3694028
3694033
3694034
3694036
3694040
3694049
3694050
3694052
3694056
3694064
3694355
3694357
3694358
3694361
3694362
3694364
3694371
3694373
3694374
3694385
3694386
3694388
3694392
3694417
3694420
3694448
3694469
3694470
3694476
3694481
3694482
3694484
3694488
3694497
3694500
3694512
3694544
3699095
3699099
3699101
3699102
3699111
3699115
3699117
3699118
3699125
3699126
3699129
3699130
3699132
3699157
3699158
3699161
3699162
3699164
3699173
3699174
3699177
3699178
3699180
3699188
3699192
3699605
3699606
3699609
3699610
3699612
3699621
3699622
3699628
3699636
3699640
3699668
3700051
3700053
3700054
3700057
3700058
3700060
3700067
3700069
3700070
3700073
3700074
3700076
3700081
3700082
3700084
3700088
3700117
3700118
3700121
3700122
3700124
3700133
3700134
3700137
3700138
3700140
3700148
3700152
3700177
3700178
3700180
3700184
3700193
3700194
3700196
3700200
3700208
3700263
3700267
3700269
3700270
3700275
3700277
3700278
3700281
3700282
3700284
3700295
3700299
3700301
3700302
3700307
3700309
3700310
3700313
3700314
3700316
3700323
3700325
3700326
3700329
3700330
3700332
3700337
3700338
3700340
3700344
3700359
3700363
3700365
3700366
3700373
3700374
3700377
3700378
3700380
3700387
3700389
3700390
3700393
3700394
3700396
3700401
3700402
3700404
3700408
3700419
3700421
3700422
3700425
3700426
3700428
3700433
3700434
3700436
3700440
3700449
3700450
3700452
3700456
3700464
3700499
3700501
3700502
3700505
3700506
3700508
3700515
3700517
3700518
3700521
3700522
3700524
3700529
3700530
3700532
3700536
3700547
3700549
3700550
3700553
3700554
3700556
3700561
3700562
3700564
3700568
3700577
3700578
3700580
3700584
3700592
3700613
3700614
3700617
3700618
3700620
3700625
3700626
3700628
3700632
3700641
3700642
3700644
3700648
3700656
3700673
3700674
3700676
3700680
3700688
3700704
3701783
3701787
3701789
3701790
3701811
3701813
3701814
3701817
3701818
3701820
3701843
3701845
3701846
3701852
3701873
3701876
3701895
3701901
3701907
3701909
3701910
3701913
3701914
3701916
3701925
3701926
3701932
3701937
3701938
3701940
3701944
3701969
3701972
3702000
3702035
3702037
3702038
3702041
3702042
3702044
3702051
3702053
3702054
3702057
3702058
3702060
3702065
3702066
3702068
3702072
3702083
3702085
3702086
3702089
3702090
3702092
3702097
3702098
3702100
3702104
3702113
3702114
3702116
3702120
3702128
3702149
3702150
3702153
3702154
3702156
3702161
3702162
3702164
3702168
3702177
3702178
3702180
3702184
3702192
3702209
3702210
3702212
3702216
3702224
3702240
3702545
3702546
3702548
3702552
3702561
3702564
3702576
3702608
3702660
3702672
3702688
3707295
3707311
3707319
3707323
3707325
3707326
3707351
3707355
3707357
3707358
3707367
3707371
3707373
3707374
3707382
3707386
3707388
3707567
3707575
3707579
3707581
3707582
3707599
3707607
3707611
3707613
3707614
3707623
3707627
3707629
3707630
3707637
3707641
3707644
3707799
3707803
3707805
3707806
3707815
3707819
3707821
3707822
3707830
3707833
3707834
3707836
3707847
3707851
3707853
3707854
3707861
3707862
3707865
3707866
3707868
3707877
3707881
3707884
3707892
3707896
3708247
3708251
3708253
3708254
3708263
3708267
3708269
3708270
3708278
3708282
3708284
3708311
3708315
3708318
3708327
3708331
3708333
3708334
3708342
3708345
3708346
3708348
3708371
3708377
3708378
3708380
3708387
3708393
3708394
3708402
3708408
3708463
3708471
3708475
3708477
3708478
3708495
3708503
3708507
3708509
3708510
3708519
3708523
3708525
3708526
3708533
3708537
3708540
3708559
3708567
3708571
3708573
3708574
3708583
3708587
3708589
3708590
3708595
3708597
3708601
3708602
3708604
3708615
3708619
3708621
3708622
3708627
3708633
3708634
3708636
3708643
3708645
3708649
3708650
3708652
3708657
3708664
3708695
3708699
3708701
3708702
3708711
3708715
3708717
3708718
3708726
3708729
3708730
3708732
3708743
3708747
3708749
3708750
3708757
3708758
3708761
3708762
3708764
3708773
3708777
3708780
3708788
3708792
3708807
3708811
3708813
3708814
3708819
3708821
3708822
3708825
3708828
3708835
3708837
3708841
3708842
3708844
3708849
3708850
3708852
3708856
3708867
3708873
3708874
3708876
3708881
3708882
3708884
3708888
3708897
3708904
3708912
3709215
3709231
3709239
3709243
3709245
3709246
3709271
3709275
3709277
3709278
3709287
3709291
3709293
3709294
3709302
3709306
3709308
3709327
3709335
3709339
3709342
3709351
3709355
3709357
3709358
3709363
3709365
3709366
3709369
3709370
3709372
3709383
3709387
3709389
3709390
3709395
3709397
3709398
3709404
3709411
3709413
3709418
3709420
3709426
3709428
3709495
3709499
3709501
3709502
3709527
3709531
3709533
3709534
3709557
3709561
3709564
3709607
3709611
3709613
3709614
3709619
3709621
3709622
3709625
3709639
3709643
3709645
3709646
3709651
3709653
3709654
3709660
3709669
3709673
3709676
3709681
3709684
3709719
3709723
3709725
3709726
3709735
3709739
3709741
3709742
3709750
3709753
3709754
3709756
3709767
3709771
3709773
3709774
3709781
3709782
3709785
3709786
3709788
3709797
3709801
3709804
3709812
3709816
3709831
3709835
3709837
3709838
3709843
3709845
3709846
3709849
3709852
3709859
3709861
3709865
3709866
3709868
3709873
3709874
3709876
3709880
3709891
3709897
3709898
3709900
3709905
3709906
3709908
3709912
3709921
3709928
3709936
3709983
3710007
3710011
3710013
3710014
3710031
3710039
3710043
3710045
3710046
3710055
3710059
3710061
3710062
3710069
3710070
3710073
3710074
3710095
3710103
3710107
3710110
3710119
3710123
3710125
3710126
3710131
3710133
3710134
3710137
3710151
3710155
3710157
3710163
3710165
3710166
3710169
3710170
3710172
3710179
3710185
3710186
3710193
3710194
3710231
3710235
3710238
3710247
3710251
3710253
3710254
3710262
3710265
3710266
3710268
3710279
3710283
3710285
3710286
3710293
3710294
3710297
3710298
3710300
3710309
3710313
3710316
3710324
3710328
3710343
3710347
3710350
3710355
3710358
3710371
3710373
3710377
3710378
3710380
3710385
3710386
3710388
3710392
3710403
3710409
3710410
3710412
3710417
3710418
3710420
3710424
3710433
3710440
3710448
3710487
3710491
3710493
3710494
3710503
3710507
3710509
3710510
3710518
3710521
3710522
3710524
3710535
3710539
3710541
3710542
3710549
3710550
3710553
3710554
3710556
3710565
3710569
3710572
3710580
3710584
3710599
3710603
3710605
3710606
3710611
3710613
3710614
3710617
3710620
3710627
3710629
3710633
3710634
3710636
3710641
3710642
3710644
3710648
3710659
3710665
3710666
3710668
3710673
3710674
3710676
3710680
3710689
3710696
3710704
3710745
3710748
3710761
3710776
3710796
3710804
3710808
3710857
3710860
3710865
3710868
3710872
3710881
3710888
3710896
3710920
3710928
3711391
3711407
3711415
3711419
3711421
3711422
3711447
3711451
3711453
3711454
3711463
3711467
3711469
3711470
3711478
3711482
3711484
3711895
3711899
3711901
3711902
3711911
3711917
3711926
3711929
3711930
3711932
3711957
3711958
3711988
3712343
3712347
3712349
3712350
3712359
3712363
3712365
3712366
3712374
3712378
3712380
3712407
3712411
3712413
3712414
3712423
3712427
3712429
3712430
3712438
3712441
3712442
3712444
3712467
3712473
3712474
3712483
3712486
3712489
3712490
3712498
3712504
3712559
3712567
3712571
3712573
3712574
3712591
3712599
3712603
3712605
3712606
3712615
3712619
3712621
3712622
3712629
3712633
3712636
3712655
3712663
3712667
3712669
3712670
3712679
3712683
3712685
3712686
3712691
3712693
3712697
3712698
3712700
3712711
3712715
3712717
3712723
3712729
3712730
3712739
3712741
3712742
3712745
3712746
3712748
3712753
3712760
3712791
3712795
3712797
3712798
3712807
3712811
3712813
3712814
3712822
3712825
3712826
3712828
3712839
3712843
3712845
3712846
3712853
3712854
3712857
3712858
3712869
3712870
3712873
3712876
3712884
3712888
3712903
3712907
3712909
3712910
3712915
3712917
3712918
3712921
3712931
3712933
3712934
3712937
3712938
3712940
3712945
3712946
3712948
3712952
3712963
3712966
3712969
3712970
3712977
3712978
3712993
3712994
3712996
3713000
3713008
3714079
3714103
3714107
3714109
3714110
3714135
3714141
3714165
3714166
3714191
3714199
3714203
3714205
3714206
3714215
3714221
3714227
3714229
3714230
3714233
3714259
3714261
3714262
3714289
3714327
3714331
3714333
3714334
3714343
3714347
3714349
3714350
3714358
3714361
3714362
3714364
3714375
3714379
3714381
3714382
3714389
3714390
3714393
3714394
3714405
3714406
3714409
3714412
3714420
3714424
3714439
3714443
3714445
3714446
3714451
3714453
3714454
3714457
3714467
3714469
3714470
3714473
3714474
3714476
3714481
3714482
3714484
3714488
3714499
3714502
3714505
3714506
3714513
3714514
3714529
3714530
3714532
3714536
3714544
3714841
3714854
3714872
3714950
3714961
3714977
3714980
3714992
3715479
3715483
3715486
3715495
3715499
3715501
3715502
3715510
3715513
3715514
3715516
3715542
3715546
3715548
3715558
3715562
3715564
3715751
3715755
3715757
3715758
3715766
3715769
3715770
3715772
3715783
3715787
3715789
3715790
3715798
3715802
3715804
3715813
3715814
3715817
3715818
3715820
3715828
3715832
3715990
3715993
3715994
3715996
3716006
3716009
3716010
3716012
3716024
3716038
3716042
3716044
3716052
3716056
3716068
3716072
3716438
3716442
3716444
3716454
3716458
3716460
3716502
3716505
3716506
3716508
3716518
3716521
3716522
3716524
3716536
3716562
3716568
3716578
3716584
3716647
3716651
3716653
3716654
3716662
3716665
3716666
3716668
3716679
3716683
3716685
3716686
3716694
3716698
3716700
3716709
3716710
3716713
3716714
3716716
3716724
3716728
3716743
3716747
3716749
3716750
3716758
3716761
3716762
3716764
3716771
3716773
3716774
3716777
3716778
3716780
3716785
3716786
3716788
3716792
3716803
3716806
3716809
3716810
3716812
3716818
3716824
3716833
3716834
3716836
3716840
3716848
3716886
3716889
3716890
3716892
3716902
3716905
3716906
3716908
3716920
3716934
3716938
3716940
3716948
3716952
3716964
3716968
3716998
3717001
3717002
3717004
3717009
3717010
3717012
3717016
3717025
3717026
3717028
3717032
3717040
3717058
3717064
3717072
3717088
3717399
3717403
3717406
3717415
3717419
3717421
3717422
3717430
3717433
3717434
3717436
3717462
3717466
3717468
3717478
3717482
3717484
3717511
3717515
3717518
3717523
3717526
3717530
3717539
3717541
3717542
3717545
3717546
3717548
3717553
3717554
3717556
3717560
3717574
3717578
3717580
3717586
3717588
3717602
3717604
3717686
3717689
3717690
3717692
3717718
3717722
3717724
3717748
3717752
3717798
3717801
3717802
3717804
3717809
3717810
3717812
3717816
3717830
3717834
3717836
3717842
3717844
3717860
3717864
3717872
3717910
3717913
3717914
3717916
3717926
3717929
3717930
3717932
3717944
3717958
3717962
3717964
3717972
3717976
3717988
3717992
3718022
3718025
3718026
3718028
3718033
3718034
3718036
3718040
3718049
3718050
3718052
3718056
3718064
3718082
3718088
3718096
3718112
3718167
3718171
3718173
3718174
3718198
3718201
3718202
3718204
3718215
3718219
3718221
3718222
3718229
3718230
3718233
3718234
3718236
3718246
3718250
3718252
3718260
3718264
3718279
3718283
3718285
3718286
3718291
3718293
3718294
3718298
3718310
3718313
3718314
3718316
3718321
3718322
3718324
3718328
3718339
3718342
3718345
3718346
3718348
3718353
3718354
3718356
3718360
3718370
3718376
3718384
3718422
3718425
3718426
3718428
3718438
3718441
3718442
3718444
3718456
3718470
3718474
3718476
3718484
3718488
3718500
3718504
3718534
3718537
3718538
3718540
3718545
3718546
3718548
3718552
3718561
3718562
3718564
3718568
3718576
3718594
3718600
3718608
3718624
3718678
3718681
3718682
3718684
3718694
3718697
3718698
3718700
3718712
3718726
3718730
3718732
3718740
3718744
3718756
3718760
3718790
3718793
3718794
3718796
3718801
3718802
3718804
3718808
3718817
3718818
3718820
3718824
3718832
3718850
3718856
3718864
3718880
3718936
3718952
3719048
3719056
3719072
3723671
3723675
3723677
3723678
3723687
3723691
3723693
3723694
3723701
3723702
3723705
3723706
3723708
3723733
3723734
3723737
3723738
3723740
3723749
3723750
3723753
3723754
3723764
3723768
3724181
3724182
3724185
3724186
3724188
3724197
3724198
3724212
3724216
3724244
3724629
3724630
3724633
3724634
3724636
3724645
3724646
3724649
3724650
3724660
3724664
3724693
3724694
3724697
3724698
3724700
3724709
3724710
3724713
3724714
3724724
3724728
3724753
3724754
3724756
3724760
3724769
3724770
3724784
3724839
3724843
3724845
3724846
3724853
3724854
3724857
3724858
3724871
3724875
3724877
3724878
3724885
3724886
3724889
3724890
3724892
3724901
3724902
3724905
3724906
3724908
3724916
3724920
3724935
3724939
3724941
3724949
3724950
3724953
3724954
3724956
3724963
3724965
3724966
3724969
3724970
3724972
3724977
3724978
3724980
3724984
3724995
3724997
3725001
3725002
3725009
3725010
3725012
3725016
3725025
3725026
3725028
3725032
3725040
3725077
3725078
3725081
3725082
3725084
3725093
3725094
3725097
3725098
3725108
3725112
3725125
3725126
3725129
3725130
3725132
3725140
3725144
3725156
3725160
3725189
3725190
3725193
3725194
3725196
3725201
3725202
3725204
3725208
3725217
3725218
3725220
3725224
3725232
3725249
3725250
3725252
3725256
3725264
3725280
3726359
3726363
3726366
3726389
3726390
3726393
3726394
3726421
3726422
3726428
3726471
3726483
3726486
3726490
3726501
3726502
3726513
3726514
3726545
3726548
3726613
3726614
3726617
3726618
3726620
3726629
3726630
3726633
3726634
3726644
3726648
3726661
3726662
3726665
3726666
3726668
3726676
3726680
3726692
3726696
3726725
3726726
3726729
3726730
3726732
3726737
3726738
3726740
3726744
3726753
3726754
3726756
3726760
3726768
3726785
3726786
3726788
3726792
3726800
3726816
3727124
3727128
3727236
3727248
3731861
3731862
3731865
3731866
3731868
3731877
3731878
3731881
3731882
3731884
3731892
3731896
3731924
3731928
3731940
3731944
3732372
3732376
3732388
3732820
3732824
3732836
3732840
3732884
3732888
3732900
3732904
3732944
3732960
3733029
3733030
3733033
3733034
3733036
3733044
3733048
3733061
3733062
3733065
3733066
3733068
3733076
3733080
3733092
3733096
3733125
3733126
3733129
3733130
3733132
3733140
3733144
3733153
3733154
3733156
3733160
3733168
3733185
3733186
3733188
3733192
3733200
3733216
3733268
3733272
3733284
3733288
3733316
3733320
3733380
3733384
3733392
3733408
3733440
3734549
3734550
3734553
3734554
3734556
3734580
3734584
3734612
3734661
3734662
3734668
3734673
3734674
3734676
3734680
3734692
3734704
3734736
3734804
3734808
3734820
3734824
3734852
3734856
3734916
3734920
3734928
3734944
3734976
3739839
3739871
3739895
3739899
3739901
3739902
3740063
3740079
3740087
3740091
3740093
3740094
3740119
3740123
3740125
3740126
3740135
3740139
3740141
3740142
3740150
3740154
3740156
3740343
3740347
3740349
3740350
3740375
3740379
3740381
3740382
3740405
3740409
3740412
3740567
3740571
3740573
3740574
3740583
3740587
3740589
3740590
3740598
3740601
3740602
3740604
3740615
3740619
3740621
3740622
3740629
3740630
3740633
3740634
3740636
3740645
3740649
3740652
3740660
3740664
3740767
3740791
3740795
3740797
3740798
3740831
3740855
3740859
3740861
3740862
3740887
3740891
3740893
3740894
3740915
3740921
3740922
3741015
3741019
3741021
3741022
3741031
3741035
3741037
3741038
3741043
3741046
3741050
3741052
3741079
3741083
3741086
3741095
3741099
3741101
3741102
3741110
3741113
3741114
3741116
3741139
3741145
3741146
3741148
3741155
3741161
3741162
3741170
3741176
3741239
3741243
3741245
3741246
3741271
3741275
3741277
3741278
3741299
3741301
3741305
3741308
3741335
3741339
3741341
3741342
3741363
3741365
3741369
3741370
3741372
3741395
3741401
3741402
3741404
3741425
3741432
3741463
3741467
3741469
3741470
3741479
3741483
3741485
3741486
3741491
3741494
3741497
3741498
3741500
3741511
3741515
3741517
3741518
3741523
3741525
3741526
3741529
3741530
3741532
3741539
3741541
3741545
3741548
3741553
3741554
3741556
3741560
3741575
3741579
3741581
3741582
3741587
3741589
3741590
3741593
3741596
3741603
3741605
3741609
3741610
3741612
3741617
3741618
3741620
3741624
3741635
3741641
3741642
3741644
3741649
3741650
3741652
3741656
3741665
3741672
3741680
3741759
3741791
3741815
3741819
3741821
3741822
3741855
3741871
3741879
3741883
3741885
3741886
3741903
3741911
3741915
3741917
3741918
3741927
3741931
3741933
3741934
3741939
3741941
3741942
3741983
3741999
3742007
3742013
3742014
3742039
3742043
3742045
3742046
3742055
3742059
3742061
3742062
3742067
3742070
3742074
3742076
3742095
3742103
3742107
3742110
3742119
3742123
3742125
3742126
3742131
3742133
3742134
3742138
3742140
3742151
3742155
3742157
3742158
3742163
3742165
3742166
3742172
3742179
3742181
3742186
3742188
3742194
3742196
3742263
3742269
3742270
3742295
3742299
3742301
3742302
3742323
3742325
3742329
3742332
3742375
3742379
3742381
3742382
3742387
3742389
3742390
3742393
3742407
3742411
3742413
3742414
3742419
3742421
3742422
3742428
3742437
3742441
3742444
3742449
3742452
3742487
3742493
3742494
3742503
3742509
3742510
3742518
3742524
3742535
3742539
3742541
3742542
3742547
3742549
3742550
3742553
3742554
3742556
3742563
3742565
3742569
3742572
3742577
3742578
3742580
3742584
3742599
3742603
3742605
3742606
3742611
3742613
3742614
3742617
3742620
3742627
3742629
3742633
3742634
3742636
3742641
3742642
3742644
3742648
3742659
3742665
3742666
3742668
3742673
3742674
3742676
3742680
3742689
3742696
3742704
3742751
3742775
3742779
3742781
3742782
3742799
3742807
3742811
3742813
3742814
3742823
3742827
3742829
3742830
3742835
3742837
3742838
3742841
3742842
3742863
3742871
3742875
3742878
3742887
3742891
3742893
3742894
3742899
3742901
3742902
3742905
3742919
3742923
3742925
3742926
3742931
3742933
3742934
3742937
3742938
3742940
3742947
3742953
3742954
3742961
3742962
3742999
3743003
3743006
3743015
3743019
3743021
3743022
3743027
3743030
3743033
3743034
3743036
3743047
3743051
3743053
3743054
3743059
3743061
3743062
3743065
3743066
3743068
3743075
3743077
3743081
3743084
3743089
3743090
3743092
3743096
3743111
3743115
3743118
3743123
3743126
3743139
3743141
3743145
3743146
3743148
3743153
3743154
3743156
3743160
3743171
3743177
3743178
3743180
3743185
3743186
3743188
3743192
3743201
3743208
3743216
3743255
3743259
3743261
3743262
3743271
3743275
3743277
3743278
3743283
3743286
3743289
3743290
3743292
3743303
3743307
3743309
3743310
3743315
3743317
3743318
3743321
3743322
3743324
3743331
3743333
3743337
3743340
3743345
3743346
3743348
3743352
3743367
3743371
3743373
3743374
3743379
3743381
3743382
3743385
3743388
3743395
3743397
3743401
3743402
3743404
3743409
3743410
3743412
3743416
3743427
3743433
3743434
3743436
3743441
3743442
3743444
3743448
3743457
3743464
3743472
3743507
3743513
3743516
3743523
3743529
3743538
3743544
3743555
3743564
3743569
3743570
3743572
3743576
3743585
3743600
3743625
3743628
3743633
3743636
3743640
3743649
3743656
3743664
3743688
3743696
3743935
3743967
3743991
3743995
3743997
3743998
3744159
3744175
3744183
3744189
3744190
3744215
3744219
3744221
3744222
3744231
3744235
3744237
3744238
3744246
3744250
3744252
3744439
3744443
3744445
3744446
3744471
3744475
3744477
3744478
3744501
3744505
3744508
3744663
3744667
3744669
3744670
3744679
3744683
3744685
3744686
3744694
3744697
3744698
3744700
3744711
3744715
3744717
3744718
3744725
3744726
3744729
3744730
3744741
3744742
3744745
3744748
3744756
3744760
3744863
3744887
3744891
3744893
3744894
3744927
3744951
3744955
3744957
3744958
3744983
3744987
3744989
3744990
3745011
3745017
3745018
3745111
3745115
3745117
3745118
3745127
3745131
3745133
3745134
3745139
3745142
3745146
3745148
3745175
3745179
3745181
3745182
3745191
3745195
3745197
3745198
3745206
3745209
3745210
3745212
3745235
3745241
3745242
3745251
3745254
3745257
3745258
3745266
3745272
3745335
3745339
3745341
3745342
3745367
3745371
3745373
3745374
3745395
3745397
3745401
3745404
3745431
3745435
3745437
3745438
3745459
3745461
3745465
3745466
3745468
3745491
3745497
3745498
3745521
3745528
3745559
3745563
3745565
3745566
3745575
3745579
3745581
3745582
3745590
3745593
3745594
3745596
3745607
3745611
3745613
3745614
3745619
3745621
3745622
3745625
3745626
3745635
3745637
3745638
3745641
3745644
3745649
3745650
3745652
3745656
3745671
3745675
3745677
3745678
3745683
3745685
3745686
3745689
3745699
3745701
3745702
3745705
3745706
3745708
3745713
3745714
3745716
3745720
3745731
3745734
3745737
3745738
3745745
3745746
3745761
3745762
3745764
3745768
3745776
3745855
3745887
3745911
3745915
3745917
3745918
3745951
3745967
3745975
3745979
3745981
3745982
3745999
3746007
3746011
3746013
3746014
3746023
3746027
3746029
3746030
3746035
3746037
3746038
3746079
3746095
3746103
3746109
3746110
3746135
3746139
3746141
3746142
3746151
3746155
3746157
3746158
3746163
3746166
3746170
3746172
3746191
3746199
3746203
3746206
3746215
3746219
3746221
3746222
3746227
3746229
3746230
3746234
3746236
3746247
3746251
3746253
3746254
3746259
3746261
3746262
3746275
3746277
3746278
3746282
3746284
3746290
3746292
3746359
3746365
3746366
3746391
3746395
3746397
3746398
3746419
3746421
3746425
3746428
3746471
3746475
3746477
3746478
3746483
3746485
3746486
3746489
3746503
3746507
3746509
3746510
3746515
3746517
3746518
3746533
3746534
3746537
3746540
3746545
3746548
3746583
3746589
3746590
3746599
3746605
3746606
3746614
3746620
3746631
3746635
3746637
3746638
3746643
3746645
3746646
3746649
3746650
3746659
3746661
3746662
3746665
3746668
3746673
3746674
3746676
3746680
3746695
3746699
3746701
3746702
3746707
3746709
3746710
3746713
3746723
3746725
3746726
3746729
3746730
3746732
3746737
3746738
3746740
3746744
3746755
3746758
3746761
3746762
3746769
3746770
3746785
3746786
3746788
3746792
3746800
3746847
3746871
3746875
3746877
3746878
3746895
3746903
3746907
3746909
3746910
3746919
3746923
3746925
3746926
3746931
3746933
3746934
3746937
3746938
3746959
3746967
3746971
3746974
3746983
3746987
3746989
3746990
3746995
3746997
3746998
3747001
3747015
3747019
3747021
3747022
3747027
3747029
3747030
3747033
3747034
3747043
3747046
3747049
3747050
3747057
3747058
3747095
3747099
3747101
3747102
3747111
3747115
3747117
3747118
3747123
3747126
3747129
3747130
3747132
3747143
3747147
3747149
3747150
3747155
3747157
3747158
3747161
3747162
3747171
3747173
3747174
3747177
3747180
3747185
3747186
3747188
3747192
3747207
3747211
3747213
3747214
3747219
3747221
3747222
3747225
3747235
3747237
3747238
3747241
3747242
3747244
3747249
3747250
3747252
3747256
3747267
3747270
3747273
3747274
3747281
3747282
3747297
3747298
3747300
3747304
3747312
3747351
3747355
3747357
3747358
3747367
3747371
3747373
3747374
3747379
3747382
3747385
3747386
3747388
3747399
3747403
3747405
3747406
3747411
3747413
3747414
3747417
3747418
3747427
3747429
3747430
3747433
3747436
3747441
3747442
3747444
3747448
3747463
3747467
3747469
3747470
3747475
3747477
3747478
3747481
3747491
3747493
3747494
3747497
3747498
3747500
3747505
3747506
3747508
3747512
3747523
3747526
3747529
3747530
3747537
3747538
3747553
3747554
3747556
3747560
3747568
3747603
3747609
3747619
3747622
3747625
3747634
3747640
3747651
3747654
3747665
3747666
3747681
3747682
3747684
3747696
3747718
3747721
3747729
3747745
3747746
3747748
3747752
3747760
3747778
3747808
3747999
3748023
3748029
3748030
3748055
3748059
3748061
3748062
3748086
3748090
3748092
3748247
3748254
3748263
3748269
3748270
3748278
3748284
3748310
3748314
3748316
3748326
3748330
3748332
3748534
3748537
3748538
3748540
3748566
3748570
3748572
3748596
3748600
3748758
3748761
3748762
3748764
3748774
3748777
3748778
3748780
3748792
3748806
3748810
3748812
3748820
3748824
3748836
3748840
3748951
3748955
3748957
3748958
3748979
3748982
3748986
3748988
3749015
3749019
3749022
3749046
3749049
3749050
3749052
3749075
3749078
3749081
3749082
3749084
3749106
3749112
3749203
3749206
3749210
3749212
3749219
3749222
3749226
3749228
3749234
3749270
3749273
3749274
3749276
3749286
3749289
3749290
3749292
3749304
3749330
3749336
3749346
3749352
3749430
3749433
3749434
3749436
3749459
3749462
3749466
3749468
3749489
3749490
3749492
3749496
3749526
3749529
3749530
3749532
3749553
3749554
3749556
3749560
3749586
3749592
3749616
3749654
3749657
3749658
3749660
3749670
3749673
3749674
3749676
3749688
3749699
3749702
3749706
3749708
3749713
3749714
3749716
3749720
3749729
3749730
3749732
3749736
3749744
3749766
3749769
3749770
3749772
3749777
3749778
3749780
3749784
3749793
3749794
3749796
3749800
3749808
3749826
3749832
3749840
3749856
3749919
3749943
3749949
3749950
3749975
3749979
3749981
3749982
3750003
3750006
3750010
3750012
3750031
3750039
3750043
3750046
3750055
3750059
3750061
3750062
3750069
3750070
3750074
3750076
3750087
3750091
3750093
3750094
3750099
3750101
3750102
3750106
3750108
3750118
3750122
3750124
3750130
3750132
3750167
3750174
3750183
3750189
3750190
3750198
3750204
3750227
3750230
3750234
3750236
3750243
3750246
3750250
3750252
3750258
3750279
3750286
3750294
3750309
3750310
3750314
3750316
3750324
3750342
3750346
3750348
3750354
3750356
3750370
3750372
3750454
3750460
3750483
3750486
3750490
3750492
3750513
3750514
3750516
3750520
3750566
3750569
3750570
3750572
3750577
3750578
3750580
3750584
3750598
3750602
3750604
3750610
3750612
3750628
3750632
3750640
3750678
3750684
3750694
3750700
3750723
3750726
3750730
3750732
3750737
3750738
3750740
3750744
3750753
3750754
3750756
3750760
3750768
3750790
3750793
3750794
3750796
3750801
3750802
3750804
3750808
3750817
3750818
3750820
3750824
3750832
3750850
3750856
3750864
3750880
3750935
3750939
3750942
3750966
3750969
3750970
3750972
3750983
3750987
3750989
3750990
3750995
3750997
3750998
3751001
3751002
3751004
3751011
3751014
3751018
3751020
3751025
3751026
3751028
3751032
3751047
3751051
3751054
3751059
3751062
3751066
3751078
3751081
3751082
3751084
3751089
3751090
3751092
3751096
3751107
3751110
3751113
3751114
3751116
3751121
3751122
3751124
3751128
3751138
3751144
3751152
3751190
3751193
3751194
3751196
3751206
3751209
3751210
3751212
3751224
3751235
3751238
3751242
3751244
3751249
3751250
3751252
3751256
3751265
3751266
3751268
3751272
3751280
3751302
3751305
3751306
3751308
3751313
3751314
3751316
3751329
3751330
3751332
3751336
3751344
3751362
3751368
3751376
3751392
3751443
3751446
3751449
3751450
3751452
3751459
3751462
3751465
3751466
3751468
3751474
3751480
3751491
3751494
3751498
3751500
3751505
3751506
3751508
3751512
3751521
3751522
3751524
3751528
3751536
3751558
3751561
3751562
3751564
3751569
3751570
3751572
3751576
3751585
3751586
3751588
3751592
3751600
3751618
3751624
3751632
3751648
3751704
3751720
3751746
3751760
3751776
3751816
3751824
3751840
3752127
3752159
3752183
3752187
3752189
3752190
3752351
3752367
3752375
3752379
3752381
3752382
3752407
3752411
3752413
3752414
3752423
3752427
3752429
3752430
3752438
3752442
3752444
3752631
3752635
3752637
3752638
3752663
3752667
3752669
3752670
3752693
3752697
3752700
3752855
3752859
3752861
3752862
3752871
3752875
3752877
3752878
3752886
3752890
3752892
3752903
3752907
3752909
3752910
3752917
3752918
3752921
3752922
3752924
3752933
3752934
3752937
3752940
3752948
3752952
3753055
3753079
3753083
3753085
3753086
3753119
3753143
3753147
3753149
3753150
3753175
3753179
3753181
3753182
3753203
3753209
3753210
3753303
3753307
3753309
3753310
3753319
3753323
3753325
3753326
3753331
3753334
3753338
3753340
3753367
3753371
3753373
3753374
3753383
3753387
3753389
3753390
3753398
3753402
3753404
3753427
3753433
3753434
3753436
3753443
3753446
3753449
3753450
3753458
3753464
3753527
3753531
3753533
3753534
3753559
3753563
3753565
3753566
3753587
3753589
3753593
3753596
3753623
3753627
3753629
3753630
3753651
3753653
3753658
3753660
3753683
3753689
3753690
3753692
3753713
3753720
3753751
3753755
3753757
3753758
3753767
3753771
3753773
3753774
3753779
3753782
3753786
3753788
3753799
3753803
3753805
3753806
3753811
3753813
3753814
3753817
3753818
3753820
3753827
3753829
3753830
3753833
3753836
3753841
3753842
3753844
3753848
3753863
3753867
3753869
3753870
3753875
3753877
3753878
3753884
3753891
3753893
3753894
3753898
3753900
3753906
3753908
3753923
3753926
3753929
3753930
3753932
3753937
3753938
3753940
3753944
3753953
3753954
3753956
3753960
3753968
3754047
3754079
3754103
3754107
3754109
3754110
3754143
3754159
3754167
3754171
3754173
3754174
3754191
3754199
3754203
3754205
3754206
3754215
3754219
3754221
3754222
3754227
3754229
3754230
3754271
3754287
3754295
3754299
3754301
3754302
3754327
3754331
3754333
3754334
3754343
3754347
3754349
3754350
3754355
3754358
3754362
3754364
3754383
3754391
3754395
3754398
3754407
3754411
3754413
3754414
3754419
3754421
3754422
3754426
3754428
3754439
3754443
3754445
3754446
3754451
3754453
3754454
3754460
3754467
3754469
3754470
3754474
3754476
3754482
3754484
3754551
3754555
3754557
3754558
3754583
3754587
3754589
3754590
3754611
3754613
3754617
3754620
3754663
3754667
3754669
3754670
3754675
3754677
3754678
3754695
3754699
3754701
3754702
3754707
3754709
3754710
3754716
3754725
3754726
3754729
3754732
3754737
3754740
3754775
3754779
3754781
3754782
3754791
3754795
3754797
3754798
3754803
3754806
3754810
3754812
3754823
3754827
3754829
3754830
3754835
3754837
3754838
3754841
3754842
3754844
3754851
3754853
3754854
3754857
3754860
3754865
3754866
3754868
3754872
3754887
3754891
3754893
3754894
3754899
3754901
3754902
3754908
3754915
3754917
3754918
3754922
3754924
3754930
3754932
3754947
3754950
3754953
3754954
3754956
3754961
3754962
3754964
3754968
3754977
3754978
3754980
3754984
3754992
3755039
3755063
3755067
3755069
3755070
3755087
3755095
3755099
3755101
3755102
3755111
3755115
3755117
3755118
3755123
3755125
3755126
3755129
3755130
3755151
3755159
3755163
3755166
3755175
3755179
3755181
3755182
3755187
3755189
3755190
3755207
3755211
3755213
3755214
3755219
3755221
3755222
3755225
3755226
3755228
3755235
3755238
3755241
3755242
3755249
3755250
3755287
3755291
3755293
3755294
3755303
3755307
3755309
3755310
3755315
3755318
3755322
3755324
3755335
3755339
3755341
3755342
3755347
3755349
3755350
3755353
3755354
3755356
3755363
3755365
3755366
3755369
3755372
3755377
3755378
3755380
3755384
3755399
3755403
3755405
3755406
3755411
3755413
3755414
3755420
3755427
3755429
3755430
3755434
3755436
3755442
3755444
3755459
3755462
3755465
3755466
3755468
3755473
3755474
3755476
3755480
3755489
3755490
3755492
3755496
3755504
3755543
3755547
3755549
3755550
3755559
3755563
3755565
3755566
3755571
3755574
3755578
3755580
3755591
3755595
3755597
3755598
3755603
3755605
3755606
3755609
3755610
3755612
3755619
3755621
3755622
3755625
3755628
3755633
3755634
3755636
3755640
3755655
3755659
3755661
3755662
3755667
3755669
3755670
3755676
3755683
3755685
3755686
3755690
3755692
3755698
3755700
3755715
3755718
3755721
3755722
3755724
3755729
3755730
3755732
3755736
3755745
3755746
3755748
3755752
3755760
3755795
3755804
3755811
3755814
3755826
3755843
3755846
3755852
3755857
3755858
3755860
3755864
3755873
3755874
3755876
3755888
3755910
3755916
3755924
3755938
3755940
3755970
3755972
3755976
3755984
3756000
3756191
3756215
3756219
3756221
3756222
3756247
3756251
3756253
3756254
3756277
3756278
3756281
3756282
3756439
3756443
3756446
3756455
3756459
3756461
3756462
3756469
3756470
3756473
3756474
3756476
3756501
3756502
3756505
3756506
3756508
3756517
3756518
3756521
3756522
3756532
3756536
3756725
3756726
3756729
3756730
3756757
3756758
3756761
3756762
3756764
3756788
3756792
3756949
3756950
3756953
3756954
3756956
3756965
3756966
3756969
3756970
3756980
3756984
3756997
3756998
3757001
3757002
3757004
3757012
3757016
3757028
3757032
3757143
3757147
3757149
3757150
3757171
3757173
3757174
3757177
3757178
3757207
3757211
3757214
3757237
3757238
3757241
3757242
3757267
3757269
3757270
3757273
3757274
3757276
3757297
3757298
3757395
3757397
3757398
3757401
3757402
3757404
3757411
3757413
3757414
3757417
3757418
3757425
3757426
3757428
3757432
3757461
3757462
3757465
3757466
3757468
3757477
3757478
3757481
3757482
3757492
3757496
3757521
3757522
3757524
3757528
3757537
3757538
3757552
3757619
3757621
3757622
3757625
3757626
3757651
3757653
3757654
3757657
3757658
3757660
3757681
3757682
3757684
3757688
3757717
3757718
3757721
3757722
3757724
3757745
3757746
3757748
3757752
3757777
3757778
3757780
3757784
3757808
3757843
3757845
3757846
3757849
3757850
3757852
3757859
3757861
3757862
3757865
3757866
3757873
3757874
3757876
3757880
3757891
3757893
3757894
3757897
3757898
3757900
3757905
3757906
3757908
3757912
3757921
3757922
3757924
3757928
3757936
3757957
3757958
3757961
3757962
3757964
3757969
3757970
3757972
3757976
3757985
3757986
3757988
3757992
3758000
3758017
3758018
3758020
3758024
3758032
3758048
3758111
3758135
3758139
3758141
3758142
3758167
3758171
3758173
3758174
3758195
3758197
3758198
3758201
3758202
3758223
3758231
3758235
3758238
3758247
3758251
3758253
3758254
3758259
3758261
3758262
3758265
3758266
3758279
3758283
3758285
3758286
3758291
3758293
3758294
3758297
3758298
3758300
3758309
3758310
3758313
3758314
3758321
3758322
3758359
3758363
3758366
3758375
3758379
3758381
3758382
3758387
3758389
3758390
3758393
3758394
3758396
3758419
3758421
3758422
3758425
3758426
3758428
3758435
3758437
3758438
3758441
3758442
3758449
3758450
3758452
3758456
3758471
3758475
3758478
3758483
3758486
3758490
3758499
3758501
3758502
3758505
3758506
3758508
3758513
3758514
3758516
3758520
3758533
3758534
3758537
3758538
3758540
3758545
3758546
3758548
3758552
3758561
3758562
3758564
3758568
3758576
3758643
3758645
3758646
3758649
3758650
3758675
3758677
3758678
3758681
3758682
3758684
3758705
3758706
3758708
3758712
3758757
3758758
3758761
3758762
3758769
3758770
3758789
3758790
3758793
3758794
3758796
3758801
3758802
3758804
3758808
3758820
3758824
3758832
3758867
3758869
3758870
3758873
3758874
3758876
3758883
3758885
3758886
3758889
3758890
3758897
3758898
3758900
3758904
3758915
3758917
3758918
3758921
3758922
3758924
3758929
3758930
3758932
3758936
3758945
3758946
3758948
3758952
3758960
3758981
3758982
3758985
3758986
3758988
3758993
3758994
3758996
3759000
3759009
3759010
3759012
3759016
3759024
3759041
3759042
3759044
3759048
3759056
3759072
3759127
3759131
3759134
3759155
3759157
3759158
3759161
3759162
3759175
3759179
3759181
3759182
3759187
3759189
3759190
3759193
3759194
3759196
3759203
3759205
3759206
3759209
3759210
3759217
3759218
3759239
3759243
3759246
3759251
3759254
3759258
3759269
3759270
3759273
3759274
3759281
3759282
3759299
3759301
3759302
3759305
3759306
3759308
3759313
3759314
3759316
3759320
3759329
3759330
3759379
3759381
3759382
3759385
3759386
3759388
3759395
3759397
3759398
3759401
3759402
3759409
3759410
3759412
3759416
3759427
3759429
3759430
3759433
3759434
3759436
3759441
3759442
3759444
3759448
3759457
3759458
3759460
3759464
3759472
3759493
3759494
3759497
3759498
3759505
3759506
3759508
3759521
3759522
3759524
3759528
3759536
3759553
3759554
3759556
3759560
3759568
3759584
3759635
3759637
3759638
3759641
3759642
3759644
3759651
3759653
3759654
3759657
3759658
3759665
3759666
3759668
3759672
3759683
3759685
3759686
3759689
3759690
3759692
3759697
3759698
3759700
3759704
3759713
3759714
3759716
3759720
3759728
3759749
3759750
3759753
3759754
3759756
3759761
3759762
3759764
3759768
3759777
3759778
3759780
3759784
3759792
3759809
3759810
3759812
3759816
3759824
3759840
3759889
3759890
3759892
3759896
3759905
3759906
3759920
3759937
3759938
3759940
3759944
3759952
3759968
3760004
3760008
3760016
3760064
3760287
3760311
3760315
3760317
3760318
3760343
3760347
3760349
3760350
3760373
3760377
3760380
3760535
3760539
3760541
3760542
3760551
3760555
3760557
3760558
3760565
3760566
3760569
3760570
3760572
3760597
3760601
3760604
3760613
3760614
3760617
3760620
3760628
3760632
3760821
3760825
3760828
3760853
3760857
3760860
3761045
3761049
3761052
3761061
3761062
3761065
3761068
3761076
3761080
3761093
3761094
3761097
3761100
3761108
3761112
3761124
3761239
3761243
3761245
3761246
3761267
3761269
3761273
3761276
3761303
3761307
3761309
3761310
3761333
3761337
3761340
3761363
3761365
3761369
3761370
3761372
3761393
3761400
3761491
3761493
3761497
3761500
3761507
3761509
3761510
3761513
3761516
3761521
3761522
3761524
3761528
3761557
3761561
3761564
3761573
3761574
3761577
3761580
3761588
3761592
3761617
3761624
3761633
3761634
3761636
3761640
3761648
3761715
3761717
3761721
3761724
3761747
3761749
3761753
3761756
3761777
3761813
3761817
3761820
3761841
3761848
3761873
3761880
3761939
3761941
3761945
3761948
3761955
3761957
3761958
3761961
3761964
3761969
3761970
3761972
3761976
3761987
3761989
3761990
3761993
3761996
3762001
3762002
3762004
3762008
3762017
3762018
3762020
3762032
3762053
3762054
3762057
3762060
3762065
3762068
3762081
3762082
3762084
3762088
3762096
3762113
3762114
3762116
3762120
3762128
3762144
3762207
3762231
3762235
3762237
3762238
3762263
3762267
3762269
3762270
3762291
3762293
3762297
3762300
3762319
3762327
3762331
3762333
3762334
3762343
3762347
3762349
3762350
3762355
3762357
3762358
3762361
3762364
3762375
3762379
3762381
3762382
3762387
3762389
3762390
3762393
3762396
3762405
3762406
3762409
3762412
3762417
3762420
3762455
3762459
3762461
3762462
3762471
3762475
3762477
3762478
3762483
3762485
3762486
3762489
3762490
3762492
3762515
3762517
3762521
3762524
3762531
3762533
3762534
3762537
3762540
3762545
3762546
3762548
3762552
3762567
3762571
3762573
3762574
3762579
3762581
3762582
3762585
3762588
3762595
3762597
3762598
3762601
3762602
3762604
3762609
3762610
3762612
3762616
3762629
3762630
3762633
3762636
3762641
3762644
3762657
3762658
3762660
3762664
3762672
3762739
3762741
3762745
3762748
3762771
3762773
3762777
3762780
3762801
3762853
3762854
3762857
3762860
3762865
3762868
3762885
3762886
3762889
3762892
3762897
3762900
3762916
3762963
3762965
3762969
3762972
3762979
3762981
3762982
3762985
3762988
3762993
3762994
3762996
3763000
3763011
3763013
3763014
3763017
3763020
3763025
3763026
3763028
3763032
3763041
3763042
3763044
3763056
3763077
3763078
3763081
3763084
3763089
3763092
3763105
3763106
3763108
3763112
3763120
3763137
3763138
3763140
3763144
3763152
3763168
3763223
3763227
3763229
3763230
3763251
3763253
3763257
3763260
3763271
3763275
3763277
3763278
3763283
3763285
3763286
3763289
3763290
3763292
3763299
3763301
3763302
3763305
3763308
3763313
3763314
3763316
3763320
3763335
3763339
3763341
3763342
3763347
3763349
3763350
3763353
3763356
3763365
3763366
3763369
3763372
3763377
3763380
3763395
3763397
3763398
3763401
3763402
3763404
3763409
3763410
3763412
3763416
3763425
3763426
3763428
3763432
3763440
3763475
3763477
3763481
3763484
3763491
3763493
3763494
3763497
3763500
3763505
3763506
3763508
3763512
3763523
3763525
3763526
3763529
3763532
3763537
3763538
3763540
3763544
3763553
3763554
3763556
3763568
3763589
3763590
3763593
3763596
3763601
3763604
3763617
3763618
3763620
3763624
3763632
3763649
3763650
3763652
3763656
3763664
3763680
3763731
3763733
3763737
3763740
3763747
3763749
3763750
3763753
3763756
3763761
3763762
3763764
3763768
3763779
3763781
3763782
3763785
3763788
3763793
3763794
3763796
3763800
3763809
3763810
3763812
3763824
3763845
3763846
3763849
3763852
3763857
3763860
3763873
3763874
3763876
3763880
3763888
3763905
3763906
3763908
3763912
3763920
3763936
3763985
3764001
3764002
3764004
3764016
3764033
3764034
3764036
3764048
3764064
3764100
3764128
3764160
3764375
3764379
3764381
3764382
3764405
3764406
3764409
3764410
3764412
3764437
3764438
3764441
3764442
3764444
3764468
3764472
3764629
3764630
3764633
3764634
3764636
3764645
3764646
3764649
3764650
3764652
3764660
3764664
3764692
3764696
3764708
3764712
3764916
3764920
3764948
3764952
3765140
3765144
3765156
3765160
3765188
3765192
3765331
3765333
3765334
3765337
3765338
3765340
3765361
3765362
3765364
3765368
3765397
3765398
3765401
3765402
3765404
3765428
3765432
3765457
3765458
3765460
3765464
3765488
3765585
3765586
3765588
3765592
3765601
3765602
3765604
3765608
3765616
3765652
3765656
3765668
3765672
3765712
3765728
3765809
3765810
3765812
3765816
3765841
3765842
3765844
3765848
3765872
3765908
3765912
3765936
3765968
3766033
3766034
3766036
3766040
3766049
3766050
3766052
3766056
3766064
3766081
3766082
3766084
3766088
3766096
3766112
3766148
3766152
3766160
3766176
3766208
3766295
3766299
3766301
3766302
3766323
3766325
3766326
3766329
3766330
3766332
3766355
3766357
3766358
3766361
3766362
3766364
3766385
3766386
3766388
3766392
3766407
3766411
3766413
3766414
3766419
3766421
3766422
3766425
3766426
3766428
3766437
3766438
3766441
3766442
3766444
3766449
3766450
3766452
3766456
3766469
3766470
3766473
3766474
3766476
3766481
3766482
3766484
3766488
3766500
3766504
3766512
3766547
3766549
3766550
3766553
3766554
3766556
3766563
3766565
3766566
3766569
3766570
3766572
3766577
3766578
3766580
3766584
3766609
3766610
3766612
3766616
3766625
3766626
3766628
3766632
3766640
3766661
3766662
3766665
3766666
3766668
3766673
3766674
3766676
3766680
3766689
3766690
3766692
3766696
3766704
3766724
3766728
3766736
3766752
3766833
3766834
3766836
3766840
3766865
3766866
3766868
3766872
3766896
3766948
3766952
3766960
3766980
3766984
3766992
3767057
3767058
3767060
3767064
3767073
3767074
3767076
3767080
3767088
3767105
3767106
3767108
3767112
3767120
3767136
3767172
3767176
3767184
3767200
3767232
3767315
3767317
3767318
3767321
3767322
3767324
3767345
3767346
3767348
3767352
3767363
3767365
3767366
3767369
3767370
3767372
3767377
3767378
3767380
3767384
3767393
3767394
3767396
3767400
3767408
3767429
3767430
3767433
3767434
3767436
3767441
3767442
3767444
3767448
3767460
3767464
3767472
3767489
3767490
3767492
3767496
3767504
3767520
3767569
3767570
3767572
3767576
3767585
3767586
3767588
3767592
3767600
3767617
3767618
3767620
3767624
3767632
3767648
3767684
3767688
3767696
3767712
3767744
3767825
3767826
3767828
3767832
3767841
3767842
3767844
3767848
3767856
3767873
3767874
3767876
3767880
3767888
3767904
3767940
3767944
3767952
3767968
3768000
3768080
3768096
3768128
3772575
3772599
3772603
3772605
3772606
3772631
3772635
3772637
3772638
3772823
3772827
3772830
3772839
3772843
3772845
3772846
3772854
3772857
3772858
3772860
3772892
3773113
3773148
3773337
3773340
3773353
3773368
3773388
3773396
3773400
3773527
3773531
3773533
3773534
3773591
3773595
3773598
3773625
3773651
3773657
3773658
3773660
3773788
3773865
3773880
3773912
3774009
3774044
3774105
3774108
3774129
3774136
3774168
3774233
3774236
3774249
3774264
3774284
3774292
3774296
3774345
3774348
3774353
3774356
3774360
3774369
3774376
3774384
3774408
3774416
3774495
3774519
3774523
3774525
3774526
3774551
3774555
3774557
3774558
3774607
3774615
3774619
3774622
3774631
3774635
3774637
3774638
3774643
3774645
3774646
3774649
3774663
3774667
3774669
3774670
3774675
3774677
3774678
3774684
3774743
3774747
3774750
3774759
3774763
3774765
3774766
3774774
3774777
3774778
3774780
3774812
3774855
3774859
3774862
3774867
3774870
3774883
3774885
3774889
3774890
3774892
3774897
3774898
3774900
3774904
3774924
3774932
3775033
3775068
3775145
3775153
3775180
3775188
3775257
3775260
3775273
3775288
3775308
3775316
3775320
3775369
3775372
3775377
3775380
3775384
3775393
3775400
3775408
3775432
3775440
3775511
3775515
3775518
3775545
3775559
3775563
3775565
3775566
3775573
3775574
3775577
3775578
3775580
3775623
3775627
3775630
3775635
3775638
3775657
3775665
3775683
3775689
3775690
3775692
3775697
3775698
3775700
3775704
3775785
3775800
3775820
3775828
3775832
3775905
3775912
3775920
3775944
3775952
3776025
3776028
3776041
3776056
3776076
3776084
3776088
3776137
3776140
3776145
3776148
3776152
3776161
3776168
3776176
3776200
3776208
3776280
3776392
3776400
3776671
3776695
3776699
3776701
3776702
3776727
3776731
3776733
3776734
3776919
3776923
3776926
3776935
3776939
3776941
3776942
3776950
3776953
3776954
3776956
3776998
3777209
3777433
3777446
3777449
3777464
3777478
3777508
3777623
3777627
3777629
3777630
3777687
3777691
3777694
3777721
3777747
3777753
3777754
3777894
3777958
3777961
3777976
3778018
3778105
3778201
3778225
3778232
3778329
3778342
3778345
3778360
3778374
3778404
3778438
3778441
3778449
3778465
3778466
3778468
3778472
3778480
3778498
3778528
3778591
3778615
3778619
3778621
3778622
3778647
3778651
3778653
3778654
3778703
3778711
3778715
3778718
3778727
3778731
3778733
3778734
3778739
3778741
3778742
3778745
3778759
3778763
3778765
3778766
3778771
3778773
3778774
3778790
3778839
3778843
3778846
3778855
3778859
3778861
3778862
3778870
3778873
3778874
3778876
3778918
3778951
3778955
3778958
3778963
3778966
3778979
3778981
3778982
3778985
3778986
3778988
3778993
3778994
3778996
3779000
3779014
3779042
3779044
3779129
3779238
3779241
3779249
3779270
3779300
3779353
3779366
3779369
3779384
3779398
3779428
3779462
3779465
3779473
3779489
3779490
3779492
3779496
3779504
3779522
3779552
3779607
3779611
3779614
3779641
3779655
3779659
3779661
3779662
3779669
3779670
3779673
3779674
3779686
3779719
3779723
3779726
3779731
3779734
3779750
3779753
3779761
3779779
3779782
3779785
3779786
3779793
3779794
3779810
3779878
3779881
3779896
3779910
3779940
3779974
3780001
3780002
3780004
3780008
3780016
3780034
3780064
3780121
3780134
3780137
3780152
3780166
3780196
3780230
3780233
3780241
3780257
3780258
3780260
3780264
3780272
3780290
3780320
3780512
3780759
3780763
3780766
3780790
3780793
3780794
3780796
3780822
3780826
3780828
3781014
3781018
3781030
3781033
3781034
3781036
3781048
3781304
3781528
3781544
3781718
3781722
3781724
3781782
3781786
3781816
3781842
3781848
3782056
3782200
3782296
3782320
3782424
3782440
3782536
3782544
3782560
3782679
3782683
3782686
3782710
3782713
3782714
3782716
3782742
3782746
3782748
3782791
3782795
3782798
3782803
3782806
3782810
3782822
3782825
3782826
3782828
3782833
3782834
3782836
3782840
3782854
3782858
3782860
3782866
3782868
3782934
3782938
3782950
3782953
3782954
3782956
3782968
3783046
3783050
3783058
3783073
3783074
3783076
3783080
3783088
3783224
3783336
3783344
3783448
3783464
3783560
3783568
3783584
3783702
3783706
3783736
3783750
3783754
3783756
3783764
3783768
3783814
3783818
3783826
3783848
3783856
3783874
3783880
3783888
3783976
3784096
3784216
3784232
3784328
3784336
3784352
3784863
3784887
3784891
3784893
3784894
3784919
3784923
3784925
3784926
3785111
3785115
3785118
3785127
3785131
3785133
3785134
3785142
3785146
3785148
3785180
3785190
3785436
3785628
3785638
3785670
3785676
3785684
3785688
3785700
3785815
3785819
3785821
3785822
3785879
3785883
3785886
3785939
3785945
3785946
3785948
3786076
3786086
3786150
3786200
3786210
3786332
3786396
3786456
3786524
3786534
3786566
3786572
3786580
3786584
3786596
3786630
3786636
3786644
3786658
3786660
3786690
3786692
3786696
3786704
3786720
3786783
3786807
3786811
3786813
3786814
3786839
3786843
3786845
3786846
3786895
3786903
3786907
3786910
3786919
3786923
3786925
3786926
3786931
3786933
3786934
3786951
3786955
3786957
3786958
3786963
3786965
3786966
3786972
3786982
3787031
3787035
3787038
3787047
3787051
3787053
3787054
3787062
3787066
3787068
3787100
3787110
3787143
3787147
3787150
3787155
3787158
3787171
3787173
3787174
3787178
3787180
3787186
3787188
3787206
3787212
3787220
3787234
3787236
3787356
3787430
3787462
3787468
3787476
3787492
3787548
3787558
3787590
3787596
3787604
3787608
3787620
3787654
3787660
3787668
3787682
3787684
3787714
3787716
3787720
3787728
3787744
3787799
3787803
3787806
3787847
3787851
3787853
3787854
3787861
3787862
3787865
3787866
3787868
3787878
3787911
3787915
3787918
3787923
3787926
3787942
3787971
3787974
3787977
3787978
3787980
3787985
3787986
3787988
3787992
3788002
3788070
3788102
3788108
3788116
3788120
3788132
3788166
3788194
3788196
3788226
3788228
3788232
3788240
3788256
3788316
3788326
3788358
3788364
3788372
3788376
3788388
3788422
3788428
3788436
3788450
3788452
3788482
3788484
3788488
3788496
3788512
3788612
3788676
3788736
3788951
3788955
3788958
3788981
3788982
3788985
3788986
3789013
3789014
3789017
3789018
3789020
3789206
3789210
3789221
3789222
3789225
3789226
3789236
3789240
3789268
3789272
3789524
3789528
3789716
3789720
3789764
3789768
3789909
3789910
3789913
3789914
3789916
3789974
3789978
3790033
3790034
3790036
3790040
3790164
3790168
3790288
3790420
3790424
3790484
3790488
3790544
3790612
3790616
3790660
3790664
3790724
3790728
3790736
3790784
3790871
3790875
3790878
3790901
3790902
3790905
3790906
3790933
3790934
3790937
3790938
3790940
3790983
3790987
3790990
3790995
3790998
3791002
3791013
3791014
3791017
3791018
3791025
3791026
3791045
3791046
3791049
3791050
3791052
3791057
3791058
3791060
3791064
3791126
3791130
3791141
3791142
3791145
3791146
3791156
3791160
3791188
3791192
3791238
3791242
3791250
3791265
3791266
3791268
3791272
3791280
3791300
3791304
3791312
3791444
3791448
3791556
3791560
3791568
3791636
3791640
3791684
3791688
3791748
3791752
3791760
3791808
3791894
3791898
3791941
3791942
3791945
3791946
3791948
3791956
3791960
3792006
3792010
3792018
3792065
3792066
3792068
3792072
3792080
3792196
3792200
3792320
3792404
3792408
3792452
3792456
3792516
3792520
3792528
3792576
3793047
3793051
3793053
3793054
3793077
3793081
3793084
3793109
3793113
3793116
3793301
3793305
3793308
3793317
3793318
3793321
3793324
3793332
3793336
3793380
3793828
3793860
3794005
3794009
3794012
3794069
3794073
3794076
3794129
3794136
3794276
3794340
3794400
3794724
3794756
3794820
3794848
3794880
3794967
3794971
3794973
3794974
3794997
3795001
3795004
3795029
3795033
3795036
3795079
3795083
3795085
3795086
3795091
3795093
3795094
3795097
3795100
3795109
3795110
3795113
3795116
3795121
3795124
3795141
3795142
3795145
3795148
3795153
3795156
3795172
3795221
3795225
3795228
3795237
3795238
3795241
3795244
3795252
3795256
3795300
3795333
3795334
3795337
3795340
3795345
3795348
3795361
3795362
3795364
3795368
3795376
3795396
3795424
3795620
3795652
3795748
3795780
3795844
3795872
3795904
3795989
3795993
3795996
3796037
3796038
3796041
3796044
3796052
3796056
3796068
3796101
3796102
3796105
3796108
3796113
3796116
3796132
3796161
3796162
3796164
3796168
3796176
3796192
3796260
3796292
3796356
3796384
3796416
3796516
3796548
3796612
3796640
3796672
3797141
3797142
3797145
3797146
3797148
3797172
3797176
3797204
3797208
3797396
3797400
3797412
3797416
3798100
3798104
3798164
3798168
3798224
3799061
3799062
3799065
3799066
3799068
3799092
3799096
3799124
3799128
3799173
3799174
3799177
3799178
3799180
3799185
3799186
3799188
3799192
3799204
3799208
3799216
3799236
3799240
3799248
3799316
3799320
3799332
3799336
3799428
3799432
3799440
3799456
3800084
3800088
3800132
3800136
3800196
3800200
3800208
3800256
3805375
3805423
3805431
3805435
3805437
3805438
3805599
3805615
3805623
3805629
3805630
3805655
3805659
3805661
3805662
3805671
3805675
3805677
3805678
3805686
3805690
3805692
3805871
3805879
3805883
3805885
3805886
3805903
3805911
3805915
3805917
3805918
3805927
3805931
3805933
3805934
3805941
3805945
3805948
3806103
3806107
3806109
3806110
3806119
3806123
3806125
3806126
3806134
3806137
3806138
3806140
3806151
3806155
3806157
3806158
3806165
3806166
3806169
3806170
3806172
3806181
3806185
3806188
3806196
3806200
3806319
3806327
3806331
3806333
3806334
3806383
3806391
3806395
3806397
3806398
3806439
3806443
3806445
3806446
3806451
3806457
3806458
3806551
3806555
3806557
3806558
3806567
3806571
3806573
3806574
3806579
3806582
3806586
3806588
3806615
3806619
3806621
3806622
3806631
3806635
3806637
3806638
3806646
3806649
3806650
3806652
3806675
3806681
3806682
3806684
3806691
3806697
3806698
3806706
3806712
3806767
3806775
3806779
3806781
3806782
3806799
3806807
3806811
3806813
3806814
3806823
3806827
3806829
3806830
3806835
3806837
3806841
3806844
3806863
3806871
3806875
3806877
3806878
3806887
3806891
3806893
3806894
3806899
3806901
3806905
3806906
3806908
3806919
3806923
3806925
3806926
3806931
3806937
3806938
3806940
3806947
3806949
3806953
3806954
3806956
3806961
3806968
3806999
3807003
3807005
3807006
3807015
3807019
3807021
3807022
3807030
3807033
3807034
3807036
3807047
3807051
3807053
3807054
3807059
3807061
3807062
3807065
3807066
3807068
3807075
3807077
3807081
3807084
3807089
3807090
3807092
3807096
3807111
3807115
3807117
3807118
3807123
3807125
3807126
3807129
3807132
3807139
3807141
3807145
3807146
3807148
3807153
3807154
3807156
3807160
3807171
3807177
3807178
3807180
3807185
3807186
3807188
3807192
3807201
3807208
3807216
3807295
3807351
3807355
3807357
3807358
3807407
3807415
3807421
3807422
3807463
3807467
3807469
3807470
3807475
3807477
3807478
3807519
3807535
3807543
3807549
3807550
3807575
3807579
3807581
3807582
3807591
3807595
3807597
3807598
3807603
3807606
3807610
3807612
3807631
3807639
3807645
3807646
3807655
3807661
3807662
3807669
3807670
3807676
3807687
3807691
3807693
3807694
3807699
3807701
3807702
3807708
3807715
3807717
3807722
3807724
3807730
3807732
3807799
3807805
3807806
3807831
3807835
3807837
3807838
3807859
3807861
3807865
3807868
3807911
3807915
3807917
3807918
3807923
3807925
3807926
3807929
3807943
3807947
3807949
3807950
3807955
3807957
3807958
3807964
3807973
3807977
3807980
3807985
3807988
3808023
3808029
3808030
3808039
3808045
3808046
3808054
3808060
3808071
3808075
3808077
3808078
3808083
3808085
3808086
3808089
3808090
3808092
3808099
3808101
3808105
3808108
3808113
3808114
3808116
3808120
3808135
3808139
3808141
3808142
3808147
3808149
3808150
3808153
3808156
3808163
3808165
3808169
3808170
3808172
3808177
3808178
3808180
3808184
3808195
3808201
3808202
3808204
3808209
3808210
3808212
3808216
3808225
3808232
3808240
3808311
3808315
3808317
3808318
3808359
3808363
3808365
3808366
3808371
3808373
3808374
3808377
3808378
3808423
3808427
3808429
3808430
3808435
3808437
3808438
3808441
3808483
3808489
3808490
3808497
3808498
3808535
3808539
3808541
3808542
3808551
3808555
3808557
3808558
3808566
3808569
3808570
3808572
3808583
3808587
3808589
3808590
3808595
3808597
3808598
3808601
3808602
3808604
3808611
3808613
3808617
3808620
3808625
3808626
3808628
3808632
3808647
3808651
3808653
3808654
3808659
3808661
3808662
3808665
3808668
3808675
3808677
3808681
3808682
3808684
3808689
3808690
3808692
3808696
3808707
3808713
3808714
3808716
3808721
3808722
3808724
3808728
3808737
3808744
3808752
3808791
3808795
3808797
3808798
3808807
3808811
3808813
3808814
3808822
3808825
3808826
3808828
3808839
3808843
3808845
3808846
3808851
3808853
3808854
3808857
3808858
3808860
3808867
3808869
3808873
3808876
3808881
3808882
3808884
3808888
3808903
3808907
3808909
3808910
3808915
3808917
3808918
3808921
3808924
3808931
3808933
3808937
3808938
3808940
3808945
3808946
3808948
3808952
3808963
3808969
3808970
3808972
3808977
3808978
3808980
3808984
3808993
3809000
3809008
3809049
3809052
3809065
3809080
3809091
3809100
3809105
3809106
3809108
3809112
3809121
3809136
3809161
3809164
3809169
3809172
3809176
3809185
3809192
3809200
3809224
3809232
3809471
3809527
3809533
3809695
3809711
3809719
3809725
3809726
3809751
3809755
3809757
3809758
3809767
3809771
3809773
3809774
3809782
3809786
3809788
3810199
3810203
3810205
3810206
3810215
3810221
3810230
3810234
3810236
3810261
3810262
3810292
3810415
3810423
3810427
3810429
3810430
3810479
3810487
3810491
3810493
3810494
3810539
3810541
3810542
3810547
3810553
3810554
3810647
3810651
3810653
3810654
3810667
3810669
3810670
3810675
3810678
3810682
3810684
3810711
3810715
3810717
3810718
3810727
3810731
3810733
3810734
3810742
3810745
3810746
3810748
3810771
3810777
3810778
3810787
3810790
3810793
3810794
3810802
3810808
3810863
3810871
3810875
3810877
3810878
3810895
3810903
3810907
3810909
3810910
3810923
3810925
3810926
3810931
3810933
3810937
3810940
3810959
3810967
3810971
3810973
3810974
3810987
3810989
3810990
3810995
3810997
3811001
3811002
3811004
3811019
3811021
3811022
3811027
3811033
3811034
3811049
3811050
3811052
3811057
3811064
3811095
3811099
3811101
3811102
3811115
3811117
3811118
3811126
3811130
3811132
3811147
3811149
3811150
3811155
3811157
3811158
3811161
3811162
3811177
3811180
3811185
3811186
3811188
3811192
3811207
3811211
3811213
3811214
3811219
3811221
3811222
3811225
3811235
3811237
3811238
3811241
3811242
3811244
3811249
3811250
3811252
3811256
3811267
3811270
3811273
3811274
3811281
3811282
3811297
3811298
3811300
3811304
3811312
3812407
3812411
3812413
3812414
3812467
3812469
3812470
3812519
3812525
3812531
3812533
3812534
3812537
3812593
3812631
3812635
3812637
3812638
3812647
3812651
3812653
3812654
3812662
3812665
3812666
3812668
3812679
3812683
3812685
3812686
3812691
3812693
3812694
3812697
3812698
3812709
3812710
3812713
3812716
3812721
3812722
3812724
3812728
3812743
3812747
3812749
3812750
3812755
3812757
3812758
3812761
3812771
3812773
3812774
3812777
3812778
3812780
3812785
3812786
3812788
3812792
3812803
3812806
3812809
3812810
3812817
3812818
3812833
3812834
3812836
3812840
3812848
3813145
3813158
3813176
3813201
3813232
3813254
3813265
3813281
3813284
3813296
3813551
3813559
3813565
3813566
3813607
3813611
3813613
3813614
3813622
3813626
3813628
3813783
3813789
3813790
3813799
3813805
3813806
3813814
3813820
3813846
3813850
3813852
3813862
3813866
3813868
3814055
3814059
3814061
3814062
3814070
3814074
3814076
3814087
3814091
3814093
3814094
3814102
3814106
3814108
3814117
3814118
3814121
3814122
3814124
3814132
3814136
3814294
3814298
3814300
3814310
3814314
3814316
3814342
3814346
3814348
3814356
3814360
3814372
3814376
3814503
3814507
3814509
3814510
3814515
3814518
3814522
3814524
3814567
3814571
3814573
3814574
3814582
3814585
3814586
3814588
3814627
3814630
3814633
3814634
3814636
3814642
3814648
3814739
3814742
3814746
3814748
3814755
3814758
3814762
3814764
3814770
3814806
3814809
3814810
3814812
3814822
3814825
3814826
3814828
3814840
3814866
3814872
3814882
3814888
3814951
3814955
3814957
3814958
3814966
3814970
3814972
3814983
3814987
3814989
3814990
3814995
3814998
3815002
3815004
3815011
3815013
3815014
3815017
3815018
3815020
3815025
3815026
3815028
3815032
3815047
3815051
3815053
3815054
3815062
3815065
3815066
3815068
3815075
3815077
3815078
3815081
3815082
3815084
3815089
3815090
3815092
3815096
3815107
3815110
3815113
3815114
3815116
3815122
3815128
3815137
3815138
3815140
3815144
3815152
3815190
3815194
3815196
3815206
3815210
3815212
3815235
3815238
3815242
3815244
3815249
3815250
3815252
3815256
3815265
3815266
3815268
3815272
3815280
3815302
3815305
3815306
3815308
3815313
3815314
3815316
3815320
3815329
3815330
3815332
3815336
3815344
3815362
3815368
3815376
3815392
3815479
3815485
3815486
3815539
3815542
3815546
3815548
3815591
3815597
3815598
3815605
3815606
3815612
3815654
3815658
3815660
3815666
3815668
3815703
3815709
3815710
3815719
3815725
3815726
3815734
3815740
3815763
3815766
3815770
3815772
3815779
3815782
3815786
3815788
3815794
3815815
3815821
3815822
3815829
3815830
3815836
3815845
3815846
3815852
3815860
3815878
3815882
3815884
3815890
3815892
3815906
3815908
3815990
3815996
3816019
3816022
3816026
3816028
3816049
3816050
3816052
3816056
3816102
3816105
3816106
3816108
3816114
3816116
3816120
3816134
3816138
3816140
3816146
3816148
3816164
3816168
3816176
3816214
3816220
3816230
3816236
3816259
3816262
3816266
3816268
3816273
3816274
3816276
3816280
3816289
3816290
3816292
3816296
3816304
3816326
3816330
3816332
3816338
3816340
3816354
3816356
3816360
3816386
3816392
3816400
3816416
3816502
3816506
3816508
3816547
3816550
3816554
3816556
3816561
3816562
3816564
3816568
3816614
3816617
3816618
3816620
3816625
3816626
3816628
3816632
3816674
3816680
3816688
3816726
3816730
3816732
3816742
3816746
3816748
3816771
3816774
3816778
3816780
3816785
3816786
3816788
3816792
3816801
3816802
3816804
3816808
3816816
3816838
3816841
3816842
3816844
3816849
3816850
3816852
3816856
3816865
3816866
3816868
3816872
3816880
3816898
3816904
3816912
3816928
3816982
3816985
3816986
3816988
3816998
3817001
3817002
3817004
3817016
3817027
3817030
3817034
3817036
3817041
3817042
3817044
3817048
3817057
3817058
3817060
3817064
3817072
3817094
3817097
3817098
3817100
3817105
3817106
3817108
3817112
3817121
3817122
3817124
3817128
3817136
3817154
3817160
3817168
3817184
3817282
3817296
3817312
3817352
3817360
3817376
3821743
3821751
3821755
3821757
3821758
3821813
3821814
3821975
3821979
3821981
3821982
3821991
3821995
3821997
3821998
3822005
3822006
3822009
3822010
3822012
3822037
3822038
3822041
3822042
3822044
3822053
3822054
3822057
3822058
3822068
3822072
3822485
3822486
3822489
3822490
3822492
3822501
3822502
3822516
3822520
3822548
3822695
3822699
3822701
3822702
3822707
3822709
3822710
3822713
3822714
3822759
3822763
3822765
3822766
3822773
3822774
3822777
3822778
3822819
3822821
3822822
3822825
3822826
3822833
3822834
3822931
3822933
3822934
3822937
3822938
3822940
3822947
3822949
3822950
3822953
3822954
3822961
3822962
3822964
3822968
3822997
3822998
3823001
3823002
3823004
3823013
3823014
3823017
3823018
3823028
3823032
3823057
3823058
3823060
3823064
3823073
3823074
3823088
3823143
3823147
3823149
3823150
3823155
3823157
3823158
3823161
3823162
3823175
3823179
3823181
3823182
3823187
3823189
3823190
3823193
3823194
3823196
3823203
3823205
3823206
3823209
3823210
3823212
3823217
3823218
3823220
3823224
3823239
3823243
3823245
3823246
3823253
3823254
3823257
3823258
3823260
3823267
3823269
3823270
3823273
3823274
3823276
3823281
3823282
3823284
3823288
3823299
3823301
3823302
3823305
3823306
3823308
3823313
3823314
3823316
3823320
3823329
3823330
3823332
3823336
3823344
3823379
3823381
3823382
3823385
3823386
3823388
3823395
3823397
3823398
3823401
3823402
3823409
3823410
3823412
3823416
3823427
3823429
3823430
3823433
3823434
3823436
3823441
3823442
3823444
3823448
3823457
3823458
3823460
3823464
3823472
3823493
3823494
3823497
3823498
3823500
3823505
3823506
3823508
3823512
3823521
3823522
3823524
3823528
3823536
3823553
3823554
3823556
3823560
3823568
3823584
3824691
3824693
3824694
3824697
3824698
3824753
3824805
3824806
3824817
3824818
3824915
3824917
3824918
3824921
3824922
3824924
3824931
3824933
3824934
3824937
3824938
3824945
3824946
3824948
3824952
3824963
3824965
3824966
3824969
3824970
3824972
3824977
3824978
3824980
3824984
3824993
3824994
3824996
3825000
3825008
3825029
3825030
3825033
3825034
3825036
3825041
3825042
3825044
3825048
3825057
3825058
3825060
3825064
3825072
3825089
3825090
3825092
3825096
3825104
3825120
3825425
3825426
3825428
3825432
3825441
3825456
3825488
3825540
3825552
3829927
3829933
3829941
3829942
3829945
3829946
3829948
3830004
3830165
3830166
3830169
3830170
3830172
3830181
3830182
3830185
3830186
3830188
3830196
3830200
3830228
3830232
3830244
3830248
3830676
3830680
3830692
3830883
3830885
3830886
3830889
3830890
3830892
3830897
3830898
3830900
3830904
3830949
3830950
3830953
3830954
3830956
3830964
3830968
3831009
3831010
3831012
3831016
3831024
3831121
3831122
3831124
3831128
3831137
3831138
3831140
3831144
3831152
3831188
3831192
3831204
3831208
3831248
3831264
3831331
3831333
3831334
3831337
3831338
3831340
3831345
3831346
3831348
3831352
3831363
3831365
3831366
3831369
3831370
3831372
3831377
3831378
3831380
3831384
3831393
3831394
3831396
3831400
3831408
3831429
3831430
3831433
3831434
3831436
3831444
3831448
3831457
3831458
3831460
3831464
3831472
3831489
3831490
3831492
3831496
3831504
3831520
3831569
3831570
3831572
3831576
3831585
3831586
3831588
3831592
3831600
3831617
3831618
3831620
3831624
3831632
3831648
3831684
3831688
3831696
3831712
3831744
3832881
3832882
3832884
3832888
3832944
3832996
3833008
3833105
3833106
3833108
3833112
3833121
3833122
3833124
3833128
3833136
3833153
3833154
3833156
3833160
3833168
3833184
3833220
3833224
3833232
3833248
3833280
3833616
3833632
3838127
3838135
3838139
3838141
3838142
3838183
3838187
3838189
3838190
3838359
3838363
3838365
3838366
3838375
3838379
3838381
3838382
3838390
3838393
3838394
3838396
3838428
3838631
3838635
3838637
3838638
3838649
3838663
3838667
3838669
3838670
3838684
3838693
3838697
3838700
3838873
3838876
3838889
3838904
3838924
3838932
3838936
3839079
3839083
3839085
3839086
3839143
3839147
3839149
3839150
3839161
3839203
3839209
3839210
3839324
3839385
3839388
3839401
3839416
3839448
3839527
3839531
3839533
3839534
3839545
3839559
3839563
3839565
3839566
3839580
3839589
3839593
3839596
3839623
3839627
3839629
3839630
3839641
3839644
3839651
3839653
3839657
3839658
3839660
3839665
3839672
3839683
3839689
3839690
3839692
3839704
3839713
3839720
3839769
3839772
3839785
3839800
3839820
3839828
3839832
3839881
3839884
3839889
3839892
3839896
3839905
3839912
3839920
3839944
3839952
3840055
3840059
3840061
3840062
3840167
3840171
3840173
3840174
3840179
3840181
3840182
3840185
3840279
3840283
3840285
3840286
3840295
3840299
3840301
3840302
3840310
3840313
3840314
3840316
3840348
3840391
3840395
3840397
3840398
3840403
3840405
3840406
3840409
3840412
3840419
3840421
3840425
3840426
3840428
3840433
3840434
3840436
3840440
3840460
3840468
3840569
3840604
3840681
3840689
3840716
3840724
3840793
3840796
3840809
3840824
3840844
3840852
3840856
3840905
3840908
3840913
3840916
3840920
3840929
3840936
3840944
3840968
3840976
3841081
3841193
3841201
3841305
3841308
3841321
3841336
3841356
3841364
3841368
3841417
3841420
3841425
3841428
3841432
3841441
3841448
3841456
3841480
3841488
3841561
3841564
3841577
3841592
3841612
3841620
3841624
3841673
3841676
3841681
3841684
3841688
3841697
3841704
3841712
3841736
3841744
3841816
3841928
3841936
3842223
3842231
3842235
3842237
3842238
3842455
3842459
3842461
3842462
3842471
3842475
3842477
3842478
3842486
3842489
3842490
3842492
3842534
3842969
3842982
3843000
3843175
3843179
3843181
3843182
3843239
3843243
3843245
3843246
3843257
3843299
3843302
3843305
3843306
3843430
3843481
3843494
3843497
3843512
3843554
3843623
3843627
3843629
3843630
3843641
3843655
3843659
3843661
3843662
3843685
3843686
3843689
3843692
3843719
3843723
3843725
3843726
3843737
3843747
3843749
3843750
3843753
3843754
3843756
3843761
3843768
3843779
3843782
3843785
3843786
3843809
3843810
3843812
3843816
3843865
3843878
3843881
3843896
3843910
3843940
3843974
3843977
3843985
3844001
3844002
3844004
3844008
3844016
3844034
3844064
3845177
3845286
3845297
3845401
3845414
3845417
3845432
3845446
3845476
3845510
3845513
3845521
3845537
3845538
3845540
3845544
3845552
3845570
3845600
3846048
3846311
3846315
3846317
3846318
3846326
3846329
3846330
3846332
3846374
3846378
3846380
3846550
3846553
3846554
3846556
3846566
3846569
3846570
3846572
3846584
3846822
3846825
3846826
3846828
3846840
3846854
3846858
3846860
3846884
3846888
3847064
3847080
3847270
3847274
3847276
3847334
3847337
3847338
3847340
3847352
3847394
3847400
3847576
3847592
3847718
3847721
3847722
3847724
3847736
3847750
3847754
3847756
3847780
3847784
3847814
3847817
3847818
3847820
3847832
3847841
3847842
3847844
3847848
3847856
3847874
3847880
3847904
3847960
3847976
3848072
3848080
3848096
3848246
3848249
3848250
3848252
3848358
3848361
3848362
3848364
3848369
3848370
3848372
3848376
3848470
3848473
3848474
3848476
3848486
3848489
3848490
3848492
3848504
3848582
3848585
3848586
3848588
3848593
3848594
3848596
3848600
3848609
3848610
3848612
3848616
3848624
3848760
3848872
3848880
3848984
3849000
3849096
3849104
3849120
3849272
3849384
3849392
3849496
3849512
3849608
3849616
3849632
3849752
3849768
3849864
3849872
3849888
3854503
3854509
3854517
3854518
3854521
3854522
3854741
3854742
3854745
3854746
3854748
3854757
3854758
3854761
3854762
3854772
3854776
3854804
3854808
3855252
3855256
3855461
3855462
3855465
3855466
3855525
3855526
3855529
3855530
3855585
3855586
3855700
3855704
3855764
3855768
3855824
3855909
3855910
3855913
3855914
3855941
3855942
3855945
3855946
3855948
3855956
3855960
3855972
3855976
3856005
3856006
3856009
3856010
3856012
3856020
3856024
3856033
3856034
3856036
3856040
3856065
3856066
3856068
3856072
3856080
3856096
3856148
3856152
3856196
3856200
3856260
3856264
3856272
3856320
3857684
3857688
3857732
3857736
3857796
3857800
3857808
3857856
3862693
3862694
3862700
3862708
3862712
3862932
3862936
3862948
3862952
3863652
3863656
3863716
3863720
3863776
3864100
3864104
3864132
3864136
3864196
3864200
3864224
3864256
3870903
3870909
3870910
3871127
3871133
3871134
3871143
3871149
3871150
3871158
3871164
3871196
3871452
3871644
3871692
3871700
3871704
3871859
3871929
3872083
3872092
3872099
3872114
3872153
3872156
3872169
3872184
3872216
3872339
3872348
3872369
3872409
3872412
3872433
3872440
3872472
3872540
3872579
3872588
3872593
3872594
3872596
3872600
3872609
3872624
3872649
3872652
3872657
3872660
3872664
3872673
3872680
3872688
3872712
3872720
3872823
3872829
3872830
3872883
3872935
3872941
3872942
3872949
3872950
3873047
3873053
3873054
3873063
3873069
3873070
3873078
3873084
3873107
3873116
3873123
3873138
3873159
3873165
3873166
3873173
3873174
3873180
3873189
3873196
3873204
3873228
3873236
3873363
3873372
3873393
3873484
3873492
3873564
3873603
3873612
3873617
3873618
3873620
3873624
3873633
3873648
3873676
3873684
3873736
3873744
3873891
3873905
3873906
3873961
3873969
3874076
3874115
3874124
3874129
3874130
3874132
3874136
3874145
3874160
3874185
3874188
3874193
3874196
3874200
3874209
3874216
3874224
3874248
3874256
3874332
3874371
3874380
3874385
3874386
3874388
3874392
3874401
3874416
3874441
3874444
3874449
3874452
3874456
3874465
3874472
3874480
3874504
3874512
3874640
3874696
3874704
3874999
3875005
3875006
3875223
3875229
3875230
3875239
3875245
3875246
3875254
3875260
3875302
3875750
3875782
3875812
3875955
3876025
3876179
3876195
3876198
3876210
3876249
3876262
3876265
3876280
3876322
3876435
3876465
3876505
3876529
3876536
3876646
3876675
3876678
3876689
3876690
3876705
3876706
3876708
3876720
3876742
3876745
3876753
3876769
3876770
3876772
3876776
3876784
3876802
3876832
3876919
3876925
3876926
3876979
3877031
3877037
3877038
3877045
3877046
3877094
3877143
3877149
3877150
3877159
3877165
3877166
3877174
3877180
3877203
3877219
3877222
3877234
3877255
3877261
3877262
3877269
3877270
3877285
3877286
3877292
3877300
3877318
3877346
3877348
3877459
3877489
3877542
3877574
3877604
3877670
3877699
3877702
3877713
3877714
3877729
3877730
3877732
3877744
3877766
3877794
3877796
3877826
3877856
3877987
3877990
3878001
3878002
3878054
3878057
3878065
3878114
3878182
3878211
3878214
3878225
3878226
3878241
3878242
3878244
3878256
3878278
3878281
3878289
3878305
3878306
3878308
3878312
3878320
3878338
3878368
3878438
3878467
3878470
3878481
3878482
3878497
3878498
3878500
3878512
3878534
3878537
3878545
3878561
3878562
3878564
3878568
3878576
3878594
3878624
3878722
3878752
3878816
3879094
3879100
3879318
3879324
3879334
3879340
3880050
3880120
3880274
3880290
3880344
3880360
3880530
3880560
3880600
3880624
3880770
3880784
3880800
3880840
3880848
3880864
3881014
3881020
3881074
3881126
3881132
3881140
3881238
3881244
3881254
3881260
3881298
3881314
3881350
3881356
3881364
3881380
3881554
3881584
3881794
3881808
3881824
3882082
3882096
3882152
3882160
3882306
3882320
3882336
3882376
3882384
3882400
3882562
3882576
3882592
3882632
3882640
3882656
3883191
3883195
3883197
3883198
3883415
3883419
3883421
3883422
3883431
3883435
3883437
3883438
3883446
3883450
3883452
3883484
3883494
3883740
3883932
3883942
3883974
3883980
3883988
3883992
3884004
3884147
3884371
3884380
3884387
3884390
3884402
3884444
3884454
3884504
3884514
3884595
3884627
3884636
3884657
3884700
3884760
3884819
3884828
3884835
3884838
3884850
3884867
3884870
3884876
3884881
3884882
3884884
3884888
3884897
3884898
3884900
3884912
3884934
3884940
3884948
3884962
3884964
3884994
3884996
3885000
3885008
3885024
3885111
3885115
3885117
3885118
3885171
3885223
3885227
3885229
3885230
3885235
3885237
3885238
3885286
3885335
3885339
3885341
3885342
3885351
3885355
3885357
3885358
3885363
3885366
3885370
3885372
3885395
3885404
3885411
3885414
3885426
3885447
3885451
3885453
3885454
3885459
3885461
3885462
3885468
3885475
3885477
3885478
3885482
3885484
3885490
3885492
3885510
3885516
3885524
3885538
3885540
3885619
3885651
3885660
3885681
3885734
3885766
3885772
3885780
3885796
3885843
3885852
3885859
3885862
3885874
3885891
3885894
3885900
3885905
3885906
3885908
3885912
3885921
3885922
3885924
3885936
3885958
3885964
3885972
3885986
3885988
3886018
3886020
3886024
3886032
3886048
3886131
3886179
3886182
3886193
3886194
3886246
3886306
3886355
3886364
3886371
3886374
3886386
3886403
3886406
3886412
3886417
3886418
3886420
3886424
3886433
3886434
3886436
3886448
3886470
3886476
3886484
3886498
3886500
3886530
3886532
3886536
3886544
3886560
3886611
3886620
3886627
3886630
3886642
3886659
3886662
3886668
3886673
3886674
3886676
3886680
3886689
3886690
3886692
3886704
3886726
3886732
3886740
3886754
3886756
3886786
3886788
3886792
3886800
3886816
3886882
3886914
3886916
3886928
3886944
3886980
3887040
3887285
3887286
3887289
3887290
3887509
3887510
3887513
3887514
3887516
3887525
3887526
3887529
3887530
3887540
3887544
3887572
3887576
3887828
3887832
3888020
3888024
3888068
3888072
3888241
3888242
3888465
3888466
3888468
3888472
3888481
3888482
3888496
3888532
3888536
3888592
3888689
3888690
3888721
3888722
3888724
3888728
3888752
3888788
3888792
3888848
3888913
3888914
3888916
3888920
3888929
3888930
3888944
3888961
3888962
3888964
3888968
3888976
3888992
3889028
3889032
3889040
3889088
3889203
3889205
3889206
3889209
3889210
3889265
3889266
3889317
3889318
3889321
3889322
3889329
3889330
3889427
3889429
3889430
3889433
3889434
3889436
3889443
3889445
3889446
3889449
3889450
3889457
3889458
3889460
3889464
3889489
3889490
3889492
3889496
3889505
3889506
3889520
3889541
3889542
3889545
3889546
3889548
3889553
3889554
3889556
3889560
3889569
3889570
3889572
3889576
3889584
3889604
3889608
3889616
3889713
3889714
3889745
3889746
3889748
3889752
3889776
3889860
3889864
3889872
3889937
3889938
3889940
3889944
3889953
3889954
3889968
3889985
3889986
3889988
3889992
3890000
3890016
3890052
3890056
3890064
3890112
3890225
3890226
3890273
3890274
3890449
3890450
3890452
3890456
3890465
3890466
3890480
3890497
3890498
3890500
3890504
3890512
3890528
3890564
3890568
3890576
3890624
3890705
3890706
3890708
3890712
3890721
3890722
3890736
3890753
3890754
3890756
3890760
3890768
3890784
3890820
3890824
3890832
3890880
3890960
3891008
3891381
3891385
3891388
3891605
3891609
3891612
3891621
3891622
3891625
3891628
3891636
3891640
3891684
3892132
3892164
3892337
3892561
3892577
3892578
3892580
3892592
3892644
3892704
3892785
3892817
3893009
3893025
3893026
3893028
3893040
3893057
3893058
3893060
3893072
3893088
3893124
3893152
3893184
3893299
3893301
3893305
3893308
3893361
3893413
3893414
3893417
3893420
3893425
3893428
3893476
3893523
3893525
3893529
3893532
3893539
3893541
3893542
3893545
3893548
3893553
3893554
3893556
3893560
3893585
3893601
3893602
3893604
3893616
3893637
3893638
3893641
3893644
3893649
3893652
3893665
3893666
3893668
3893672
3893680
3893700
3893728
3893809
3893841
3893924
3893956
3894033
3894049
3894050
3894052
3894064
3894081
3894082
3894084
3894096
3894112
3894148
3894176
3894208
3894321
3894369
3894370
3894372
3894384
3894436
3894496
3894545
3894561
3894562
3894564
3894576
3894593
3894594
3894596
3894608
3894624
3894660
3894688
3894720
3894801
3894817
3894818
3894820
3894832
3894849
3894850
3894852
3894864
3894880
3894916
3894944
3894976
3895072
3895104
3895476
3895480
3895700
3895704
3895716
3895720
3896432
3896656
3896672
3896880
3896912
3897104
3897120
3897152
3897393
3897394
3897396
3897400
3897456
3897508
3897512
3897520
3897617
3897618
3897620
3897624
3897633
3897634
3897636
3897640
3897648
3897680
3897696
3897732
3897736
3897744
3897760
3897904
3897936
3898128
3898144
3898176
3898416
3898464
3898640
3898656
3898688
3898896
3898912
3898944
3903673
3903897
3903900
3903913
3903928
3904408
3904920
3905176
3905304
3905416
3905424
3905593
3905705
3905713
3905817
3905820
3905833
3905848
3905929
3905932
3905937
3905940
3905944
3905953
3905960
3905968
3906328
3906440
3906448
3906840
3906952
3906960
3907096
3907208
3907216
3907769
3907993
3908006
3908009
3908024
3909536
3909689
3909798
3909801
3909809
3909913
3909926
3909929
3909944
3910022
3910025
3910033
3910049
3910050
3910052
3910056
3910064
3910560
3911072
3911328
3911864
3912088
3912104
3913784
3913896
3913904
3914008
3914024
3914120
3914128
3914144
3916188
3916198
3916740
3917636
3917700
3917760
3917990
3918108
3918118
3918214
3918220
3918228
3918242
3918244
3918276
3918532
3918660
3918724
3918784
3919172
3919236
3919296
3919428
3919492
3919552
3920276
3920280
3922196
3922200
3922308
3922312
3922320
3924388
3926180
3926308
3926404
3926432
4002007
4002011
4002013
4002014
4002268
4002489
4002524
4002713
4002716
4002729
4002744
4002764
4002772
4002776
4002903
4002907
4002909
4002910
4002931
4002967
4002971
4002973
4002974
4003001
4003027
4003033
4003034
4003036
4003155
4003164
4003171
4003186
4003225
4003228
4003241
4003256
4003288
4003379
4003385
4003411
4003420
4003441
4003481
4003484
4003505
4003512
4003544
4003603
4003609
4003612
4003619
4003625
4003633
4003634
4003640
4003651
4003660
4003665
4003666
4003668
4003672
4003681
4003696
4003721
4003724
4003729
4003732
4003736
4003745
4003752
4003760
4003784
4003792
4003927
4003931
4003933
4003934
4003955
4004039
4004043
4004045
4004046
4004051
4004053
4004054
4004060
4004179
4004188
4004195
4004210
4004300
4004308
4004403
4004409
4004435
4004444
4004465
4004521
4004529
4004556
4004564
4004627
4004633
4004636
4004643
4004649
4004657
4004658
4004664
4004675
4004684
4004689
4004690
4004692
4004696
4004705
4004720
4004745
4004748
4004753
4004756
4004760
4004769
4004776
4004784
4004808
4004816
4004887
4004891
4004893
4004894
4004915
4004921
4004935
4004939
4004941
4004942
4004947
4004949
4004950
4004953
4004954
4004956
4004963
4004977
4004978
4004999
4005003
4005005
4005006
4005011
4005013
4005014
4005017
4005020
4005033
4005041
4005059
4005065
4005066
4005068
4005073
4005074
4005076
4005080
4005139
4005145
4005148
4005155
4005161
4005169
4005170
4005176
4005187
4005196
4005201
4005202
4005204
4005208
4005217
4005232
4005257
4005260
4005265
4005268
4005272
4005281
4005288
4005296
4005320
4005328
4005395
4005401
4005404
4005411
4005417
4005425
4005426
4005432
4005443
4005452
4005457
4005458
4005460
4005464
4005473
4005488
4005513
4005516
4005521
4005524
4005528
4005537
4005544
4005552
4005576
4005584
4005649
4005656
4005665
4005680
4005712
4005768
4005776
4006103
4006109
4006374
4006809
4006822
4006840
4006999
4007003
4007005
4007006
4007027
4007063
4007067
4007069
4007070
4007097
4007123
4007129
4007130
4007251
4007267
4007270
4007282
4007321
4007334
4007337
4007352
4007394
4007475
4007481
4007507
4007537
4007577
4007601
4007608
4007699
4007705
4007715
4007718
4007721
4007729
4007730
4007736
4007747
4007750
4007761
4007762
4007777
4007778
4007780
4007792
4007814
4007817
4007825
4007841
4007842
4007844
4007848
4007856
4007874
4007904
4008983
4008987
4008989
4008990
4009011
4009017
4009043
4009045
4009046
4009073
4009095
4009101
4009107
4009109
4009110
4009113
4009126
4009137
4009169
4009235
4009241
4009251
4009254
4009257
4009265
4009266
4009272
4009283
4009286
4009297
4009298
4009313
4009314
4009316
4009328
4009350
4009353
4009361
4009377
4009378
4009380
4009384
4009392
4009410
4009440
4009745
4009761
4009776
4009888
4010198
4010202
4010204
4010680
4010904
4010920
4011091
4011094
4011098
4011100
4011122
4011158
4011161
4011162
4011164
4011192
4011218
4011224
4011346
4011362
4011416
4011432
4011569
4011570
4011576
4011602
4011632
4011672
4011696
4011793
4011794
4011800
4011809
4011810
4011816
4011824
4011842
4011856
4011872
4011912
4011920
4011936
4012115
4012118
4012122
4012124
4012146
4012230
4012234
4012236
4012242
4012244
4012370
4012386
4012593
4012594
4012600
4012626
4012656
4012712
4012720
4012817
4012818
4012824
4012833
4012834
4012840
4012848
4012866
4012880
4012896
4012936
4012944
4012960
4013075
4013078
4013081
4013082
4013084
4013105
4013106
4013112
4013123
4013126
4013130
4013132
4013137
4013138
4013140
4013144
4013154
4013168
4013190
4013193
4013194
4013196
4013201
4013202
4013204
4013208
4013224
4013232
4013250
4013256
4013264
4013329
4013330
4013336
4013345
4013346
4013352
4013360
4013378
4013392
4013408
4013448
4013456
4013472
4013585
4013586
4013592
4013601
4013602
4013608
4013616
4013634
4013648
4013664
4013704
4013712
4013728
4013840
4013856
4018389
4018390
4018396
4018644
4018648
4019092
4019096
4019283
4019285
4019286
4019289
4019290
4019292
4019313
4019314
4019349
4019350
4019353
4019354
4019356
4019409
4019410
4019412
4019416
4019537
4019538
4019540
4019544
4019553
4019554
4019568
4019604
4019608
4019664
4019761
4019762
4019793
4019794
4019796
4019800
4019824
4019860
4019864
4019920
4019985
4019986
4019988
4019992
4020001
4020002
4020016
4020033
4020034
4020036
4020040
4020048
4020064
4020100
4020104
4020112
4020160
4021267
4021269
4021270
4021273
4021274
4021276
4021297
4021298
4021329
4021332
4021381
4021382
4021388
4021393
4021394
4021396
4021400
4021456
4021521
4021522
4021524
4021528
4021537
4021538
4021552
4021569
4021570
4021572
4021576
4021584
4021600
4021636
4021640
4021648
4021696
4022032
4026580
4027473
4027474
4027476
4027480
4027504
4027540
4027544
4027600
4027728
4027744
4027952
4027984
4028176
4028192
4028224
4029457
4029458
4029460
4029464
4029488
4029520
4029572
4029584
4029712
4029728
4029760
4034780
4035480
4035676
4035737
4035740
4035800
4035992
4036248
4036376
4036488
4036496
4036700
4036812
4036820
4037400
4037512
4037520
4037657
4037660
4037708
4037716
4037720
4037769
4037772
4037777
4037780
4037784
4037832
4037840
4037912
4038024
4038032
4038168
4038280
4038288
4039833
4040608
4041753
4041862
4041873
4042144
4043928
4045848
4045960
4045968
4051156
4052052
4052056
4052116
4052120
4052176
4054036
4054040
4054148
4054160
4133784
4134296
4134449
4134552
4134673
4134680
4134689
4134704
4134736
4134792
4134800
4135473
4135697
4135704
4135713
4135728
4135760
4135816
4135824
4135985
4136209
4136216
4136225
4136240
4136272
4136328
4136336
4136465
4136472
4136481
4136496
4136528
4136584
4136592
4136720
4138338
4138545
4138769
4138785
4138786
4138800
4138818
4138848
4138912
4140081
4140305
4140321
4140322
4140336
4140354
4140384
4140448
4140832
4142640
4142864
4142880
4143664
4143888
4143904
4144176
4144400
4144416
4144656
4144672
4150608
4150864
4151056
4151104
4152592
4152640
5264735
5264763
5264765
5264766
5264815
5264823
5264827
5264829
5264830
5264883
5264886
5264890
5265183
5265211
5265213
5265214
5265243
5265245
5265246
5265273
5265274
5265276
5265295
5265303
5265307
5265309
5265310
5265319
5265323
5265325
5265326
5265331
5265333
5265334
5265338
5265340
5265351
5265355
5265357
5265358
5265363
5265365
5265366
5265369
5265370
5265372
5265379
5265381
5265385
5265386
5265388
5265393
5265394
5265396
5265400
5265983
5266015
5266039
5266043
5266045
5266046
5266095
5266103
5266107
5266109
5266110
5266163
5266165
5266166
5266207
5266223
5266231
5266237
5266238
5266255
5266263
5266267
5266269
5266270
5266279
5266283
5266285
5266286
5266291
5266293
5266294
5266297
5266298
5266300
5266319
5266327
5266331
5266333
5266334
5266343
5266347
5266349
5266350
5266355
5266357
5266358
5266362
5266364
5266375
5266379
5266381
5266382
5266387
5266389
5266390
5266393
5266394
5266396
5266403
5266405
5266409
5266410
5266412
5266417
5266418
5266420
5266424
5267223
5267227
5267229
5267230
5267239
5267243
5267245
5267246
5267251
5267254
5267258
5267260
5267283
5267285
5267286
5267290
5267299
5267301
5267305
5267308
5267313
5267314
5267316
5267320
5267363
5267365
5267370
5267378
5267380
5267440
5268895
5268919
5268923
5268925
5268926
5268979
5268985
5268986
5269399
5269403
5269405
5269427
5269429
5269430
5269434
5269436
5269489
5269490
5269496
5270079
5270139
5270141
5270142
5270199
5270203
5270205
5270206
5270259
5270261
5270265
5270303
5270319
5270333
5270334
5270351
5270363
5270365
5270366
5270379
5270381
5270382
5270393
5270394
5270396
5270415
5270423
5270427
5270429
5270430
5270443
5270445
5270446
5270451
5270453
5270454
5270458
5270460
5270475
5270477
5270478
5270483
5270485
5270486
5270489
5270490
5270505
5270506
5270508
5270513
5270514
5270516
5270520
5270815
5270831
5270843
5270845
5270846
5270875
5270877
5270878
5270891
5270893
5270905
5270906
5270908
5270935
5270939
5270941
5270963
5270965
5270966
5270970
5270972
5271025
5271026
5271032
5271323
5271325
5271326
5271339
5271341
5271342
5271354
5271356
5271385
5271386
5271401
5271416
5271443
5271445
5271474
5271476
5271536
5272954
5272956
5273014
5273018
5273043
5273046
5273050
5273059
5273065
5273066
5273074
5273080
5273371
5273373
5273374
5273402
5273404
5273433
5273434
5273436
5273464
5273479
5273483
5273485
5273486
5273491
5273493
5273494
5273498
5273500
5273507
5273509
5273510
5273514
5273516
5273522
5273524
5273539
5273542
5273545
5273546
5273548
5273553
5273554
5273556
5273560
5273569
5273570
5273572
5273576
5273584
5274227
5274229
5274230
5274236
5274291
5274293
5274294
5274298
5274300
5274323
5274325
5274326
5274353
5274354
5274356
5274360
5274391
5274397
5274398
5274407
5274413
5274414
5274422
5274428
5274439
5274443
5274445
5274446
5274451
5274453
5274454
5274457
5274458
5274460
5274467
5274469
5274470
5274473
5274474
5274476
5274481
5274482
5274484
5274488
5274503
5274507
5274509
5274510
5274515
5274517
5274518
5274522
5274524
5274531
5274533
5274534
5274538
5274540
5274546
5274548
5274563
5274566
5274569
5274570
5274572
5274577
5274578
5274580
5274584
5274593
5274594
5274596
5274600
5274608
5274903
5274907
5274909
5274910
5274919
5274923
5274925
5274926
5274931
5274934
5274938
5274940
5274951
5274955
5274957
5274958
5274963
5274965
5274966
5274969
5274970
5274972
5274979
5274981
5274982
5274985
5274986
5274988
5274993
5274994
5274996
5275000
5275015
5275019
5275021
5275022
5275027
5275029
5275030
5275034
5275036
5275043
5275045
5275046
5275050
5275052
5275058
5275060
5275075
5275078
5275081
5275082
5275084
5275089
5275090
5275092
5275096
5275105
5275106
5275108
5275112
5275120
5275159
5275163
5275165
5275166
5275175
5275179
5275181
5275182
5275187
5275190
5275194
5275196
5275207
5275211
5275213
5275214
5275219
5275221
5275222
5275225
5275226
5275228
5275235
5275237
5275238
5275241
5275242
5275244
5275249
5275250
5275252
5275256
5275271
5275275
5275277
5275278
5275283
5275285
5275286
5275290
5275292
5275299
5275301
5275302
5275306
5275308
5275314
5275316
5275331
5275334
5275337
5275338
5275340
5275345
5275346
5275348
5275352
5275361
5275362
5275364
5275368
5275376
5275411
5275414
5275418
5275420
5275427
5275430
5275434
5275436
5275442
5275459
5275462
5275466
5275468
5275473
5275474
5275476
5275480
5275489
5275490
5275492
5275496
5275504
5275526
5275530
5275532
5275538
5275540
5275554
5275556
5275586
5275592
5275600
5275616
5306131
5306134
5306137
5306138
5306140
5306147
5306150
5306153
5306154
5306156
5306162
5306168
5306193
5306194
5306196
5306200
5306209
5306210
5306216
5306224
5306257
5306258
5306264
5306288
5307120
5307155
5307158
5307161
5307162
5307164
5307186
5307203
5307206
5307209
5307210
5307212
5307217
5307218
5307220
5307224
5307233
5307234
5307236
5307240
5307248
5307330
5307344
5308178
5308184
5308240
5308256
5329471
5329503
5329527
5329531
5329533
5329534
5329591
5329595
5329597
5329598
5329623
5329627
5329629
5329630
5329653
5329657
5329660
5329695
5329711
5329719
5329725
5329726
5329743
5329751
5329755
5329757
5329758
5329767
5329771
5329773
5329774
5329779
5329781
5329782
5329785
5329786
5329788
5329815
5329819
5329821
5329822
5329831
5329835
5329837
5329838
5329846
5329850
5329852
5329863
5329867
5329869
5329870
5329877
5329878
5329881
5329882
5329884
5329893
5329897
5329900
5329908
5329912
5330015
5330039
5330043
5330045
5330046
5330103
5330107
5330109
5330110
5330135
5330139
5330142
5330163
5330169
5330170
5330263
5330267
5330270
5330279
5330283
5330285
5330286
5330291
5330294
5330298
5330300
5330343
5330347
5330349
5330350
5330358
5330362
5330364
5330387
5330394
5330403
5330409
5330410
5330418
5330424
5330487
5330491
5330493
5330494
5330519
5330523
5330525
5330526
5330547
5330549
5330553
5330556
5330583
5330587
5330589
5330590
5330611
5330613
5330618
5330620
5330643
5330649
5330650
5330652
5330673
5330680
5330711
5330715
5330717
5330718
5330727
5330731
5330733
5330734
5330739
5330742
5330746
5330748
5330759
5330763
5330765
5330766
5330771
5330773
5330774
5330777
5330778
5330780
5330787
5330789
5330793
5330796
5330801
5330802
5330804
5330808
5330823
5330827
5330829
5330830
5330835
5330837
5330838
5330844
5330851
5330853
5330858
5330860
5330866
5330868
5330883
5330889
5330890
5330892
5330897
5330898
5330900
5330904
5330913
5330920
5330928
5331247
5331255
5331261
5331262
5331287
5331291
5331294
5331303
5331307
5331309
5331310
5331315
5331318
5331322
5331324
5331367
5331371
5331373
5331374
5331379
5331381
5331382
5331386
5331388
5331399
5331403
5331406
5331411
5331414
5331427
5331429
5331434
5331436
5331442
5331444
5331511
5331517
5331518
5331543
5331547
5331549
5331550
5331571
5331573
5331577
5331580
5331623
5331627
5331629
5331630
5331635
5331637
5331638
5331655
5331659
5331661
5331662
5331667
5331669
5331670
5331676
5331685
5331689
5331692
5331697
5331700
5331735
5331741
5331742
5331751
5331757
5331758
5331766
5331772
5331783
5331787
5331789
5331790
5331795
5331797
5331798
5331801
5331802
5331804
5331811
5331813
5331817
5331820
5331825
5331826
5331828
5331832
5331847
5331851
5331853
5331854
5331859
5331861
5331862
5331868
5331875
5331877
5331882
5331884
5331890
5331892
5331907
5331913
5331914
5331916
5331921
5331922
5331924
5331928
5331937
5331944
5331952
5332023
5332027
5332029
5332030
5332047
5332055
5332059
5332062
5332071
5332075
5332077
5332078
5332083
5332085
5332086
5332089
5332090
5332135
5332139
5332141
5332142
5332147
5332149
5332150
5332167
5332171
5332174
5332179
5332182
5332186
5332195
5332201
5332202
5332209
5332210
5332263
5332267
5332269
5332270
5332275
5332278
5332282
5332284
5332295
5332299
5332302
5332307
5332310
5332314
5332323
5332325
5332329
5332332
5332337
5332338
5332340
5332344
5332387
5332389
5332394
5332396
5332402
5332404
5332419
5332426
5332434
5332449
5332456
5332464
5332503
5332507
5332509
5332510
5332519
5332523
5332525
5332526
5332531
5332534
5332538
5332540
5332551
5332555
5332557
5332558
5332563
5332565
5332566
5332569
5332570
5332572
5332579
5332581
5332585
5332588
5332593
5332594
5332596
5332600
5332615
5332619
5332621
5332622
5332627
5332629
5332630
5332636
5332643
5332645
5332650
5332652
5332658
5332660
5332675
5332681
5332682
5332684
5332689
5332690
5332692
5332696
5332705
5332712
5332720
5332755
5332764
5332771
5332786
5332803
5332812
5332817
5332818
5332820
5332824
5332833
5332848
5332876
5332884
5332936
5332944
5333567
5333599
5333627
5333629
5333630
5333687
5333691
5333693
5333694
5333719
5333723
5333725
5333726
5333749
5333753
5333756
5333791
5333807
5333821
5333822
5333839
5333851
5333853
5333854
5333867
5333869
5333870
5333881
5333882
5333884
5333911
5333915
5333917
5333918
5333927
5333931
5333933
5333934
5333942
5333946
5333948
5333959
5333963
5333965
5333966
5333973
5333974
5333977
5333978
5333989
5333990
5333993
5333996
5334004
5334008
5334111
5334139
5334141
5334142
5334175
5334199
5334203
5334205
5334206
5334231
5334235
5334237
5334238
5334259
5334265
5334266
5334363
5334365
5334366
5334379
5334381
5334382
5334394
5334396
5334423
5334427
5334429
5334430
5334439
5334443
5334445
5334446
5334454
5334458
5334460
5334483
5334489
5334490
5334499
5334502
5334505
5334506
5334514
5334520
5334587
5334589
5334590
5334619
5334621
5334622
5334649
5334652
5334679
5334683
5334685
5334686
5334707
5334709
5334714
5334716
5334739
5334745
5334746
5334769
5334776
5334811
5334813
5334814
5334827
5334829
5334830
5334842
5334844
5334859
5334861
5334862
5334873
5334874
5334889
5334892
5334904
5334919
5334923
5334925
5334926
5334931
5334933
5334934
5334947
5334949
5334950
5334954
5334956
5334962
5334964
5334979
5334982
5334985
5334986
5334993
5334994
5335009
5335010
5335012
5335016
5335024
5335327
5335343
5335351
5335357
5335358
5335383
5335387
5335389
5335390
5335403
5335405
5335406
5335411
5335414
5335418
5335420
5335439
5335447
5335451
5335453
5335454
5335463
5335467
5335469
5335470
5335475
5335477
5335478
5335482
5335484
5335495
5335499
5335501
5335502
5335507
5335509
5335510
5335523
5335525
5335526
5335530
5335532
5335538
5335540
5335607
5335613
5335614
5335639
5335643
5335645
5335646
5335667
5335669
5335673
5335676
5335719
5335723
5335725
5335726
5335731
5335733
5335734
5335751
5335755
5335757
5335758
5335763
5335765
5335766
5335781
5335782
5335785
5335788
5335793
5335796
5335831
5335837
5335838
5335853
5335854
5335862
5335868
5335883
5335885
5335886
5335891
5335893
5335894
5335897
5335898
5335913
5335916
5335921
5335922
5335924
5335928
5335943
5335947
5335949
5335950
5335955
5335957
5335958
5335971
5335973
5335974
5335978
5335980
5335986
5335988
5336003
5336006
5336009
5336010
5336017
5336018
5336033
5336034
5336036
5336040
5336048
5336095
5336119
5336123
5336125
5336126
5336143
5336151
5336155
5336157
5336158
5336171
5336173
5336174
5336179
5336181
5336182
5336185
5336186
5336207
5336215
5336219
5336221
5336222
5336231
5336235
5336237
5336238
5336243
5336245
5336246
5336263
5336267
5336269
5336270
5336275
5336277
5336278
5336281
5336282
5336291
5336294
5336297
5336298
5336305
5336306
5336343
5336347
5336349
5336350
5336363
5336365
5336366
5336371
5336374
5336378
5336380
5336395
5336397
5336398
5336403
5336405
5336406
5336409
5336410
5336425
5336428
5336433
5336434
5336436
5336440
5336455
5336459
5336461
5336462
5336467
5336469
5336470
5336483
5336485
5336486
5336490
5336492
5336498
5336500
5336515
5336518
5336521
5336522
5336529
5336530
5336545
5336546
5336548
5336552
5336560
5336599
5336603
5336605
5336606
5336619
5336621
5336622
5336627
5336630
5336634
5336636
5336651
5336653
5336654
5336659
5336661
5336662
5336665
5336666
5336681
5336684
5336689
5336690
5336692
5336696
5336711
5336715
5336717
5336718
5336723
5336725
5336726
5336739
5336741
5336742
5336746
5336748
5336754
5336756
5336771
5336774
5336777
5336778
5336785
5336786
5336801
5336802
5336804
5336808
5336816
5336851
5336882
5336913
5336914
5336944
5336966
5336994
5336996
5337026
5337056
5337655
5337661
5337662
5337687
5337691
5337693
5337694
5337715
5337717
5337718
5337721
5337722
5337724
5337782
5337786
5337788
5337814
5337818
5337820
5337844
5337848
5337879
5337885
5337886
5337895
5337901
5337902
5337910
5337916
5337927
5337931
5337933
5337934
5337939
5337941
5337942
5337945
5337946
5337948
5337955
5337957
5337958
5337961
5337962
5337964
5337969
5337970
5337972
5337976
5338006
5338010
5338012
5338022
5338026
5338028
5338054
5338058
5338060
5338068
5338072
5338084
5338088
5338199
5338203
5338205
5338206
5338227
5338230
5338234
5338236
5338263
5338267
5338269
5338270
5338294
5338298
5338300
5338323
5338326
5338329
5338330
5338332
5338354
5338360
5338451
5338454
5338458
5338460
5338467
5338470
5338474
5338476
5338482
5338518
5338522
5338524
5338534
5338538
5338540
5338578
5338584
5338594
5338600
5338675
5338678
5338682
5338684
5338707
5338710
5338714
5338716
5338737
5338738
5338740
5338744
5338774
5338778
5338780
5338802
5338804
5338834
5338840
5338864
5338899
5338902
5338906
5338908
5338915
5338918
5338922
5338924
5338930
5338947
5338950
5338954
5338956
5338961
5338962
5338964
5338968
5338977
5338978
5338980
5338984
5338992
5339014
5339018
5339020
5339026
5339028
5339042
5339044
5339074
5339080
5339088
5339104
5339415
5339421
5339422
5339431
5339437
5339438
5339446
5339452
5339475
5339478
5339482
5339484
5339491
5339494
5339498
5339500
5339506
5339527
5339531
5339533
5339534
5339539
5339541
5339542
5339546
5339548
5339555
5339557
5339558
5339562
5339564
5339570
5339572
5339590
5339594
5339596
5339602
5339604
5339618
5339620
5339702
5339708
5339731
5339734
5339738
5339740
5339761
5339762
5339764
5339768
5339814
5339818
5339820
5339826
5339828
5339846
5339850
5339852
5339858
5339860
5339876
5339880
5339888
5339926
5339932
5339942
5339948
5339971
5339974
5339978
5339980
5339985
5339986
5339988
5339992
5340001
5340002
5340004
5340008
5340016
5340038
5340042
5340044
5340050
5340052
5340066
5340068
5340098
5340104
5340112
5340128
5340183
5340187
5340189
5340190
5340211
5340214
5340218
5340220
5340231
5340235
5340237
5340238
5340243
5340245
5340246
5340249
5340250
5340252
5340259
5340262
5340266
5340268
5340273
5340274
5340276
5340280
5340295
5340299
5340301
5340302
5340307
5340309
5340310
5340314
5340316
5340326
5340330
5340332
5340338
5340340
5340355
5340358
5340361
5340362
5340364
5340369
5340370
5340372
5340376
5340386
5340392
5340400
5340435
5340438
5340442
5340444
5340451
5340454
5340458
5340460
5340466
5340483
5340486
5340490
5340492
5340497
5340498
5340500
5340504
5340513
5340514
5340516
5340520
5340528
5340550
5340554
5340556
5340562
5340564
5340578
5340580
5340610
5340616
5340624
5340640
5340691
5340694
5340698
5340700
5340707
5340710
5340714
5340716
5340722
5340739
5340742
5340746
5340748
5340753
5340754
5340756
5340760
5340769
5340770
5340772
5340776
5340784
5340806
5340810
5340812
5340818
5340820
5340834
5340836
5340866
5340872
5340880
5340896
5340946
5340962
5340994
5341008
5341024
5345855
5345887
5345911
5345915
5345917
5345918
5345975
5345979
5345982
5346007
5346011
5346014
5346037
5346041
5346044
5346079
5346095
5346103
5346110
5346127
5346135
5346139
5346142
5346151
5346155
5346157
5346158
5346165
5346166
5346169
5346170
5346172
5346199
5346203
5346206
5346215
5346219
5346222
5346230
5346234
5346247
5346251
5346254
5346262
5346266
5346277
5346281
5346284
5346292
5346296
5346423
5346427
5346429
5346430
5346547
5346553
5346554
5346663
5346667
5346669
5346670
5346678
5346682
5346684
5346787
5346793
5346794
5346802
5346808
5346871
5346875
5346878
5346903
5346907
5346910
5346933
5346937
5346940
5346967
5346971
5346974
5346995
5347002
5347027
5347034
5347057
5347064
5347095
5347099
5347102
5347111
5347115
5347118
5347126
5347130
5347143
5347147
5347150
5347158
5347162
5347173
5347177
5347180
5347188
5347192
5347207
5347211
5347214
5347219
5347222
5347235
5347242
5347250
5347267
5347274
5347282
5347297
5347304
5347312
5347687
5347691
5347693
5347694
5347702
5347706
5347708
5347811
5347813
5347818
5347820
5347826
5347828
5347895
5347902
5347927
5347931
5347934
5347957
5347961
5347964
5348007
5348011
5348014
5348019
5348022
5348039
5348043
5348046
5348051
5348054
5348069
5348073
5348076
5348081
5348084
5348119
5348126
5348135
5348142
5348150
5348167
5348171
5348174
5348182
5348186
5348197
5348201
5348204
5348212
5348216
5348231
5348235
5348238
5348243
5348246
5348259
5348266
5348274
5348291
5348298
5348306
5348321
5348328
5348336
5348455
5348459
5348461
5348462
5348469
5348470
5348473
5348474
5348579
5348585
5348586
5348593
5348594
5348709
5348713
5348716
5348724
5348728
5348833
5348840
5348848
5348887
5348891
5348894
5348903
5348907
5348910
5348918
5348922
5348935
5348939
5348942
5348950
5348954
5348965
5348969
5348972
5348980
5348984
5348999
5349003
5349006
5349011
5349014
5349027
5349034
5349042
5349059
5349066
5349074
5349089
5349096
5349104
5349951
5349983
5350007
5350011
5350013
5350014
5350071
5350075
5350077
5350078
5350103
5350107
5350109
5350110
5350133
5350137
5350140
5350175
5350191
5350199
5350205
5350206
5350223
5350231
5350235
5350237
5350238
5350247
5350251
5350253
5350254
5350261
5350262
5350265
5350266
5350268
5350295
5350299
5350301
5350302
5350311
5350315
5350317
5350318
5350326
5350329
5350330
5350332
5350343
5350347
5350349
5350350
5350357
5350358
5350361
5350362
5350373
5350374
5350377
5350380
5350388
5350392
5350495
5350519
5350523
5350525
5350526
5350583
5350587
5350590
5350615
5350619
5350621
5350622
5350643
5350649
5350650
5350743
5350747
5350749
5350750
5350759
5350763
5350765
5350766
5350774
5350778
5350780
5350823
5350827
5350830
5350838
5350842
5350867
5350873
5350874
5350883
5350886
5350889
5350890
5350898
5350904
5350967
5350971
5350973
5350974
5350999
5351003
5351005
5351006
5351029
5351033
5351036
5351063
5351067
5351069
5351070
5351091
5351093
5351097
5351098
5351100
5351123
5351129
5351130
5351153
5351160
5351191
5351195
5351197
5351198
5351207
5351211
5351213
5351214
5351222
5351225
5351226
5351228
5351239
5351243
5351245
5351246
5351253
5351254
5351257
5351258
5351269
5351270
5351273
5351276
5351284
5351288
5351303
5351307
5351309
5351310
5351315
5351317
5351318
5351321
5351331
5351333
5351334
5351337
5351338
5351340
5351345
5351346
5351348
5351352
5351363
5351366
5351369
5351370
5351377
5351378
5351393
5351394
5351396
5351400
5351408
5351727
5351735
5351742
5351767
5351771
5351773
5351774
5351783
5351787
5351789
5351790
5351798
5351802
5351804
5351847
5351851
5351854
5351859
5351862
5351866
5351879
5351883
5351885
5351886
5351891
5351893
5351894
5351907
5351909
5351910
5351914
5351916
5351922
5351924
5351991
5351997
5351998
5352023
5352027
5352029
5352030
5352053
5352057
5352060
5352103
5352107
5352109
5352110
5352115
5352117
5352118
5352121
5352135
5352139
5352141
5352142
5352147
5352149
5352150
5352165
5352166
5352169
5352172
5352177
5352180
5352215
5352221
5352222
5352231
5352237
5352238
5352246
5352252
5352263
5352267
5352269
5352270
5352277
5352278
5352281
5352282
5352293
5352294
5352297
5352300
5352308
5352312
5352327
5352331
5352333
5352334
5352339
5352341
5352342
5352345
5352355
5352357
5352358
5352361
5352362
5352364
5352369
5352370
5352372
5352376
5352387
5352390
5352393
5352394
5352401
5352402
5352417
5352418
5352420
5352424
5352432
5352503
5352507
5352510
5352527
5352535
5352539
5352541
5352542
5352551
5352555
5352557
5352558
5352565
5352566
5352569
5352570
5352615
5352619
5352622
5352627
5352630
5352647
5352651
5352653
5352654
5352659
5352661
5352662
5352665
5352666
5352675
5352678
5352681
5352682
5352689
5352690
5352743
5352747
5352750
5352758
5352762
5352775
5352779
5352781
5352782
5352789
5352790
5352793
5352794
5352805
5352806
5352809
5352812
5352820
5352824
5352867
5352870
5352874
5352882
5352899
5352902
5352905
5352906
5352913
5352914
5352929
5352930
5352932
5352936
5352944
5352983
5352987
5352989
5352990
5352999
5353003
5353005
5353006
5353014
5353017
5353018
5353020
5353031
5353035
5353037
5353038
5353045
5353046
5353049
5353050
5353061
5353062
5353065
5353068
5353076
5353080
5353095
5353099
5353101
5353102
5353107
5353109
5353110
5353113
5353123
5353125
5353126
5353129
5353130
5353132
5353137
5353138
5353140
5353144
5353155
5353158
5353161
5353162
5353169
5353170
5353185
5353186
5353188
5353192
5353200
5353241
5353254
5353257
5353272
5353286
5353316
5353350
5353353
5353361
5353377
5353378
5353380
5353384
5353392
5353410
5353440
5354039
5354045
5354046
5354071
5354075
5354077
5354078
5354101
5354102
5354105
5354106
5354108
5354166
5354169
5354170
5354172
5354198
5354202
5354204
5354228
5354232
5354263
5354269
5354270
5354279
5354285
5354286
5354294
5354300
5354311
5354315
5354317
5354318
5354325
5354326
5354329
5354330
5354332
5354341
5354342
5354345
5354346
5354348
5354356
5354360
5354390
5354393
5354394
5354396
5354406
5354409
5354410
5354412
5354424
5354438
5354442
5354444
5354452
5354456
5354468
5354472
5354583
5354587
5354589
5354590
5354614
5354618
5354620
5354678
5354682
5354707
5354710
5354713
5354714
5354716
5354738
5354744
5354838
5354842
5354844
5354854
5354858
5354860
5354918
5354922
5354962
5354968
5354978
5354984
5355062
5355065
5355066
5355068
5355094
5355098
5355100
5355124
5355128
5355158
5355161
5355162
5355164
5355185
5355186
5355188
5355192
5355218
5355224
5355248
5355286
5355289
5355290
5355292
5355302
5355305
5355306
5355308
5355320
5355334
5355338
5355340
5355348
5355352
5355364
5355368
5355398
5355401
5355402
5355404
5355409
5355410
5355412
5355416
5355425
5355426
5355428
5355432
5355440
5355458
5355464
5355472
5355488
5355815
5355822
5355830
5355862
5355866
5355868
5355878
5355882
5355884
5355939
5355942
5355946
5355954
5355974
5355978
5355980
5355986
5355988
5356002
5356004
5356086
5356092
5356118
5356122
5356124
5356148
5356152
5356198
5356201
5356202
5356204
5356209
5356210
5356212
5356216
5356230
5356234
5356236
5356242
5356244
5356260
5356264
5356272
5356310
5356316
5356326
5356332
5356358
5356362
5356364
5356372
5356376
5356388
5356392
5356422
5356425
5356426
5356428
5356433
5356434
5356436
5356440
5356449
5356450
5356452
5356456
5356464
5356482
5356488
5356496
5356512
5356598
5356602
5356615
5356619
5356621
5356622
5356629
5356630
5356633
5356634
5356636
5356646
5356650
5356652
5356660
5356664
5356710
5356714
5356722
5356739
5356742
5356745
5356746
5356748
5356753
5356754
5356756
5356760
5356770
5356776
5356784
5356838
5356842
5356870
5356874
5356876
5356884
5356888
5356900
5356904
5356962
5356994
5357000
5357008
5357024
5357078
5357081
5357082
5357084
5357094
5357097
5357098
5357100
5357112
5357126
5357130
5357132
5357140
5357144
5357156
5357160
5357190
5357193
5357194
5357196
5357201
5357202
5357204
5357208
5357217
5357218
5357220
5357224
5357232
5357250
5357256
5357264
5357280
5357336
5357352
5357448
5357456
5357472
5362231
5362235
5362237
5362238
5362263
5362267
5362269
5362270
5362291
5362293
5362297
5362298
5362300
5362355
5362361
5362362
5362387
5362393
5362394
5362396
5362417
5362424
5362455
5362459
5362461
5362462
5362471
5362475
5362477
5362478
5362483
5362486
5362489
5362490
5362492
5362503
5362507
5362509
5362510
5362515
5362517
5362518
5362521
5362522
5362524
5362531
5362533
5362537
5362538
5362540
5362545
5362546
5362548
5362552
5362579
5362585
5362586
5362588
5362595
5362601
5362602
5362610
5362616
5362627
5362633
5362634
5362636
5362641
5362642
5362644
5362648
5362657
5362664
5362672
5362775
5362779
5362782
5362803
5362809
5362810
5362867
5362873
5362874
5362899
5362906
5363027
5363034
5363043
5363049
5363050
5363058
5363064
5363107
5363113
5363114
5363122
5363128
5363251
5363257
5363258
5363283
5363289
5363290
5363292
5363313
5363320
5363347
5363353
5363354
5363356
5363377
5363384
5363416
5363475
5363481
5363482
5363484
5363491
5363497
5363498
5363506
5363512
5363523
5363529
5363530
5363532
5363537
5363538
5363540
5363544
5363553
5363560
5363568
5363587
5363593
5363594
5363596
5363601
5363602
5363604
5363608
5363617
5363624
5363632
5363656
5363664
5364007
5364011
5364013
5364014
5364019
5364022
5364025
5364026
5364028
5364051
5364058
5364067
5364073
5364074
5364082
5364088
5364131
5364133
5364137
5364138
5364140
5364145
5364146
5364148
5364152
5364163
5364170
5364178
5364193
5364200
5364208
5364275
5364281
5364282
5364307
5364313
5364314
5364316
5364337
5364344
5364387
5364393
5364394
5364401
5364402
5364419
5364425
5364426
5364428
5364433
5364434
5364436
5364440
5364449
5364456
5364464
5364499
5364505
5364506
5364508
5364515
5364521
5364522
5364530
5364536
5364547
5364553
5364554
5364556
5364561
5364562
5364564
5364568
5364577
5364584
5364592
5364611
5364617
5364618
5364620
5364625
5364626
5364628
5364632
5364641
5364648
5364656
5364680
5364688
5364787
5364793
5364794
5364807
5364811
5364814
5364819
5364822
5364826
5364835
5364841
5364842
5364849
5364850
5364899
5364905
5364906
5364913
5364914
5364931
5364938
5364946
5365027
5365033
5365034
5365042
5365048
5365059
5365066
5365074
5365089
5365096
5365104
5365153
5365160
5365168
5365267
5365273
5365274
5365276
5365283
5365289
5365290
5365298
5365304
5365315
5365321
5365322
5365324
5365329
5365330
5365332
5365336
5365345
5365352
5365360
5365379
5365385
5365386
5365388
5365393
5365394
5365396
5365400
5365409
5365416
5365424
5365448
5365456
5365528
5365576
5365584
5365640
5365648
5366327
5366331
5366333
5366334
5366359
5366363
5366365
5366366
5366387
5366389
5366393
5366394
5366396
5366451
5366457
5366458
5366483
5366489
5366490
5366513
5366520
5366551
5366555
5366557
5366558
5366567
5366571
5366573
5366574
5366579
5366582
5366585
5366586
5366588
5366599
5366603
5366605
5366606
5366611
5366613
5366614
5366617
5366618
5366627
5366629
5366630
5366633
5366634
5366636
5366641
5366642
5366644
5366648
5366675
5366681
5366682
5366691
5366694
5366697
5366698
5366706
5366712
5366723
5366726
5366729
5366730
5366737
5366738
5366753
5366754
5366756
5366760
5366768
5366871
5366875
5366877
5366878
5366899
5366905
5366906
5366935
5366939
5366941
5366942
5366963
5366969
5366970
5366995
5367001
5367002
5367123
5367129
5367130
5367139
5367142
5367145
5367146
5367154
5367160
5367187
5367193
5367194
5367203
5367206
5367209
5367210
5367218
5367224
5367266
5367347
5367353
5367354
5367379
5367385
5367386
5367409
5367416
5367443
5367449
5367450
5367473
5367480
5367571
5367577
5367578
5367587
5367590
5367593
5367594
5367602
5367608
5367619
5367622
5367625
5367626
5367633
5367634
5367649
5367650
5367652
5367656
5367664
5367683
5367686
5367689
5367690
5367697
5367698
5367713
5367714
5367716
5367720
5367728
5367746
5367776
5368087
5368091
5368093
5368094
5368103
5368107
5368109
5368110
5368115
5368118
5368121
5368122
5368124
5368147
5368153
5368154
5368163
5368166
5368169
5368170
5368178
5368184
5368199
5368203
5368205
5368206
5368211
5368213
5368214
5368218
5368227
5368229
5368230
5368233
5368234
5368236
5368241
5368242
5368244
5368248
5368259
5368262
5368265
5368266
5368273
5368274
5368289
5368290
5368292
5368296
5368304
5368371
5368377
5368378
5368403
5368409
5368410
5368433
5368440
5368483
5368486
5368489
5368490
5368497
5368498
5368515
5368518
5368521
5368522
5368529
5368530
5368545
5368546
5368548
5368552
5368560
5368595
5368601
5368602
5368611
5368614
5368617
5368618
5368626
5368632
5368643
5368646
5368649
5368650
5368657
5368658
5368673
5368674
5368676
5368680
5368688
5368707
5368710
5368713
5368714
5368721
5368722
5368737
5368738
5368740
5368744
5368752
5368770
5368800
5368855
5368859
5368861
5368862
5368883
5368889
5368890
5368903
5368907
5368909
5368910
5368915
5368917
5368918
5368921
5368922
5368931
5368934
5368937
5368938
5368945
5368946
5368967
5368971
5368973
5368974
5368979
5368981
5368982
5368985
5368986
5368995
5368998
5369001
5369002
5369009
5369010
5369027
5369030
5369033
5369034
5369041
5369042
5369058
5369107
5369113
5369114
5369123
5369126
5369129
5369130
5369138
5369144
5369155
5369158
5369161
5369162
5369169
5369170
5369185
5369186
5369188
5369192
5369200
5369219
5369222
5369225
5369226
5369233
5369234
5369249
5369250
5369252
5369256
5369264
5369282
5369312
5369363
5369369
5369370
5369379
5369382
5369385
5369386
5369394
5369400
5369411
5369414
5369417
5369418
5369425
5369426
5369441
5369442
5369444
5369448
5369456
5369475
5369478
5369481
5369482
5369489
5369490
5369505
5369506
5369508
5369512
5369520
5369538
5369568
5369634
5369666
5369696
5369730
5369760
5370419
5370422
5370425
5370426
5370428
5370451
5370454
5370457
5370458
5370460
5370481
5370482
5370484
5370488
5370546
5370552
5370578
5370584
5370608
5370643
5370646
5370649
5370650
5370652
5370659
5370662
5370665
5370666
5370668
5370674
5370680
5370691
5370694
5370697
5370698
5370700
5370705
5370706
5370708
5370712
5370721
5370722
5370724
5370728
5370736
5370770
5370776
5370786
5370792
5370818
5370824
5370832
5370848
5370963
5370966
5370969
5370970
5370972
5370994
5371000
5371027
5371030
5371034
5371058
5371064
5371090
5371096
5371218
5371224
5371234
5371240
5371282
5371288
5371298
5371304
5371442
5371448
5371474
5371480
5371504
5371538
5371544
5371568
5371666
5371672
5371682
5371688
5371714
5371720
5371728
5371744
5371778
5371784
5371792
5371808
5372179
5372182
5372186
5372195
5372198
5372201
5372202
5372204
5372210
5372216
5372242
5372248
5372258
5372264
5372291
5372294
5372298
5372306
5372321
5372322
5372324
5372328
5372336
5372354
5372360
5372368
5372384
5372466
5372472
5372498
5372504
5372528
5372578
5372584
5372592
5372610
5372616
5372624
5372640
5372690
5372696
5372706
5372712
5372738
5372744
5372752
5372768
5372802
5372808
5372816
5372832
5372947
5372950
5372954
5372978
5372984
5372995
5372998
5373001
5373002
5373004
5373009
5373010
5373012
5373016
5373026
5373032
5373040
5373059
5373062
5373066
5373074
5373090
5373096
5373104
5373122
5373128
5373136
5373202
5373208
5373218
5373224
5373250
5373256
5373264
5373280
5373314
5373320
5373328
5373344
5373458
5373464
5373474
5373480
5373506
5373512
5373520
5373536
5373570
5373576
5373584
5373600
5460255
5460271
5460279
5460285
5460286
5460311
5460315
5460317
5460318
5460327
5460331
5460333
5460334
5460339
5460342
5460346
5460348
5460375
5460379
5460381
5460382
5460391
5460395
5460397
5460398
5460406
5460410
5460412
5460444
5460535
5460541
5460542
5460567
5460571
5460573
5460574
5460595
5460597
5460601
5460604
5460700
5460759
5460765
5460766
5460775
5460781
5460782
5460790
5460796
5460807
5460811
5460813
5460814
5460819
5460821
5460822
5460825
5460826
5460828
5460837
5460841
5460844
5460849
5460850
5460852
5460856
5460892
5460940
5460948
5460952
5461107
5461331
5461340
5461347
5461362
5461404
5461464
5461555
5461587
5461596
5461617
5461660
5461720
5461779
5461788
5461795
5461810
5461827
5461836
5461841
5461842
5461844
5461848
5461857
5461872
5461900
5461908
5461960
5461968
5462071
5462077
5462078
5462131
5462183
5462187
5462189
5462190
5462195
5462197
5462198
5462295
5462301
5462302
5462311
5462317
5462318
5462326
5462332
5462355
5462364
5462371
5462386
5462407
5462411
5462413
5462414
5462419
5462421
5462422
5462428
5462435
5462437
5462442
5462444
5462450
5462452
5462476
5462484
5462611
5462620
5462641
5462732
5462740
5462812
5462851
5462860
5462865
5462866
5462868
5462872
5462881
5462896
5462924
5462932
5462984
5462992
5463091
5463139
5463153
5463154
5463315
5463324
5463331
5463346
5463363
5463372
5463377
5463378
5463380
5463384
5463393
5463408
5463436
5463444
5463496
5463504
5463571
5463580
5463587
5463602
5463619
5463628
5463633
5463634
5463636
5463640
5463649
5463664
5463692
5463700
5463752
5463760
5463888
5464351
5464367
5464381
5464382
5464411
5464413
5464414
5464427
5464429
5464430
5464442
5464444
5464471
5464475
5464477
5464478
5464487
5464491
5464493
5464494
5464502
5464506
5464508
5464550
5464637
5464638
5464667
5464669
5464670
5464697
5464700
5464861
5464862
5464877
5464878
5464892
5464907
5464909
5464910
5464921
5464922
5464937
5464940
5464952
5464998
5465030
5465060
5465510
5465570
5465990
5466018
5466020
5466050
5466080
5466167
5466173
5466174
5466227
5466279
5466283
5466285
5466286
5466291
5466293
5466294
5466342
5466391
5466397
5466398
5466413
5466414
5466422
5466428
5466451
5466482
5466503
5466507
5466509
5466510
5466515
5466517
5466518
5466531
5466533
5466534
5466538
5466540
5466546
5466548
5466566
5466594
5466596
5466707
5466737
5466790
5466822
5466852
5466961
5466962
5466992
5467014
5467042
5467044
5467074
5467104
5467187
5467249
5467250
5467302
5467362
5467411
5467442
5467473
5467474
5467504
5467526
5467554
5467556
5467586
5467616
5467667
5467698
5467729
5467730
5467760
5467782
5467810
5467812
5467842
5467872
5468439
5468445
5468446
5468455
5468461
5468462
5468470
5468476
5468499
5468502
5468506
5468508
5468522
5468524
5468530
5468566
5468570
5468572
5468582
5468586
5468588
5468726
5468732
5468755
5468758
5468762
5468764
5468785
5468786
5468788
5468792
5468950
5468956
5468972
5469002
5469004
5469009
5469010
5469012
5469016
5469032
5469040
5469298
5469522
5469538
5469746
5469778
5469808
5469970
5469986
5470018
5470032
5470048
5470262
5470268
5470322
5470374
5470378
5470380
5470386
5470388
5470486
5470492
5470502
5470508
5470546
5470562
5470598
5470602
5470604
5470610
5470612
5470626
5470628
5470802
5470832
5471042
5471056
5471072
5471282
5471330
5471344
5471506
5471522
5471554
5471568
5471584
5471762
5471778
5471810
5471824
5471840
5493015
5493019
5493021
5493022
5493031
5493035
5493037
5493038
5493043
5493046
5493049
5493050
5493052
5493075
5493081
5493082
5493084
5493091
5493097
5493098
5493106
5493112
5493139
5493145
5493146
5493148
5493155
5493161
5493162
5493170
5493176
5493208
5493299
5493305
5493306
5493331
5493337
5493338
5493340
5493361
5493368
5493464
5493523
5493529
5493530
5493532
5493539
5493545
5493546
5493554
5493560
5493571
5493577
5493578
5493580
5493585
5493586
5493588
5493592
5493601
5493608
5493616
5493656
5493704
5493712
5494104
5494168
5494360
5494424
5494552
5494600
5494608
5494664
5494672
5494835
5494841
5494842
5494947
5494953
5494954
5494961
5494962
5495059
5495065
5495066
5495068
5495075
5495081
5495082
5495090
5495096
5495128
5495171
5495177
5495178
5495180
5495185
5495186
5495188
5495192
5495201
5495208
5495216
5495240
5495248
5495384
5495496
5495504
5495576
5495624
5495632
5495688
5495696
5496088
5496136
5496144
5496200
5496208
5496344
5496392
5496400
5496456
5496464
5501203
5501206
5501209
5501210
5501212
5501234
5501266
5501272
5501282
5501288
5501490
5501496
5501522
5501528
5501552
5501714
5501720
5501730
5501736
5501762
5501768
5501776
5501792
5591135
5591159
5591163
5591165
5591166
5591383
5591387
5591389
5591390
5591403
5591405
5591406
5591411
5591414
5591418
5591420
5591516
5591607
5591611
5591613
5591614
5591639
5591643
5591645
5591646
5591667
5591669
5591673
5591676
5591772
5591831
5591835
5591837
5591838
5591851
5591853
5591854
5591859
5591862
5591866
5591868
5591883
5591885
5591886
5591891
5591893
5591894
5591897
5591898
5591900
5591913
5591916
5591921
5591922
5591924
5591928
5591964
5592012
5592020
5592024
5592403
5592419
5592434
5592627
5592659
5592668
5592689
5592732
5592792
5592851
5592860
5592867
5592882
5592899
5592908
5592913
5592914
5592916
5592920
5592929
5592944
5592972
5592980
5593032
5593040
5593651
5593683
5593713
5593875
5593884
5593891
5593906
5593923
5593932
5593937
5593938
5593940
5593944
5593953
5593968
5593996
5594004
5594056
5594064
5594960
5595231
5595259
5595261
5595262
5595351
5595355
5595357
5595358
5595483
5595485
5595486
5595499
5595501
5595502
5595514
5595516
5595622
5595707
5595709
5595710
5595739
5595741
5595742
5595769
5595772
5595931
5595933
5595934
5595947
5595949
5595950
5595962
5595964
5595979
5595981
5595982
5595993
5595994
5596009
5596012
5596024
5596070
5596102
5596132
5596251
5596253
5596254
5596311
5596315
5596317
5596318
5596371
5596377
5596378
5596582
5596642
5597062
5597090
5597092
5597122
5597152
5597271
5597275
5597277
5597278
5597299
5597383
5597387
5597389
5597390
5597395
5597397
5597398
5597414
5597523
5597554
5597638
5597666
5597668
5597747
5597779
5597809
5597862
5597894
5597924
5597971
5598002
5598033
5598034
5598064
5598086
5598114
5598116
5598146
5598176
5598231
5598235
5598237
5598238
5598259
5598283
5598285
5598286
5598291
5598293
5598294
5598297
5598298
5598321
5598322
5598343
5598347
5598349
5598350
5598355
5598357
5598358
5598374
5598403
5598406
5598409
5598410
5598417
5598418
5598434
5598483
5598514
5598545
5598546
5598576
5598598
5598626
5598628
5598658
5598688
5598739
5598770
5598801
5598802
5598832
5598854
5598882
5598884
5598914
5598944
5599319
5599323
5599325
5599326
5599347
5599350
5599354
5599356
5599446
5599450
5599452
5599571
5599574
5599578
5599580
5599594
5599596
5599602
5599795
5599798
5599802
5599804
5599827
5599830
5599834
5599836
5599857
5599858
5599860
5599864
5600019
5600022
5600026
5600028
5600042
5600044
5600050
5600074
5600076
5600081
5600082
5600084
5600088
5600104
5600112
5600339
5600342
5600346
5600348
5600370
5600406
5600410
5600412
5600466
5600472
5600594
5600818
5600850
5600880
5601042
5601104
5601363
5601366
5601370
5601372
5601394
5601478
5601482
5601484
5601490
5601492
5601618
5601634
5601842
5601874
5601904
5602066
5602082
5602114
5602128
5602144
5602323
5602326
5602330
5602332
5602354
5602371
5602374
5602378
5602380
5602385
5602386
5602388
5602392
5602402
5602416
5602438
5602442
5602444
5602450
5602452
5602498
5602504
5602512
5602578
5602594
5602626
5602640
5602656
5602834
5602850
5602882
5602896
5602912
5611615
5611639
5611643
5611645
5611646
5611863
5611867
5611869
5611870
5611879
5611883
5611885
5611886
5611894
5611898
5611900
5612006
5612087
5612091
5612093
5612094
5612119
5612123
5612125
5612126
5612149
5612153
5612156
5612217
5612311
5612315
5612317
5612318
5612327
5612331
5612333
5612334
5612342
5612345
5612346
5612348
5612359
5612363
5612365
5612366
5612373
5612374
5612377
5612378
5612389
5612390
5612393
5612396
5612404
5612408
5612441
5612454
5612457
5612472
5612486
5612516
5612902
5612966
5612984
5613113
5613209
5613233
5613240
5613337
5613350
5613353
5613368
5613382
5613412
5613446
5613449
5613457
5613473
5613474
5613476
5613480
5613488
5613506
5613536
5614137
5614246
5614257
5614361
5614374
5614377
5614392
5614406
5614436
5614470
5614473
5614481
5614497
5614498
5614500
5614504
5614512
5614530
5614560
5615520
5615703
5615707
5615709
5615710
5615734
5615738
5615740
5615830
5615834
5615836
5615958
5615962
5615964
5615974
5615978
5615980
5616182
5616185
5616186
5616188
5616214
5616218
5616220
5616244
5616248
5616312
5616406
5616409
5616410
5616412
5616422
5616425
5616426
5616428
5616440
5616454
5616458
5616460
5616468
5616472
5616484
5616488
5616536
5616552
5616726
5616730
5616732
5616790
5616793
5616794
5616796
5616824
5616850
5616856
5617048
5617064
5617208
5617304
5617328
5617432
5617448
5617544
5617552
5617568
5617750
5617754
5617756
5617862
5617866
5617868
5617874
5617876
5618232
5618344
5618352
5618456
5618472
5618568
5618576
5618592
5618710
5618713
5618714
5618716
5618744
5618758
5618762
5618764
5618772
5618776
5618822
5618825
5618826
5618828
5618833
5618834
5618836
5618840
5618856
5618864
5618882
5618888
5618896
5618968
5618984
5619080
5619088
5619104
5619224
5619240
5619336
5619344
5619360
5632083
5632086
5632090
5632114
5632120
5632338
5632344
5632354
5632360
5632562
5632568
5632594
5632600
5632624
5632786
5632792
5632802
5632808
5632834
5632840
5632848
5632864
5656923
5656925
5656926
5656954
5656956
5657052
5657147
5657149
5657150
5657179
5657181
5657182
5657209
5657212
5657255
5657259
5657261
5657262
5657287
5657291
5657293
5657294
5657308
5657317
5657321
5657324
5657371
5657373
5657374
5657402
5657404
5657433
5657434
5657436
5657464
5657500
5657548
5657556
5657560
5657767
5657771
5657773
5657774
5657827
5657833
5657834
5657948
5658012
5658072
5658204
5658247
5658251
5658253
5658254
5658268
5658275
5658277
5658282
5658284
5658307
5658313
5658314
5658316
5658328
5658337
5658344
5658396
5658456
5658508
5658516
5658568
5658576
5658739
5658963
5658972
5658979
5658994
5659084
5659092
5659187
5659219
5659228
5659249
5659340
5659348
5659411
5659420
5659427
5659442
5659459
5659468
5659473
5659474
5659476
5659480
5659489
5659504
5659532
5659540
5659592
5659600
5659699
5659747
5659761
5659762
5659923
5659932
5659939
5659954
5659971
5659980
5659985
5659986
5659988
5659992
5660001
5660016
5660044
5660052
5660104
5660112
5660179
5660188
5660195
5660210
5660227
5660236
5660241
5660242
5660244
5660248
5660257
5660272
5660300
5660308
5660360
5660368
5660496
5665114
5665116
5665338
5665340
5665370
5665372
5665400
5665446
5665450
5665452
5665478
5665482
5665484
5665508
5665512
5665562
5665564
5665624
5665958
5665962
5665964
5666018
5666024
5666438
5666442
5666444
5666466
5666468
5666498
5666504
5666528
5666930
5667154
5667170
5667378
5667410
5667440
5667602
5667618
5667650
5667664
5667680
5667890
5667938
5667952
5668114
5668130
5668162
5668176
5668192
5668370
5668386
5668418
5668432
5668448
5673303
5673307
5673309
5673310
5673323
5673325
5673326
5673334
5673338
5673340
5673436
5673519
5673527
5673531
5673533
5673534
5673559
5673563
5673565
5673566
5673579
5673581
5673589
5673593
5673596
5673657
5673751
5673755
5673757
5673758
5673771
5673773
5673774
5673782
5673785
5673786
5673788
5673803
5673805
5673806
5673813
5673814
5673817
5673818
5673820
5673833
5673836
5673844
5673848
5673881
5673884
5673897
5673912
5673932
5673940
5673944
5674332
5674393
5674424
5674777
5674780
5674793
5674808
5674836
5674840
5674897
5674904
5674928
5675356
5675468
5675476
5675577
5675612
5675697
5675801
5675804
5675817
5675832
5675852
5675860
5675864
5675913
5675916
5675921
5675924
5675928
5675937
5675944
5675952
5675976
5675984
5676313
5676316
5676329
5676344
5676372
5676376
5676433
5676440
5676464
5676824
5676944
5681494
5681498
5681500
5681514
5681516
5681707
5681709
5681710
5681718
5681721
5681722
5681724
5681739
5681741
5681742
5681750
5681754
5681756
5681769
5681770
5681772
5681780
5681784
5681830
5681833
5681834
5681836
5681848
5681862
5681866
5681868
5681892
5681896
5681942
5681945
5681946
5681948
5681961
5681962
5681964
5681976
5681994
5681996
5682004
5682008
5682024
5682072
5682088
5682282
5682284
5682342
5682345
5682346
5682348
5682360
5682402
5682408
5682584
5682600
5682729
5682730
5682732
5682744
5682762
5682764
5682792
5682822
5682825
5682826
5682828
5682840
5682849
5682850
5682852
5682856
5682864
5682882
5682888
5682912
5682968
5682984
5683080
5683088
5683104
5683768
5683880
5683888
5683992
5684008
5684104
5684112
5684128
5684280
5684392
5684400
5684504
5684520
5684616
5684624
5684640
5684760
5684776
5684872
5684880
5684896
5697874
5697880
5697896
5698089
5698090
5698092
5698098
5698104
5698130
5698136
5698152
5698160
5698322
5698328
5698344
5698376
5698384
5722227
5722451
5722460
5722482
5722675
5722707
5722716
5722737
5722899
5722908
5722930
5722956
5722961
5722962
5722964
5722968
5722992
5723984
5725008
5725520
5725776
5730418
5730642
5730866
5730898
5730928
5731090
5731152
5738844
5739065
5739100
5739289
5739292
5739305
5739320
5739340
5739348
5739352
5739416
5740184
5740312
5740424
5740432
5741336
5741448
5741456
5742104
5742216
5742224
5742950
5743161
5743385
5743398
5743401
5743416
5743430
5743460
5744544
5745568
5746080
5746336
5747256
5747480
5747496
5755224
5755480
5755672
5755720
5755728
5759330
5759778
5759810
5759840
7345951
7345979
7345981
7345982
7346011
7346013
7346014
7346041
7346042
7346044
7346063
7346071
7346075
7346077
7346078
7346087
7346091
7346093
7346094
7346099
7346101
7346102
7346105
7346106
7346108
7346119
7346123
7346125
7346126
7346131
7346133
7346134
7346137
7346138
7346140
7346147
7346149
7346153
7346154
7346156
7346161
7346162
7346164
7346168
7347023
7347031
7347035
7347037
7347038
7347047
7347051
7347053
7347054
7347059
7347061
7347062
7347065
7347066
7347068
7347087
7347095
7347099
7347101
7347102
7347111
7347115
7347117
7347118
7347123
7347125
7347126
7347129
7347130
7347132
7347143
7347147
7347149
7347150
7347155
7347157
7347158
7347161
7347162
7347164
7347171
7347173
7347177
7347178
7347180
7347185
7347186
7347188
7347192
7347503
7347511
7347515
7347517
7347518
7347535
7347543
7347547
7347549
7347550
7347559
7347563
7347565
7347566
7347571
7347573
7347574
7347577
7347578
7347580
7347623
7347627
7347629
7347630
7347635
7347637
7347638
7347641
7347642
7347644
7347655
7347659
7347661
7347662
7347667
7347669
7347670
7347673
7347674
7347676
7347683
7347685
7347689
7347690
7347692
7347697
7347698
7347700
7347704
7347743
7347767
7347771
7347773
7347774
7347791
7347799
7347803
7347805
7347806
7347815
7347819
7347821
7347822
7347827
7347829
7347830
7347833
7347834
7347836
7347855
7347863
7347867
7347869
7347870
7347879
7347883
7347885
7347886
7347891
7347893
7347894
7347897
7347898
7347900
7347911
7347915
7347917
7347923
7347925
7347926
7347929
7347930
7347932
7347939
7347941
7347945
7347946
7347948
7347953
7347954
7347956
7347960
7347991
7347995
7347997
7347998
7348007
7348011
7348013
7348014
7348019
7348022
7348025
7348026
7348028
7348039
7348043
7348045
7348046
7348051
7348053
7348054
7348057
7348058
7348060
7348067
7348069
7348073
7348076
7348081
7348082
7348084
7348088
7348103
7348107
7348109
7348110
7348115
7348117
7348118
7348121
7348124
7348131
7348133
7348137
7348138
7348140
7348145
7348146
7348148
7348152
7348163
7348169
7348170
7348172
7348177
7348178
7348180
7348184
7348193
7348200
7348208
7350171
7350173
7350174
7350201
7350202
7350204
7350233
7350234
7350264
7351131
7351133
7351134
7351161
7351162
7351164
7351191
7351195
7351197
7351198
7351211
7351213
7351214
7351219
7351221
7351222
7351225
7351226
7351228
7351243
7351245
7351246
7351251
7351253
7351254
7351257
7351258
7351273
7351274
7351276
7351281
7351282
7351284
7351288
7351583
7351611
7351613
7351614
7351643
7351645
7351646
7351673
7351674
7351676
7351695
7351703
7351707
7351710
7351723
7351725
7351726
7351731
7351733
7351734
7351737
7351738
7351740
7351755
7351757
7351758
7351763
7351765
7351766
7351769
7351770
7351785
7351786
7351788
7351793
7351794
7351796
7351800
7351867
7351869
7351870
7351899
7351901
7351902
7351929
7351930
7351932
7351951
7351959
7351963
7351965
7351966
7351979
7351981
7351982
7351987
7351989
7351990
7351993
7351994
7351996
7352011
7352013
7352019
7352021
7352022
7352025
7352026
7352041
7352042
7352044
7352049
7352050
7352052
7352056
7352091
7352093
7352094
7352121
7352122
7352124
7352153
7352154
7352184
7352203
7352205
7352206
7352211
7352213
7352214
7352217
7352233
7352234
7352236
7352241
7352242
7352244
7352248
7352265
7352266
7352273
7352274
7352296
7352304
7354169
7354170
7354172
7354201
7354202
7354204
7354232
7354259
7354261
7354262
7354265
7354266
7354268
7354275
7354277
7354278
7354281
7354282
7354284
7354289
7354290
7354292
7354296
7354307
7354313
7354314
7354321
7354322
7354324
7354328
7354337
7354338
7354340
7354344
7354352
7355219
7355221
7355222
7355225
7355226
7355228
7355235
7355237
7355238
7355244
7355249
7355250
7355252
7355256
7355283
7355285
7355286
7355289
7355290
7355292
7355299
7355301
7355302
7355305
7355306
7355308
7355313
7355314
7355316
7355320
7355331
7355334
7355337
7355338
7355340
7355345
7355346
7355348
7355352
7355361
7355362
7355364
7355368
7355376
7355699
7355702
7355706
7355731
7355733
7355734
7355737
7355738
7355740
7355747
7355749
7355750
7355753
7355754
7355756
7355761
7355762
7355764
7355768
7355795
7355798
7355802
7355811
7355813
7355814
7355817
7355818
7355820
7355825
7355826
7355828
7355832
7355843
7355846
7355850
7355857
7355858
7355860
7355864
7355873
7355874
7355876
7355880
7355888
7355955
7355958
7355961
7355962
7355964
7355987
7355989
7355990
7355993
7355994
7355996
7356017
7356018
7356020
7356024
7356051
7356053
7356054
7356057
7356067
7356069
7356070
7356073
7356074
7356076
7356081
7356082
7356084
7356088
7356099
7356102
7356105
7356106
7356108
7356113
7356114
7356116
7356120
7356129
7356130
7356132
7356136
7356144
7356179
7356182
7356185
7356186
7356188
7356195
7356198
7356201
7356202
7356204
7356209
7356210
7356216
7356227
7356230
7356234
7356236
7356241
7356242
7356244
7356248
7356257
7356258
7356260
7356264
7356272
7356294
7356297
7356298
7356300
7356305
7356306
7356308
7356312
7356321
7356322
7356324
7356328
7356336
7356354
7356360
7356368
7356384
7362393
7362394
7362396
7362424
7362451
7362453
7362454
7362457
7362458
7362460
7362467
7362469
7362473
7362474
7362481
7362482
7362484
7362488
7362513
7362514
7362516
7362520
7362529
7362530
7362532
7362536
7362544
7363381
7363382
7363388
7363411
7363413
7363414
7363420
7363441
7363442
7363444
7363448
7363491
7363493
7363494
7363497
7363498
7363500
7363505
7363506
7363508
7363512
7363523
7363525
7363526
7363529
7363530
7363532
7363537
7363538
7363540
7363544
7363553
7363554
7363556
7363560
7363568
7363923
7363925
7363926
7363930
7363939
7363941
7363942
7363945
7363946
7363948
7363953
7363954
7363956
7363960
7363987
7363990
7363994
7364003
7364005
7364006
7364010
7364017
7364018
7364020
7364024
7364049
7364050
7364052
7364056
7364065
7364066
7364068
7364072
7364080
7364147
7364149
7364150
7364153
7364154
7364156
7364179
7364181
7364182
7364185
7364209
7364210
7364212
7364216
7364273
7364274
7364276
7364280
7364291
7364293
7364297
7364305
7364306
7364308
7364312
7364321
7364322
7364324
7364328
7364336
7364371
7364373
7364374
7364377
7364378
7364380
7364387
7364389
7364390
7364393
7364394
7364401
7364402
7364404
7364408
7364419
7364421
7364422
7364425
7364426
7364428
7364433
7364434
7364436
7364440
7364449
7364450
7364452
7364456
7364464
7364485
7364486
7364489
7364490
7364492
7364497
7364498
7364500
7364504
7364513
7364514
7364516
7364520
7364528
7364545
7364546
7364548
7364552
7364560
7364576
7366553
7366584
7367484
7367544
7367601
7367602
7367604
7367608
7367625
7367626
7367628
7367633
7367634
7367636
7367640
7367656
7367664
7368056
7368083
7368085
7368113
7368114
7368116
7368120
7368176
7368473
7368476
7368504
7368536
7368593
7368624
7370641
7370642
7370644
7370648
7370672
7370704
7370720
7371632
7371696
7371713
7371714
7371716
7371720
7371728
7371744
7372129
7372130
7372132
7372136
7372144
7372208
7372240
7372256
7372337
7372338
7372340
7372344
7372400
7372464
7372496
7372561
7372562
7372564
7372568
7372577
7372578
7372580
7372584
7372592
7372609
7372610
7372612
7372616
7372624
7372640
7372676
7372680
7372688
7372704
7372736
7378835
7378837
7378841
7378865
7378866
7378868
7378872
7378928
7379907
7379909
7379910
7379916
7379921
7379922
7379924
7379928
7379937
7379938
7379940
7379944
7379952
7380323
7380325
7380337
7380338
7380340
7380344
7380464
7380755
7380757
7380758
7380761
7380764
7380771
7380773
7380774
7380777
7380785
7380786
7380788
7380792
7380817
7380818
7380820
7380824
7380833
7380848
7380881
7380888
7380912
7387056
7387088
7388112
7388128
7388528
7388640
7388848
7388945
7388946
7388948
7388952
7388961
7388962
7388964
7388968
7388976
7388994
7388996
7389008
7389024
7389057
7389058
7389060
7389064
7389072
7389088
7389120
7405328
7405344
7410271
7410295
7410299
7410301
7410302
7410359
7410363
7410365
7410366
7410391
7410395
7410397
7410398
7410421
7410425
7410428
7410511
7410519
7410523
7410525
7410526
7410539
7410541
7410542
7410547
7410549
7410550
7410553
7410554
7410556
7410583
7410587
7410589
7410590
7410599
7410603
7410605
7410606
7410614
7410617
7410618
7410620
7410631
7410635
7410637
7410638
7410645
7410646
7410649
7410650
7410652
7410661
7410665
7410668
7410676
7410680
7410783
7410807
7410811
7410813
7410814
7410871
7410875
7410877
7410878
7410903
7410907
7410909
7410910
7410931
7410937
7410938
7411031
7411035
7411037
7411038
7411051
7411053
7411054
7411059
7411062
7411066
7411068
7411111
7411115
7411117
7411118
7411126
7411129
7411130
7411132
7411155
7411161
7411162
7411164
7411171
7411177
7411178
7411186
7411192
7411255
7411259
7411261
7411262
7411287
7411291
7411293
7411294
7411315
7411317
7411321
7411324
7411351
7411355
7411357
7411358
7411379
7411381
7411385
7411386
7411388
7411411
7411417
7411418
7411420
7411441
7411448
7411479
7411483
7411485
7411486
7411499
7411501
7411502
7411507
7411510
7411513
7411514
7411516
7411531
7411533
7411534
7411539
7411541
7411542
7411545
7411546
7411548
7411561
7411564
7411569
7411570
7411572
7411576
7411591
7411595
7411597
7411598
7411603
7411605
7411606
7411609
7411612
7411619
7411621
7411625
7411626
7411628
7411633
7411634
7411636
7411640
7411651
7411657
7411658
7411660
7411665
7411666
7411668
7411672
7411681
7411688
7411696
7412055
7412059
7412061
7412062
7412071
7412075
7412077
7412078
7412083
7412086
7412090
7412092
7412135
7412139
7412141
7412142
7412147
7412149
7412150
7412153
7412154
7412156
7412167
7412171
7412173
7412174
7412179
7412181
7412182
7412188
7412195
7412197
7412202
7412204
7412210
7412212
7412311
7412315
7412317
7412318
7412339
7412341
7412345
7412348
7412391
7412395
7412397
7412398
7412403
7412405
7412406
7412409
7412423
7412427
7412429
7412430
7412435
7412437
7412438
7412444
7412453
7412457
7412460
7412465
7412468
7412551
7412555
7412557
7412558
7412563
7412565
7412566
7412569
7412570
7412572
7412579
7412581
7412585
7412588
7412593
7412594
7412596
7412600
7412615
7412619
7412621
7412622
7412627
7412629
7412630
7412633
7412636
7412643
7412645
7412649
7412650
7412652
7412657
7412658
7412660
7412664
7412675
7412681
7412682
7412684
7412689
7412690
7412692
7412696
7412705
7412712
7412720
7412791
7412795
7412797
7412798
7412815
7412823
7412827
7412829
7412830
7412839
7412843
7412845
7412846
7412851
7412853
7412854
7412857
7412858
7412903
7412907
7412909
7412910
7412915
7412917
7412918
7412921
7412935
7412939
7412941
7412942
7412947
7412949
7412950
7412953
7412954
7412956
7412963
7412969
7412970
7412977
7412978
7413031
7413035
7413037
7413038
7413043
7413046
7413049
7413050
7413052
7413063
7413067
7413069
7413070
7413075
7413077
7413078
7413081
7413082
7413084
7413091
7413093
7413097
7413100
7413105
7413106
7413108
7413112
7413155
7413157
7413161
7413162
7413164
7413169
7413170
7413172
7413176
7413187
7413193
7413194
7413196
7413201
7413202
7413204
7413208
7413217
7413224
7413232
7413271
7413275
7413277
7413278
7413287
7413291
7413293
7413294
7413299
7413302
7413305
7413306
7413308
7413319
7413323
7413325
7413326
7413331
7413333
7413334
7413337
7413338
7413340
7413347
7413349
7413353
7413356
7413361
7413362
7413364
7413368
7413383
7413387
7413389
7413390
7413395
7413397
7413398
7413401
7413404
7413411
7413413
7413417
7413418
7413420
7413425
7413426
7413428
7413432
7413443
7413449
7413450
7413452
7413457
7413458
7413460
7413464
7413473
7413480
7413488
7413523
7413529
7413532
7413539
7413545
7413553
7413554
7413560
7413571
7413580
7413585
7413586
7413588
7413592
7413601
7413616
7413641
7413644
7413649
7413652
7413656
7413665
7413672
7413680
7413704
7413712
7414367
7414395
7414397
7414398
7414455
7414459
7414461
7414462
7414487
7414491
7414493
7414494
7414517
7414521
7414524
7414607
7414619
7414621
7414622
7414635
7414637
7414638
7414649
7414650
7414652
7414679
7414683
7414685
7414686
7414695
7414699
7414701
7414702
7414710
7414713
7414714
7414716
7414727
7414731
7414733
7414734
7414741
7414742
7414745
7414746
7414757
7414758
7414761
7414764
7414772
7414776
7414879
7414907
7414909
7414910
7414943
7414967
7414971
7414973
7414974
7414999
7415003
7415005
7415006
7415027
7415033
7415034
7415131
7415133
7415134
7415147
7415149
7415150
7415162
7415164
7415191
7415195
7415198
7415207
7415211
7415213
7415214
7415222
7415225
7415226
7415228
7415251
7415257
7415258
7415267
7415270
7415273
7415274
7415282
7415288
7415355
7415357
7415358
7415387
7415389
7415390
7415417
7415420
7415447
7415451
7415453
7415454
7415475
7415477
7415481
7415482
7415484
7415507
7415513
7415514
7415537
7415544
7415579
7415581
7415582
7415595
7415597
7415598
7415609
7415610
7415612
7415627
7415629
7415630
7415641
7415642
7415657
7415660
7415672
7415687
7415691
7415693
7415694
7415699
7415701
7415702
7415705
7415715
7415717
7415718
7415721
7415722
7415724
7415729
7415730
7415732
7415736
7415747
7415750
7415753
7415754
7415761
7415762
7415777
7415778
7415780
7415784
7415792
7416151
7416155
7416157
7416158
7416171
7416173
7416174
7416179
7416182
7416186
7416188
7416207
7416215
7416219
7416222
7416231
7416235
7416237
7416238
7416243
7416245
7416246
7416249
7416250
7416252
7416263
7416267
7416269
7416270
7416275
7416277
7416278
7416291
7416293
7416294
7416298
7416300
7416306
7416308
7416407
7416411
7416413
7416414
7416435
7416437
7416441
7416444
7416487
7416491
7416493
7416494
7416499
7416501
7416502
7416505
7416519
7416523
7416525
7416526
7416531
7416533
7416534
7416549
7416550
7416553
7416556
7416561
7416564
7416651
7416653
7416654
7416659
7416661
7416662
7416665
7416666
7416681
7416684
7416689
7416690
7416692
7416696
7416711
7416715
7416717
7416718
7416723
7416725
7416726
7416729
7416739
7416741
7416742
7416745
7416746
7416748
7416753
7416754
7416756
7416760
7416771
7416774
7416777
7416778
7416785
7416786
7416801
7416802
7416804
7416808
7416816
7416863
7416887
7416891
7416893
7416894
7416911
7416919
7416923
7416925
7416926
7416939
7416941
7416942
7416947
7416949
7416950
7416953
7416954
7416975
7416983
7416987
7416990
7416999
7417003
7417005
7417006
7417011
7417013
7417014
7417017
7417031
7417035
7417037
7417038
7417043
7417045
7417046
7417049
7417050
7417059
7417062
7417065
7417066
7417073
7417074
7417111
7417115
7417118
7417131
7417133
7417134
7417139
7417142
7417145
7417146
7417148
7417163
7417165
7417166
7417171
7417173
7417174
7417177
7417178
7417193
7417196
7417201
7417202
7417204
7417208
7417223
7417227
7417230
7417235
7417238
7417251
7417253
7417254
7417257
7417258
7417260
7417265
7417266
7417268
7417272
7417283
7417286
7417289
7417290
7417297
7417298
7417313
7417314
7417316
7417320
7417328
7417367
7417371
7417373
7417374
7417387
7417389
7417390
7417395
7417398
7417401
7417402
7417404
7417419
7417421
7417422
7417427
7417429
7417430
7417433
7417434
7417449
7417452
7417457
7417458
7417460
7417464
7417479
7417483
7417485
7417486
7417491
7417493
7417494
7417497
7417507
7417509
7417510
7417513
7417514
7417516
7417521
7417522
7417524
7417528
7417539
7417542
7417545
7417546
7417553
7417554
7417569
7417570
7417572
7417576
7417584
7417619
7417625
7417641
7417649
7417650
7417656
7417681
7417682
7417712
7417734
7417737
7417745
7417761
7417762
7417764
7417768
7417776
7417794
7417824
7418455
7418459
7418461
7418462
7418483
7418485
7418486
7418489
7418490
7418492
7418550
7418553
7418554
7418556
7418582
7418586
7418588
7418612
7418616
7418699
7418701
7418702
7418707
7418709
7418710
7418713
7418714
7418716
7418729
7418730
7418732
7418737
7418738
7418740
7418744
7418774
7418777
7418778
7418780
7418790
7418793
7418794
7418796
7418808
7418822
7418826
7418828
7418836
7418840
7418852
7418856
7418967
7418971
7418973
7418974
7418995
7418998
7419002
7419004
7419031
7419035
7419038
7419062
7419065
7419066
7419068
7419091
7419094
7419097
7419098
7419100
7419122
7419128
7419219
7419222
7419226
7419228
7419242
7419244
7419250
7419286
7419290
7419302
7419305
7419306
7419308
7419320
7419346
7419352
7419362
7419368
7419443
7419446
7419449
7419450
7419452
7419475
7419478
7419482
7419484
7419505
7419506
7419508
7419512
7419542
7419545
7419546
7419548
7419569
7419570
7419572
7419576
7419602
7419608
7419632
7419667
7419670
7419673
7419674
7419676
7419689
7419690
7419692
7419697
7419698
7419704
7419722
7419724
7419729
7419730
7419732
7419736
7419752
7419760
7419782
7419785
7419786
7419788
7419793
7419794
7419796
7419800
7419809
7419810
7419812
7419816
7419824
7419842
7419848
7419856
7419872
7420243
7420246
7420250
7420252
7420259
7420262
7420266
7420268
7420274
7420295
7420299
7420302
7420307
7420310
7420314
7420323
7420325
7420326
7420329
7420330
7420332
7420337
7420338
7420340
7420344
7420358
7420362
7420364
7420370
7420372
7420386
7420388
7420499
7420502
7420506
7420508
7420529
7420530
7420532
7420536
7420582
7420585
7420586
7420588
7420593
7420594
7420596
7420600
7420614
7420618
7420620
7420626
7420628
7420644
7420648
7420656
7420739
7420742
7420746
7420748
7420753
7420754
7420756
7420760
7420769
7420770
7420772
7420776
7420784
7420806
7420809
7420810
7420812
7420817
7420818
7420820
7420824
7420833
7420834
7420836
7420840
7420848
7420866
7420872
7420880
7420896
7420951
7420955
7420958
7420979
7420982
7420985
7420986
7420988
7420999
7421003
7421005
7421006
7421011
7421013
7421014
7421017
7421018
7421020
7421027
7421030
7421034
7421036
7421041
7421042
7421044
7421048
7421063
7421067
7421070
7421075
7421078
7421082
7421094
7421097
7421098
7421100
7421105
7421106
7421108
7421112
7421123
7421126
7421129
7421130
7421132
7421137
7421138
7421140
7421144
7421154
7421160
7421168
7421203
7421206
7421210
7421219
7421222
7421225
7421226
7421228
7421233
7421234
7421240
7421251
7421254
7421258
7421260
7421265
7421266
7421268
7421272
7421281
7421282
7421284
7421288
7421296
7421318
7421322
7421330
7421345
7421346
7421348
7421352
7421360
7421378
7421384
7421392
7421408
7421459
7421462
7421465
7421466
7421468
7421475
7421478
7421481
7421482
7421484
7421489
7421490
7421496
7421507
7421510
7421514
7421516
7421521
7421522
7421524
7421528
7421537
7421538
7421540
7421544
7421552
7421574
7421577
7421578
7421580
7421585
7421586
7421588
7421592
7421601
7421602
7421604
7421608
7421616
7421634
7421640
7421648
7421664
7421713
7421714
7421720
7421729
7421730
7421736
7421744
7421762
7421776
7421792
7421832
7421840
7421856
7422527
7422559
7422587
7422589
7422590
7422647
7422651
7422653
7422654
7422679
7422683
7422685
7422686
7422709
7422713
7422716
7422751
7422767
7422781
7422782
7422799
7422811
7422813
7422814
7422827
7422829
7422830
7422841
7422842
7422844
7422871
7422875
7422877
7422878
7422887
7422891
7422893
7422894
7422902
7422906
7422908
7422919
7422923
7422925
7422926
7422933
7422934
7422937
7422938
7422940
7422949
7422950
7422953
7422956
7422964
7422968
7423071
7423099
7423101
7423102
7423135
7423159
7423163
7423165
7423166
7423191
7423195
7423197
7423198
7423219
7423225
7423226
7423323
7423325
7423326
7423339
7423341
7423342
7423354
7423356
7423383
7423387
7423390
7423399
7423403
7423405
7423406
7423414
7423418
7423420
7423443
7423449
7423450
7423452
7423459
7423462
7423465
7423466
7423474
7423480
7423547
7423549
7423550
7423579
7423581
7423582
7423609
7423612
7423639
7423643
7423645
7423646
7423667
7423669
7423674
7423676
7423699
7423705
7423706
7423708
7423729
7423736
7423771
7423773
7423774
7423787
7423789
7423790
7423802
7423804
7423819
7423821
7423822
7423833
7423834
7423836
7423849
7423852
7423864
7423879
7423883
7423885
7423886
7423891
7423893
7423894
7423900
7423907
7423909
7423910
7423914
7423916
7423922
7423924
7423939
7423942
7423945
7423946
7423948
7423953
7423954
7423956
7423960
7423969
7423970
7423972
7423976
7423984
7424287
7424303
7424311
7424317
7424318
7424343
7424347
7424349
7424350
7424363
7424365
7424366
7424371
7424374
7424378
7424380
7424399
7424407
7424411
7424414
7424423
7424427
7424429
7424430
7424435
7424437
7424438
7424442
7424444
7424455
7424459
7424461
7424462
7424467
7424469
7424470
7424476
7424483
7424485
7424486
7424490
7424492
7424498
7424500
7424567
7424573
7424574
7424599
7424603
7424605
7424606
7424627
7424629
7424633
7424636
7424679
7424683
7424685
7424686
7424691
7424693
7424694
7424711
7424715
7424717
7424718
7424723
7424725
7424726
7424732
7424741
7424742
7424745
7424748
7424753
7424756
7424791
7424797
7424798
7424813
7424814
7424822
7424828
7424843
7424845
7424846
7424851
7424853
7424854
7424857
7424858
7424860
7424873
7424876
7424881
7424882
7424884
7424888
7424903
7424907
7424909
7424910
7424915
7424917
7424918
7424924
7424931
7424933
7424934
7424938
7424940
7424946
7424948
7424963
7424966
7424969
7424970
7424972
7424977
7424978
7424980
7424984
7424993
7424994
7424996
7425000
7425008
7425055
7425079
7425083
7425085
7425086
7425103
7425111
7425115
7425117
7425118
7425131
7425133
7425134
7425139
7425141
7425142
7425145
7425146
7425167
7425175
7425179
7425182
7425191
7425195
7425197
7425198
7425203
7425205
7425206
7425223
7425227
7425229
7425230
7425235
7425237
7425238
7425241
7425242
7425244
7425251
7425254
7425257
7425258
7425265
7425266
7425303
7425307
7425310
7425323
7425325
7425326
7425331
7425334
7425338
7425340
7425355
7425357
7425358
7425363
7425365
7425366
7425369
7425370
7425372
7425385
7425388
7425393
7425394
7425396
7425400
7425415
7425419
7425422
7425427
7425430
7425443
7425445
7425446
7425450
7425452
7425458
7425460
7425475
7425478
7425481
7425482
7425484
7425489
7425490
7425492
7425496
7425505
7425506
7425508
7425512
7425520
7425559
7425563
7425565
7425566
7425579
7425581
7425582
7425587
7425590
7425594
7425596
7425611
7425613
7425614
7425619
7425621
7425622
7425625
7425626
7425628
7425641
7425644
7425649
7425650
7425652
7425656
7425671
7425675
7425677
7425678
7425683
7425685
7425686
7425692
7425699
7425701
7425702
7425706
7425708
7425714
7425716
7425731
7425734
7425737
7425738
7425740
7425745
7425746
7425748
7425752
7425761
7425762
7425764
7425768
7425776
7425811
7425820
7425842
7425868
7425873
7425874
7425876
7425880
7425904
7425926
7425932
7425940
7425954
7425956
7425986
7425988
7425992
7426000
7426016
7426615
7426621
7426622
7426647
7426651
7426653
7426654
7426677
7426678
7426681
7426682
7426684
7426741
7426742
7426745
7426746
7426773
7426774
7426777
7426778
7426780
7426804
7426808
7426839
7426845
7426846
7426861
7426862
7426869
7426870
7426876
7426891
7426893
7426894
7426899
7426901
7426902
7426905
7426906
7426908
7426921
7426922
7426924
7426929
7426930
7426932
7426936
7426965
7426966
7426969
7426970
7426972
7426981
7426982
7426985
7426986
7426996
7427000
7427013
7427014
7427017
7427018
7427020
7427028
7427032
7427044
7427048
7427159
7427163
7427165
7427166
7427187
7427189
7427190
7427193
7427194
7427223
7427227
7427230
7427253
7427254
7427257
7427258
7427283
7427285
7427286
7427289
7427290
7427292
7427313
7427314
7427411
7427413
7427414
7427417
7427418
7427420
7427433
7427434
7427441
7427442
7427444
7427448
7427478
7427482
7427493
7427494
7427497
7427498
7427508
7427512
7427537
7427538
7427540
7427544
7427553
7427554
7427568
7427635
7427637
7427638
7427641
7427642
7427667
7427669
7427670
7427673
7427674
7427676
7427697
7427698
7427700
7427704
7427733
7427734
7427737
7427738
7427740
7427761
7427762
7427764
7427768
7427793
7427794
7427796
7427800
7427824
7427859
7427861
7427862
7427865
7427866
7427868
7427881
7427882
7427889
7427890
7427892
7427896
7427913
7427914
7427916
7427921
7427922
7427924
7427928
7427944
7427952
7427973
7427974
7427977
7427978
7427980
7427985
7427986
7427988
7427992
7428001
7428002
7428004
7428008
7428016
7428033
7428034
7428036
7428040
7428048
7428064
7428375
7428382
7428391
7428397
7428398
7428406
7428412
7428435
7428437
7428438
7428441
7428442
7428444
7428451
7428453
7428454
7428457
7428458
7428465
7428466
7428468
7428472
7428487
7428491
7428494
7428499
7428502
7428506
7428515
7428517
7428518
7428521
7428522
7428524
7428529
7428530
7428532
7428536
7428549
7428550
7428553
7428554
7428556
7428561
7428562
7428564
7428568
7428577
7428578
7428580
7428584
7428592
7428661
7428662
7428691
7428693
7428694
7428697
7428698
7428700
7428721
7428722
7428724
7428728
7428773
7428774
7428777
7428778
7428785
7428786
7428805
7428806
7428809
7428810
7428812
7428817
7428818
7428820
7428824
7428836
7428840
7428848
7428885
7428886
7428892
7428901
7428902
7428916
7428931
7428933
7428934
7428937
7428938
7428940
7428945
7428946
7428948
7428952
7428961
7428962
7428964
7428968
7428976
7428997
7428998
7429001
7429002
7429004
7429009
7429010
7429012
7429016
7429025
7429026
7429028
7429032
7429040
7429057
7429058
7429060
7429064
7429072
7429088
7429143
7429147
7429150
7429171
7429173
7429174
7429177
7429178
7429191
7429195
7429197
7429198
7429203
7429205
7429206
7429209
7429210
7429212
7429219
7429221
7429222
7429225
7429226
7429233
7429234
7429255
7429259
7429262
7429267
7429270
7429274
7429285
7429286
7429289
7429290
7429297
7429298
7429315
7429317
7429318
7429321
7429322
7429324
7429329
7429330
7429332
7429336
7429345
7429346
7429395
7429398
7429402
7429411
7429413
7429414
7429417
7429418
7429425
7429426
7429428
7429432
7429443
7429445
7429446
7429449
7429450
7429452
7429457
7429458
7429460
7429464
7429473
7429474
7429476
7429480
7429488
7429510
7429514
7429522
7429537
7429538
7429540
7429544
7429552
7429569
7429570
7429572
7429576
7429584
7429600
7429651
7429653
7429654
7429657
7429658
7429660
7429667
7429669
7429670
7429673
7429674
7429681
7429682
7429684
7429688
7429699
7429701
7429702
7429705
7429706
7429708
7429713
7429714
7429716
7429720
7429729
7429730
7429732
7429736
7429744
7429765
7429766
7429769
7429770
7429772
7429777
7429778
7429780
7429784
7429793
7429794
7429796
7429800
7429808
7429825
7429826
7429828
7429832
7429840
7429856
7429905
7429906
7429908
7429912
7429921
7429922
7429936
7429953
7429954
7429956
7429960
7429968
7429984
7430020
7430024
7430032
7430080
7430717
7430718
7430747
7430749
7430750
7430777
7430780
7430837
7430841
7430844
7430869
7430873
7430876
7430941
7430942
7430957
7430958
7430972
7430987
7430989
7430990
7431001
7431002
7431004
7431017
7431020
7431032
7431061
7431065
7431068
7431077
7431078
7431081
7431084
7431092
7431096
7431109
7431110
7431113
7431116
7431124
7431128
7431140
7431259
7431261
7431262
7431289
7431292
7431319
7431323
7431325
7431326
7431349
7431353
7431356
7431379
7431381
7431385
7431386
7431388
7431409
7431416
7431513
7431516
7431529
7431532
7431544
7431573
7431577
7431580
7431589
7431590
7431593
7431596
7431604
7431608
7431633
7431640
7431649
7431650
7431652
7431656
7431664
7431737
7431740
7431769
7431772
7431829
7431833
7431836
7431857
7431864
7431889
7431896
7431961
7431964
7431977
7431980
7431992
7432009
7432012
7432024
7432069
7432070
7432073
7432076
7432081
7432084
7432097
7432098
7432100
7432104
7432112
7432129
7432130
7432132
7432136
7432144
7432160
7432471
7432478
7432494
7432502
7432531
7432533
7432537
7432540
7432553
7432556
7432561
7432562
7432564
7432568
7432583
7432587
7432589
7432590
7432595
7432597
7432598
7432601
7432604
7432611
7432613
7432614
7432617
7432618
7432620
7432625
7432626
7432628
7432632
7432645
7432646
7432649
7432652
7432657
7432660
7432673
7432674
7432676
7432680
7432688
7432757
7432764
7432787
7432789
7432793
7432796
7432817
7432869
7432870
7432873
7432876
7432881
7432884
7432901
7432902
7432905
7432908
7432913
7432916
7432932
7432981
7432988
7433004
7433012
7433033
7433036
7433041
7433042
7433044
7433048
7433072
7433093
7433094
7433097
7433100
7433105
7433108
7433121
7433122
7433124
7433128
7433136
7433153
7433154
7433156
7433160
7433168
7433184
7433239
7433243
7433245
7433246
7433267
7433269
7433273
7433276
7433291
7433293
7433294
7433299
7433301
7433302
7433305
7433306
7433308
7433321
7433324
7433329
7433330
7433332
7433336
7433351
7433355
7433357
7433358
7433363
7433365
7433366
7433369
7433372
7433381
7433382
7433385
7433388
7433393
7433396
7433411
7433413
7433414
7433417
7433418
7433420
7433425
7433426
7433428
7433432
7433441
7433442
7433444
7433448
7433456
7433491
7433493
7433497
7433500
7433513
7433516
7433521
7433522
7433524
7433528
7433545
7433548
7433553
7433554
7433556
7433560
7433584
7433605
7433606
7433609
7433612
7433617
7433620
7433633
7433634
7433636
7433640
7433648
7433665
7433666
7433668
7433672
7433680
7433696
7433747
7433749
7433753
7433756
7433769
7433772
7433777
7433778
7433780
7433784
7433801
7433804
7433809
7433810
7433812
7433816
7433840
7433861
7433862
7433865
7433868
7433873
7433876
7433889
7433890
7433892
7433896
7433904
7433921
7433922
7433924
7433928
7433936
7433952
7434001
7434032
7434064
7434116
7434144
7434176
7434805
7434806
7434812
7434837
7434838
7434841
7434842
7434844
7434868
7434872
7434932
7434936
7434964
7434968
7435029
7435030
7435036
7435052
7435060
7435081
7435082
7435084
7435089
7435092
7435096
7435112
7435156
7435160
7435172
7435176
7435204
7435208
7435347
7435349
7435350
7435353
7435354
7435356
7435377
7435378
7435380
7435384
7435413
7435414
7435417
7435418
7435420
7435444
7435448
7435473
7435474
7435476
7435480
7435504
7435601
7435602
7435604
7435608
7435624
7435632
7435668
7435672
7435684
7435688
7435728
7435744
7435825
7435826
7435828
7435832
7435857
7435858
7435860
7435864
7435888
7435924
7435928
7435952
7435984
7436049
7436050
7436052
7436056
7436072
7436080
7436104
7436112
7436164
7436168
7436176
7436192
7436224
7436625
7436626
7436628
7436632
7436641
7436642
7436644
7436648
7436656
7436677
7436678
7436681
7436682
7436684
7436689
7436690
7436692
7436705
7436706
7436708
7436712
7436720
7436740
7436744
7436752
7436768
7436852
7436881
7436882
7436884
7436888
7436912
7436964
7436968
7436976
7436996
7437000
7437008
7437076
7437092
7437121
7437122
7437124
7437128
7437136
7437152
7437188
7437192
7437200
7437216
7437248
7437331
7437333
7437334
7437337
7437338
7437340
7437361
7437362
7437364
7437368
7437379
7437381
7437382
7437385
7437386
7437388
7437393
7437394
7437396
7437400
7437409
7437410
7437412
7437416
7437424
7437445
7437446
7437449
7437450
7437457
7437458
7437460
7437476
7437480
7437488
7437505
7437506
7437508
7437512
7437520
7437536
7437585
7437586
7437588
7437592
7437601
7437602
7437604
7437608
7437616
7437633
7437634
7437636
7437640
7437648
7437664
7437700
7437704
7437712
7437728
7437760
7437841
7437842
7437844
7437848
7437857
7437858
7437860
7437864
7437872
7437889
7437890
7437892
7437896
7437904
7437920
7437956
7437960
7437968
7437984
7438016
7438096
7438112
7438144
7438911
7438943
7438967
7438971
7438973
7438974
7439031
7439035
7439037
7439038
7439063
7439067
7439069
7439070
7439093
7439097
7439100
7439135
7439151
7439159
7439165
7439166
7439183
7439191
7439195
7439197
7439198
7439207
7439211
7439213
7439214
7439221
7439222
7439225
7439226
7439228
7439255
7439259
7439261
7439262
7439271
7439275
7439277
7439278
7439286
7439289
7439290
7439292
7439303
7439307
7439309
7439310
7439317
7439318
7439321
7439322
7439324
7439333
7439334
7439337
7439340
7439348
7439352
7439455
7439479
7439483
7439485
7439486
7439543
7439547
7439549
7439550
7439575
7439579
7439581
7439582
7439603
7439609
7439610
7439703
7439707
7439709
7439710
7439719
7439723
7439725
7439726
7439734
7439738
7439740
7439783
7439787
7439789
7439790
7439798
7439801
7439802
7439804
7439827
7439833
7439834
7439836
7439843
7439846
7439849
7439850
7439858
7439864
7439927
7439931
7439933
7439934
7439959
7439963
7439965
7439966
7439989
7439993
7439996
7440023
7440027
7440029
7440030
7440051
7440053
7440057
7440058
7440060
7440083
7440089
7440090
7440092
7440113
7440120
7440151
7440155
7440157
7440158
7440167
7440171
7440173
7440174
7440182
7440185
7440186
7440188
7440199
7440203
7440205
7440206
7440213
7440214
7440217
7440218
7440220
7440229
7440230
7440233
7440236
7440244
7440248
7440263
7440267
7440269
7440270
7440275
7440277
7440278
7440281
7440284
7440291
7440293
7440294
7440297
7440298
7440300
7440305
7440306
7440308
7440312
7440323
7440326
7440329
7440330
7440332
7440337
7440338
7440340
7440344
7440353
7440354
7440356
7440360
7440368
7440687
7440695
7440701
7440702
7440727
7440731
7440733
7440734
7440743
7440747
7440749
7440750
7440758
7440762
7440764
7440807
7440811
7440813
7440814
7440819
7440821
7440822
7440825
7440826
7440828
7440839
7440843
7440845
7440846
7440851
7440853
7440854
7440860
7440867
7440869
7440870
7440874
7440876
7440882
7440884
7440951
7440957
7440958
7440983
7440987
7440989
7440990
7441013
7441017
7441020
7441063
7441067
7441069
7441070
7441075
7441077
7441078
7441081
7441095
7441099
7441101
7441102
7441107
7441109
7441110
7441116
7441125
7441126
7441129
7441132
7441137
7441140
7441175
7441181
7441182
7441191
7441197
7441198
7441206
7441212
7441223
7441227
7441229
7441230
7441237
7441238
7441241
7441242
7441244
7441253
7441254
7441257
7441260
7441268
7441272
7441287
7441291
7441293
7441294
7441299
7441301
7441302
7441305
7441308
7441315
7441317
7441318
7441321
7441322
7441324
7441329
7441330
7441332
7441336
7441347
7441350
7441353
7441354
7441356
7441361
7441362
7441364
7441368
7441377
7441378
7441380
7441384
7441392
7441463
7441467
7441469
7441470
7441487
7441495
7441499
7441501
7441502
7441511
7441515
7441517
7441518
7441525
7441526
7441529
7441530
7441575
7441579
7441581
7441582
7441587
7441589
7441590
7441593
7441607
7441611
7441613
7441614
7441619
7441621
7441622
7441625
7441626
7441628
7441635
7441638
7441641
7441642
7441649
7441650
7441703
7441707
7441709
7441710
7441718
7441721
7441722
7441724
7441735
7441739
7441741
7441742
7441749
7441750
7441753
7441754
7441756
7441765
7441766
7441769
7441772
7441780
7441784
7441827
7441829
7441830
7441833
7441834
7441836
7441841
7441842
7441844
7441848
7441859
7441862
7441865
7441866
7441868
7441873
7441874
7441876
7441880
7441889
7441890
7441892
7441896
7441904
7441943
7441947
7441949
7441950
7441959
7441963
7441965
7441966
7441974
7441977
7441978
7441980
7441991
7441995
7441997
7441998
7442005
7442006
7442009
7442010
7442012
7442021
7442022
7442025
7442028
7442036
7442040
7442055
7442059
7442061
7442062
7442067
7442069
7442070
7442073
7442076
7442083
7442085
7442086
7442089
7442090
7442092
7442097
7442098
7442100
7442104
7442115
7442118
7442121
7442122
7442124
7442129
7442130
7442132
7442136
7442145
7442146
7442148
7442152
7442160
7442201
7442204
7442214
7442217
7442232
7442246
7442252
7442260
7442264
7442276
7442310
7442313
7442316
7442321
7442324
7442328
7442337
7442338
7442340
7442344
7442352
7442370
7442372
7442376
7442384
7442400
7442999
7443005
7443006
7443031
7443035
7443037
7443038
7443059
7443061
7443062
7443065
7443068
7443123
7443125
7443126
7443129
7443155
7443157
7443158
7443164
7443185
7443188
7443223
7443229
7443230
7443245
7443246
7443254
7443260
7443271
7443275
7443277
7443278
7443283
7443285
7443286
7443289
7443290
7443292
7443299
7443301
7443302
7443305
7443308
7443313
7443314
7443316
7443320
7443347
7443349
7443350
7443353
7443356
7443363
7443365
7443366
7443369
7443377
7443378
7443380
7443384
7443395
7443397
7443398
7443404
7443409
7443410
7443412
7443416
7443425
7443428
7443440
7443543
7443547
7443549
7443550
7443571
7443573
7443574
7443635
7443637
7443638
7443641
7443667
7443669
7443670
7443673
7443674
7443676
7443697
7443698
7443795
7443797
7443798
7443804
7443811
7443813
7443814
7443826
7443828
7443875
7443877
7443878
7443881
7443889
7443890
7443892
7443896
7443921
7443922
7443924
7443928
7443937
7443938
7443952
7444019
7444021
7444022
7444025
7444051
7444053
7444054
7444060
7444081
7444084
7444115
7444117
7444118
7444121
7444124
7444145
7444146
7444148
7444152
7444177
7444178
7444180
7444184
7444208
7444243
7444245
7444246
7444249
7444252
7444259
7444261
7444262
7444265
7444273
7444274
7444276
7444280
7444291
7444293
7444294
7444300
7444305
7444306
7444308
7444312
7444321
7444324
7444336
7444355
7444357
7444358
7444361
7444364
7444369
7444372
7444376
7444385
7444386
7444388
7444392
7444400
7444417
7444418
7444420
7444424
7444432
7444448
7444775
7444781
7444782
7444789
7444790
7444796
7444819
7444821
7444822
7444828
7444835
7444837
7444838
7444850
7444852
7444899
7444901
7444902
7444905
7444906
7444908
7444913
7444914
7444916
7444920
7444931
7444933
7444934
7444940
7444948
7444962
7444964
7445045
7445046
7445075
7445077
7445078
7445084
7445105
7445108
7445155
7445157
7445158
7445161
7445169
7445187
7445189
7445190
7445196
7445204
7445217
7445220
7445269
7445270
7445276
7445285
7445286
7445300
7445315
7445317
7445318
7445324
7445329
7445330
7445332
7445336
7445345
7445348
7445360
7445379
7445381
7445382
7445385
7445388
7445393
7445396
7445400
7445409
7445410
7445412
7445416
7445424
7445441
7445442
7445444
7445448
7445456
7445472
7445555
7445557
7445558
7445561
7445575
7445579
7445581
7445582
7445587
7445589
7445590
7445593
7445594
7445596
7445603
7445605
7445606
7445617
7445618
7445667
7445669
7445670
7445673
7445681
7445699
7445701
7445702
7445705
7445706
7445708
7445713
7445714
7445716
7445720
7445729
7445730
7445795
7445797
7445798
7445801
7445809
7445810
7445812
7445816
7445827
7445829
7445830
7445836
7445841
7445842
7445844
7445848
7445857
7445860
7445872
7445921
7445922
7445924
7445928
7445936
7445953
7445954
7445956
7445960
7445968
7445984
7446035
7446037
7446038
7446041
7446044
7446051
7446053
7446054
7446057
7446065
7446066
7446068
7446072
7446083
7446085
7446086
7446092
7446097
7446098
7446100
7446104
7446113
7446116
7446128
7446147
7446149
7446150
7446153
7446156
7446161
7446164
7446168
7446177
7446178
7446180
7446184
7446192
7446209
7446210
7446212
7446216
7446224
7446240
7446289
7446292
7446296
7446305
7446320
7446340
7446352
7446401
7446404
7446408
7446416
7446432
7446464
7447101
7447102
7447127
7447131
7447133
7447134
7447155
7447157
7447161
7447162
7447164
7447219
7447221
7447225
7447226
7447228
7447251
7447253
7447258
7447260
7447281
7447288
7447325
7447326
7447342
7447356
7447367
7447371
7447373
7447374
7447379
7447381
7447382
7447385
7447386
7447388
7447395
7447397
7447398
7447401
7447402
7447404
7447409
7447410
7447412
7447416
7447443
7447445
7447449
7447450
7447452
7447459
7447461
7447462
7447465
7447466
7447468
7447473
7447474
7447476
7447480
7447491
7447493
7447494
7447498
7447500
7447505
7447506
7447508
7447512
7447521
7447522
7447524
7447528
7447536
7447639
7447643
7447645
7447646
7447667
7447669
7447674
7447676
7447703
7447707
7447710
7447731
7447733
7447737
7447738
7447740
7447763
7447765
7447769
7447770
7447772
7447793
7447800
7447891
7447893
7447898
7447900
7447907
7447909
7447910
7447914
7447916
7447922
7447924
7447955
7447962
7447971
7447973
7447974
7447977
7447978
7447980
7447985
7447986
7447988
7447992
7448017
7448024
7448033
7448034
7448036
7448040
7448048
7448115
7448117
7448121
7448122
7448124
7448147
7448149
7448154
7448156
7448177
7448184
7448211
7448213
7448217
7448218
7448220
7448241
7448248
7448273
7448280
7448339
7448341
7448345
7448346
7448348
7448355
7448357
7448358
7448361
7448362
7448364
7448369
7448370
7448372
7448376
7448387
7448389
7448390
7448394
7448396
7448401
7448402
7448404
7448408
7448417
7448418
7448420
7448424
7448432
7448451
7448453
7448454
7448457
7448458
7448460
7448465
7448466
7448468
7448472
7448481
7448482
7448484
7448488
7448496
7448513
7448514
7448516
7448520
7448528
7448544
7448855
7448862
7448871
7448877
7448878
7448885
7448886
7448892
7448915
7448917
7448922
7448924
7448931
7448933
7448934
7448938
7448940
7448946
7448948
7448967
7448971
7448974
7448979
7448982
7448986
7448995
7448997
7448998
7449001
7449002
7449004
7449009
7449010
7449012
7449016
7449027
7449029
7449030
7449034
7449036
7449042
7449044
7449058
7449060
7449141
7449148
7449171
7449173
7449178
7449180
7449201
7449208
7449251
7449253
7449254
7449257
7449258
7449260
7449265
7449266
7449268
7449272
7449283
7449285
7449286
7449290
7449292
7449298
7449300
7449313
7449314
7449316
7449320
7449328
7449365
7449372
7449381
7449382
7449388
7449396
7449411
7449413
7449414
7449418
7449420
7449425
7449426
7449428
7449432
7449441
7449442
7449444
7449448
7449456
7449475
7449477
7449478
7449481
7449482
7449484
7449489
7449490
7449492
7449496
7449505
7449506
7449508
7449512
7449520
7449537
7449538
7449540
7449544
7449552
7449568
7449623
7449627
7449630
7449651
7449653
7449657
7449658
7449660
7449671
7449675
7449677
7449678
7449683
7449685
7449686
7449689
7449690
7449692
7449699
7449701
7449702
7449706
7449708
7449713
7449714
7449716
7449720
7449735
7449739
7449742
7449747
7449750
7449754
7449763
7449765
7449766
7449769
7449770
7449772
7449777
7449778
7449780
7449784
7449795
7449797
7449798
7449801
7449802
7449804
7449809
7449810
7449812
7449816
7449825
7449826
7449828
7449832
7449840
7449875
7449882
7449891
7449893
7449894
7449897
7449898
7449900
7449905
7449906
7449908
7449912
7449923
7449925
7449926
7449930
7449932
7449937
7449938
7449940
7449944
7449953
7449954
7449956
7449960
7449968
7449987
7449990
7449994
7450002
7450017
7450018
7450020
7450024
7450032
7450049
7450050
7450052
7450056
7450064
7450080
7450131
7450133
7450137
7450138
7450140
7450147
7450149
7450150
7450153
7450154
7450156
7450161
7450162
7450164
7450168
7450179
7450181
7450182
7450186
7450188
7450193
7450194
7450196
7450200
7450209
7450210
7450212
7450216
7450224
7450243
7450245
7450246
7450249
7450250
7450252
7450257
7450258
7450260
7450264
7450273
7450274
7450276
7450280
7450288
7450305
7450306
7450308
7450312
7450320
7450336
7450385
7450392
7450401
7450402
7450404
7450408
7450416
7450434
7450436
7450464
7450497
7450498
7450500
7450504
7450512
7450528
7450560
7451219
7451221
7451222
7451226
7451228
7451249
7451250
7451252
7451256
7451313
7451314
7451316
7451320
7451346
7451348
7451376
7451459
7451461
7451462
7451466
7451468
7451473
7451474
7451476
7451480
7451489
7451490
7451492
7451496
7451504
7451537
7451538
7451540
7451544
7451553
7451554
7451556
7451560
7451568
7451586
7451588
7451600
7451616
7451731
7451733
7451734
7451738
7451740
7451762
7451764
7451795
7451798
7451802
7451825
7451826
7451828
7451832
7451857
7451858
7451860
7451864
7451888
7451986
7451988
7452002
7452004
7452050
7452065
7452066
7452068
7452072
7452080
7452112
7452128
7452209
7452210
7452212
7452216
7452242
7452244
7452272
7452305
7452306
7452308
7452312
7452336
7452368
7452433
7452434
7452436
7452440
7452449
7452450
7452452
7452456
7452464
7452482
7452484
7452496
7452512
7452545
7452546
7452548
7452552
7452560
7452576
7452608
7452950
7452965
7452966
7452972
7452980
7453010
7453012
7453026
7453028
7453059
7453062
7453066
7453074
7453089
7453090
7453092
7453096
7453104
7453122
7453124
7453236
7453266
7453268
7453296
7453345
7453346
7453348
7453352
7453360
7453378
7453380
7453408
7453460
7453476
7453506
7453508
7453520
7453536
7453569
7453570
7453572
7453576
7453584
7453600
7453632
7453715
7453718
7453722
7453745
7453746
7453748
7453752
7453763
7453765
7453766
7453770
7453772
7453777
7453778
7453780
7453784
7453794
7453796
7453808
7453827
7453830
7453834
7453842
7453857
7453858
7453860
7453864
7453872
7453889
7453890
7453892
7453896
7453904
7453920
7453970
7453985
7453986
7453988
7453992
7454000
7454018
7454020
7454032
7454048
7454082
7454112
7454144
7454225
7454226
7454228
7454232
7454241
7454242
7454244
7454248
7454256
7454274
7454276
7454288
7454304
7454337
7454338
7454340
7454344
7454352
7454368
7454400
7454480
7454496
7454592
7455287
7455293
7455294
7455319
7455323
7455325
7455326
7455347
7455349
7455353
7455354
7455356
7455411
7455417
7455418
7455443
7455449
7455450
7455452
7455473
7455480
7455511
7455517
7455518
7455527
7455533
7455534
7455542
7455548
7455559
7455563
7455565
7455566
7455571
7455573
7455574
7455577
7455578
7455580
7455587
7455589
7455590
7455593
7455594
7455596
7455601
7455602
7455604
7455608
7455635
7455641
7455642
7455644
7455651
7455654
7455657
7455658
7455666
7455672
7455683
7455686
7455689
7455690
7455692
7455697
7455698
7455700
7455704
7455713
7455714
7455716
7455720
7455728
7455831
7455835
7455837
7455838
7455859
7455865
7455866
7455895
7455899
7455902
7455923
7455929
7455930
7455955
7455961
7455962
7455964
7456083
7456089
7456090
7456092
7456099
7456102
7456105
7456106
7456114
7456120
7456147
7456154
7456163
7456166
7456169
7456170
7456178
7456184
7456216
7456226
7456307
7456313
7456314
7456339
7456345
7456346
7456348
7456369
7456376
7456403
7456409
7456410
7456412
7456433
7456440
7456472
7456531
7456537
7456538
7456540
7456547
7456550
7456553
7456554
7456562
7456568
7456579
7456582
7456585
7456586
7456588
7456593
7456594
7456596
7456600
7456609
7456610
7456612
7456616
7456624
7456643
7456646
7456649
7456650
7456652
7456657
7456658
7456660
7456664
7456673
7456674
7456676
7456680
7456688
7456706
7456708
7456712
7456720
7456736
7457047
7457051
7457054
7457063
7457067
7457069
7457070
7457075
7457078
7457082
7457084
7457107
7457113
7457114
7457116
7457123
7457126
7457129
7457130
7457138
7457144
7457159
7457163
7457166
7457171
7457174
7457187
7457189
7457190
7457193
7457194
7457196
7457201
7457202
7457204
7457208
7457219
7457222
7457225
7457226
7457228
7457233
7457234
7457236
7457240
7457249
7457250
7457252
7457256
7457264
7457331
7457337
7457338
7457363
7457369
7457370
7457372
7457393
7457400
7457443
7457446
7457449
7457450
7457457
7457458
7457475
7457478
7457481
7457482
7457484
7457489
7457490
7457492
7457496
7457505
7457506
7457508
7457512
7457520
7457555
7457561
7457562
7457564
7457571
7457574
7457577
7457578
7457586
7457592
7457603
7457606
7457609
7457610
7457612
7457617
7457618
7457620
7457624
7457633
7457634
7457636
7457640
7457648
7457667
7457670
7457673
7457674
7457676
7457681
7457682
7457684
7457688
7457697
7457698
7457700
7457704
7457712
7457730
7457732
7457736
7457744
7457760
7457815
7457819
7457822
7457843
7457849
7457850
7457863
7457867
7457869
7457870
7457875
7457877
7457878
7457881
7457882
7457884
7457891
7457894
7457897
7457898
7457905
7457906
7457927
7457931
7457934
7457939
7457942
7457946
7457955
7457958
7457961
7457962
7457969
7457970
7457987
7457990
7457993
7457994
7457996
7458001
7458002
7458004
7458008
7458018
7458067
7458074
7458083
7458086
7458089
7458090
7458098
7458104
7458115
7458118
7458121
7458122
7458124
7458129
7458130
7458132
7458136
7458145
7458146
7458148
7458152
7458160
7458179
7458182
7458186
7458194
7458209
7458210
7458212
7458216
7458224
7458242
7458244
7458248
7458256
7458272
7458323
7458329
7458330
7458332
7458339
7458342
7458345
7458346
7458354
7458360
7458371
7458374
7458377
7458378
7458380
7458385
7458386
7458388
7458392
7458401
7458402
7458404
7458408
7458416
7458435
7458438
7458441
7458442
7458444
7458449
7458450
7458452
7458456
7458465
7458466
7458468
7458472
7458480
7458498
7458500
7458504
7458512
7458528
7458584
7458594
7458626
7458628
7458632
7458640
7458656
7458690
7458692
7458696
7458704
7458720
7458752
7459381
7459382
7459411
7459413
7459414
7459417
7459418
7459420
7459441
7459442
7459444
7459448
7459505
7459506
7459537
7459538
7459540
7459544
7459568
7459605
7459606
7459612
7459621
7459622
7459636
7459651
7459653
7459654
7459657
7459658
7459660
7459665
7459666
7459668
7459672
7459681
7459682
7459684
7459688
7459696
7459729
7459730
7459732
7459736
7459745
7459746
7459760
7459777
7459778
7459780
7459784
7459792
7459808
7459923
7459925
7459926
7459929
7459930
7459932
7459953
7459954
7459987
7459990
7459994
7460017
7460018
7460049
7460050
7460052
7460056
7460177
7460178
7460180
7460184
7460193
7460194
7460208
7460242
7460257
7460258
7460272
7460304
7460401
7460402
7460433
7460434
7460436
7460440
7460464
7460497
7460498
7460500
7460504
7460528
7460560
7460625
7460626
7460628
7460632
7460641
7460642
7460656
7460673
7460674
7460676
7460680
7460688
7460704
7460737
7460738
7460740
7460744
7460752
7460768
7460800
7461142
7461157
7461158
7461162
7461172
7461201
7461202
7461204
7461208
7461217
7461218
7461232
7461254
7461281
7461282
7461284
7461288
7461296
7461313
7461314
7461316
7461320
7461328
7461344
7461425
7461426
7461457
7461458
7461460
7461464
7461488
7461537
7461538
7461569
7461570
7461572
7461576
7461584
7461600
7461649
7461650
7461652
7461656
7461665
7461666
7461680
7461697
7461698
7461700
7461704
7461712
7461728
7461761
7461762
7461764
7461768
7461776
7461792
7461824
7461907
7461910
7461914
7461937
7461938
7461955
7461957
7461958
7461961
7461962
7461964
7461969
7461970
7461972
7461976
7461985
7461986
7462019
7462022
7462026
7462034
7462049
7462050
7462081
7462082
7462084
7462088
7462096
7462162
7462177
7462178
7462192
7462209
7462210
7462212
7462216
7462224
7462240
7462274
7462304
7462336
7462417
7462418
7462420
7462424
7462433
7462434
7462448
7462465
7462466
7462468
7462472
7462480
7462496
7462529
7462530
7462532
7462536
7462544
7462560
7462592
7462672
7462720
7462784
7463477
7463484
7463507
7463509
7463513
7463514
7463516
7463537
7463544
7463601
7463608
7463633
7463640
7463701
7463708
7463717
7463718
7463724
7463732
7463747
7463749
7463750
7463753
7463754
7463756
7463761
7463762
7463764
7463768
7463777
7463778
7463780
7463784
7463792
7463825
7463832
7463841
7463842
7463844
7463848
7463856
7463873
7463874
7463876
7463880
7463888
7463904
7464019
7464021
7464025
7464026
7464028
7464049
7464056
7464083
7464085
7464089
7464090
7464113
7464120
7464145
7464152
7464273
7464280
7464289
7464290
7464292
7464296
7464304
7464337
7464344
7464353
7464354
7464356
7464360
7464368
7464416
7464497
7464504
7464529
7464536
7464593
7464600
7464721
7464728
7464737
7464738
7464740
7464744
7464752
7464769
7464770
7464772
7464776
7464784
7464800
7464833
7464834
7464836
7464840
7464848
7464864
7464896
7465237
7465244
7465253
7465254
7465260
7465268
7465297
7465304
7465313
7465314
7465316
7465320
7465328
7465347
7465349
7465350
7465354
7465356
7465362
7465364
7465377
7465378
7465380
7465384
7465392
7465409
7465410
7465412
7465416
7465424
7465440
7465521
7465528
7465553
7465560
7465633
7465634
7465636
7465640
7465648
7465665
7465666
7465668
7465672
7465680
7465696
7465745
7465752
7465761
7465762
7465764
7465768
7465776
7465793
7465794
7465796
7465800
7465808
7465824
7465857
7465858
7465860
7465864
7465872
7465888
7465920
7466003
7466005
7466009
7466010
7466033
7466040
7466051
7466053
7466054
7466057
7466058
7466060
7466065
7466066
7466068
7466072
7466081
7466082
7466084
7466088
7466096
7466115
7466117
7466118
7466122
7466129
7466130
7466145
7466146
7466148
7466152
7466160
7466177
7466178
7466180
7466184
7466192
7466208
7466257
7466264
7466273
7466274
7466276
7466280
7466288
7466305
7466306
7466308
7466312
7466320
7466336
7466369
7466370
7466372
7466376
7466384
7466400
7466432
7466513
7466520
7466529
7466530
7466532
7466536
7466544
7466561
7466562
7466564
7466568
7466576
7466592
7466625
7466626
7466628
7466632
7466640
7466656
7466688
7466784
7466816
7466880
7467572
7467601
7467602
7467604
7467608
7467632
7467696
7467728
7467796
7467812
7467841
7467842
7467844
7467848
7467856
7467872
7467920
7467936
7467968
7468113
7468114
7468116
7468120
7468144
7468178
7468208
7468240
7468368
7468384
7468432
7468448
7468592
7468624
7468688
7468816
7468832
7468864
7468928
7469348
7469392
7469408
7469442
7469472
7469504
7469616
7469648
7469728
7469760
7469840
7469856
7469888
7469952
7470098
7470128
7470145
7470146
7470148
7470152
7470160
7470176
7470210
7470240
7470272
7470352
7470368
7470400
7470464
7470608
7470624
7470656
7470720
7476059
7476061
7476062
7476089
7476090
7476092
7476119
7476123
7476125
7476126
7476135
7476139
7476141
7476142
7476150
7476153
7476154
7476156
7476167
7476171
7476173
7476174
7476181
7476182
7476185
7476186
7476188
7476197
7476201
7476204
7476212
7476216
7476347
7476349
7476350
7476399
7476407
7476411
7476413
7476414
7476455
7476459
7476461
7476462
7476467
7476473
7476474
7476571
7476573
7476574
7476602
7476604
7476631
7476635
7476637
7476638
7476647
7476651
7476653
7476654
7476662
7476665
7476666
7476668
7476691
7476697
7476698
7476700
7476707
7476713
7476714
7476722
7476728
7476795
7476797
7476798
7476827
7476829
7476830
7476857
7476860
7476879
7476887
7476891
7476893
7476894
7476903
7476907
7476909
7476910
7476915
7476917
7476921
7476922
7476924
7476935
7476939
7476941
7476942
7476947
7476953
7476954
7476956
7476963
7476965
7476969
7476970
7476972
7476977
7476984
7477019
7477021
7477022
7477049
7477050
7477052
7477081
7477082
7477084
7477112
7477127
7477131
7477133
7477134
7477139
7477141
7477142
7477145
7477148
7477155
7477157
7477161
7477162
7477164
7477169
7477170
7477172
7477176
7477187
7477193
7477194
7477196
7477201
7477202
7477204
7477208
7477217
7477224
7477232
7477367
7477371
7477373
7477374
7477423
7477431
7477435
7477437
7477438
7477479
7477483
7477485
7477486
7477491
7477493
7477494
7477591
7477595
7477597
7477598
7477607
7477611
7477613
7477614
7477619
7477622
7477626
7477628
7477647
7477655
7477659
7477661
7477662
7477671
7477675
7477677
7477678
7477683
7477685
7477686
7477689
7477690
7477692
7477703
7477707
7477709
7477710
7477715
7477717
7477718
7477724
7477731
7477733
7477738
7477740
7477746
7477748
7477847
7477851
7477853
7477854
7477875
7477877
7477881
7477884
7477927
7477931
7477933
7477934
7477939
7477941
7477942
7477945
7477959
7477963
7477965
7477966
7477971
7477973
7477974
7477980
7477989
7477993
7477996
7478001
7478004
7478087
7478091
7478093
7478094
7478099
7478101
7478102
7478105
7478106
7478108
7478115
7478117
7478121
7478124
7478129
7478130
7478132
7478136
7478151
7478155
7478157
7478158
7478163
7478165
7478166
7478169
7478172
7478179
7478181
7478185
7478186
7478188
7478193
7478194
7478196
7478200
7478211
7478217
7478218
7478220
7478225
7478226
7478228
7478232
7478241
7478248
7478256
7478327
7478331
7478333
7478334
7478375
7478379
7478381
7478382
7478387
7478389
7478390
7478393
7478394
7478439
7478443
7478445
7478446
7478451
7478453
7478454
7478457
7478499
7478505
7478506
7478513
7478514
7478551
7478555
7478557
7478558
7478567
7478571
7478573
7478574
7478579
7478582
7478585
7478586
7478588
7478599
7478603
7478605
7478606
7478611
7478613
7478614
7478617
7478618
7478620
7478627
7478629
7478633
7478636
7478641
7478642
7478644
7478648
7478663
7478667
7478669
7478670
7478675
7478677
7478678
7478681
7478684
7478691
7478693
7478697
7478698
7478700
7478705
7478706
7478708
7478712
7478723
7478729
7478730
7478732
7478737
7478738
7478740
7478744
7478753
7478760
7478768
7478807
7478811
7478813
7478814
7478823
7478827
7478829
7478830
7478835
7478838
7478841
7478842
7478844
7478855
7478859
7478861
7478862
7478867
7478869
7478870
7478873
7478874
7478876
7478883
7478885
7478889
7478892
7478897
7478898
7478900
7478904
7478919
7478923
7478925
7478926
7478931
7478933
7478934
7478937
7478940
7478947
7478949
7478953
7478954
7478956
7478961
7478962
7478964
7478968
7478979
7478985
7478986
7478988
7478993
7478994
7478996
7479000
7479009
7479016
7479024
7479059
7479065
7479068
7479075
7479081
7479089
7479090
7479096
7479107
7479116
7479121
7479122
7479124
7479128
7479137
7479152
7479177
7479180
7479185
7479188
7479192
7479201
7479208
7479216
7479240
7479248
7480219
7480221
7480222
7480249
7480250
7480252
7480281
7480282
7480312
7480507
7480509
7480510
7480569
7480570
7480731
7480733
7480734
7480761
7480762
7480764
7480793
7480794
7480824
7480987
7480989
7480990
7481017
7481018
7481020
7481049
7481050
7481080
7481241
7481272
7481467
7481469
7481470
7481519
7481527
7481531
7481533
7481534
7481579
7481581
7481582
7481587
7481589
7481590
7481691
7481693
7481694
7481722
7481724
7481743
7481751
7481755
7481757
7481758
7481771
7481773
7481774
7481779
7481781
7481782
7481785
7481786
7481788
7481803
7481805
7481806
7481811
7481813
7481814
7481834
7481836
7481842
7481844
7481947
7481949
7481950
7481977
7481980
7482027
7482029
7482030
7482035
7482037
7482038
7482041
7482059
7482061
7482062
7482067
7482069
7482070
7482089
7482092
7482097
7482100
7482201
7482202
7482232
7482251
7482253
7482254
7482259
7482261
7482262
7482265
7482281
7482282
7482284
7482289
7482290
7482292
7482296
7482313
7482314
7482321
7482322
7482344
7482352
7482427
7482429
7482430
7482489
7482490
7482539
7482541
7482542
7482547
7482549
7482550
7482553
7482601
7482602
7482609
7482610
7482651
7482653
7482654
7482681
7482682
7482684
7482713
7482714
7482744
7482763
7482765
7482766
7482771
7482773
7482774
7482777
7482793
7482794
7482796
7482801
7482802
7482804
7482808
7482825
7482826
7482833
7482834
7482856
7482864
7482907
7482909
7482910
7482937
7482938
7482940
7482969
7482970
7483000
7483019
7483021
7483022
7483027
7483029
7483030
7483033
7483049
7483050
7483052
7483057
7483058
7483060
7483064
7483081
7483082
7483089
7483090
7483112
7483120
7483161
7483192
7483273
7483281
7483304
7483312
7484249
7484250
7484252
7484280
7484310
7484313
7484314
7484316
7484326
7484329
7484330
7484332
7484344
7484358
7484362
7484364
7484372
7484376
7484388
7484392
7484538
7484540
7484583
7484587
7484589
7484590
7484598
7484601
7484602
7484604
7484643
7484646
7484649
7484650
7484652
7484658
7484664
7484762
7484764
7484822
7484825
7484826
7484828
7484838
7484841
7484842
7484844
7484856
7484882
7484888
7484898
7484904
7484985
7484986
7484988
7485018
7485020
7485048
7485063
7485067
7485069
7485070
7485078
7485081
7485082
7485084
7485091
7485093
7485094
7485097
7485098
7485100
7485105
7485106
7485108
7485112
7485123
7485126
7485129
7485130
7485132
7485138
7485144
7485153
7485154
7485156
7485160
7485168
7485209
7485210
7485212
7485240
7485272
7485318
7485321
7485322
7485324
7485329
7485330
7485332
7485336
7485345
7485346
7485348
7485352
7485360
7485378
7485384
7485392
7485408
7485555
7485558
7485562
7485564
7485607
7485611
7485613
7485614
7485619
7485621
7485622
7485625
7485626
7485628
7485670
7485674
7485676
7485682
7485684
7485779
7485782
7485786
7485788
7485795
7485798
7485802
7485804
7485810
7485831
7485835
7485837
7485838
7485843
7485845
7485846
7485849
7485850
7485852
7485859
7485861
7485862
7485865
7485866
7485868
7485873
7485874
7485876
7485880
7485894
7485898
7485900
7485906
7485908
7485922
7485924
7486035
7486038
7486042
7486044
7486065
7486066
7486068
7486072
7486118
7486121
7486122
7486124
7486129
7486130
7486132
7486136
7486150
7486154
7486156
7486162
7486164
7486180
7486184
7486192
7486275
7486278
7486282
7486284
7486289
7486290
7486292
7486296
7486305
7486306
7486308
7486312
7486320
7486342
7486345
7486346
7486348
7486353
7486354
7486356
7486360
7486369
7486370
7486372
7486376
7486384
7486402
7486408
7486416
7486432
7486515
7486518
7486521
7486522
7486524
7486563
7486566
7486570
7486572
7486577
7486578
7486580
7486584
7486630
7486633
7486634
7486636
7486641
7486642
7486644
7486648
7486690
7486696
7486704
7486739
7486742
7486745
7486746
7486748
7486755
7486758
7486761
7486762
7486764
7486769
7486770
7486776
7486787
7486790
7486794
7486796
7486801
7486802
7486804
7486808
7486817
7486818
7486820
7486824
7486832
7486854
7486857
7486858
7486860
7486865
7486866
7486868
7486872
7486881
7486882
7486884
7486888
7486896
7486914
7486920
7486928
7486944
7486995
7486998
7487001
7487002
7487004
7487011
7487014
7487017
7487018
7487020
7487025
7487026
7487032
7487043
7487046
7487050
7487052
7487057
7487058
7487060
7487064
7487073
7487074
7487076
7487080
7487088
7487110
7487113
7487114
7487116
7487121
7487122
7487124
7487128
7487137
7487138
7487140
7487144
7487152
7487170
7487176
7487184
7487200
7487249
7487250
7487256
7487265
7487266
7487272
7487280
7487298
7487312
7487328
7487368
7487376
7487392
7488411
7488413
7488414
7488442
7488444
7488473
7488474
7488476
7488504
7488699
7488701
7488702
7488761
7488762
7488923
7488925
7488926
7488954
7488956
7488985
7488986
7488988
7489016
7489179
7489181
7489182
7489210
7489212
7489241
7489242
7489244
7489272
7489436
7489496
7489659
7489661
7489662
7489711
7489719
7489723
7489725
7489726
7489771
7489773
7489774
7489779
7489781
7489782
7489883
7489885
7489886
7489914
7489916
7489935
7489943
7489947
7489949
7489950
7489963
7489965
7489966
7489971
7489973
7489974
7489978
7489980
7489995
7489997
7489998
7490003
7490005
7490006
7490012
7490026
7490028
7490034
7490036
7490109
7490110
7490139
7490141
7490142
7490169
7490172
7490219
7490221
7490222
7490227
7490229
7490230
7490251
7490253
7490254
7490259
7490261
7490262
7490268
7490281
7490284
7490289
7490292
7490333
7490334
7490364
7490393
7490394
7490396
7490424
7490443
7490445
7490446
7490451
7490453
7490454
7490460
7490474
7490476
7490482
7490484
7490505
7490506
7490508
7490513
7490514
7490516
7490520
7490536
7490544
7490619
7490621
7490622
7490681
7490682
7490731
7490733
7490734
7490739
7490741
7490742
7490793
7490794
7490801
7490802
7490843
7490845
7490846
7490874
7490876
7490905
7490906
7490908
7490936
7490955
7490957
7490958
7490963
7490965
7490966
7490972
7490986
7490988
7490994
7490996
7491017
7491018
7491020
7491025
7491026
7491028
7491032
7491048
7491056
7491099
7491101
7491102
7491130
7491132
7491161
7491162
7491164
7491192
7491211
7491213
7491214
7491219
7491221
7491222
7491228
7491242
7491244
7491250
7491252
7491273
7491274
7491276
7491281
7491282
7491284
7491288
7491304
7491312
7491356
7491416
7491468
7491476
7491528
7491536
7492381
7492382
7492412
7492441
7492442
7492444
7492472
7492501
7492502
7492505
7492506
7492508
7492517
7492518
7492521
7492522
7492532
7492536
7492549
7492550
7492553
7492554
7492556
7492564
7492568
7492580
7492584
7492729
7492730
7492775
7492779
7492781
7492782
7492789
7492790
7492793
7492794
7492835
7492837
7492838
7492841
7492842
7492849
7492850
7492953
7492954
7492956
7492984
7493013
7493014
7493017
7493018
7493020
7493029
7493030
7493033
7493034
7493044
7493048
7493073
7493074
7493076
7493080
7493089
7493090
7493104
7493177
7493178
7493209
7493210
7493212
7493240
7493255
7493259
7493261
7493262
7493269
7493270
7493273
7493274
7493276
7493283
7493285
7493286
7493289
7493290
7493292
7493297
7493298
7493300
7493304
7493315
7493317
7493318
7493321
7493322
7493324
7493329
7493330
7493332
7493336
7493345
7493346
7493348
7493352
7493360
7493401
7493402
7493404
7493432
7493464
7493509
7493510
7493513
7493514
7493516
7493521
7493522
7493524
7493528
7493537
7493538
7493540
7493544
7493552
7493569
7493570
7493572
7493576
7493584
7493600
7493747
7493749
7493750
7493753
7493754
7493799
7493803
7493805
7493806
7493811
7493813
7493814
7493817
7493818
7493861
7493862
7493865
7493866
7493873
7493874
7493971
7493973
7493974
7493977
7493978
7493980
7493987
7493989
7493990
7493993
7493994
7494001
7494002
7494004
7494008
7494023
7494027
7494029
7494030
7494035
7494037
7494038
7494041
7494042
7494044
7494051
7494053
7494054
7494057
7494058
7494060
7494065
7494066
7494068
7494072
7494085
7494086
7494089
7494090
7494092
7494097
7494098
7494100
7494104
7494113
7494114
7494116
7494120
7494128
7494197
7494198
7494227
7494229
7494230
7494233
7494234
7494236
7494257
7494258
7494260
7494264
7494309
7494310
7494313
7494314
7494321
7494322
7494341
7494342
7494345
7494346
7494348
7494353
7494354
7494356
7494360
7494372
7494376
7494384
7494421
7494422
7494428
7494437
7494438
7494452
7494467
7494469
7494470
7494473
7494474
7494476
7494481
7494482
7494484
7494488
7494497
7494498
7494500
7494504
7494512
7494533
7494534
7494537
7494538
7494540
7494545
7494546
7494548
7494552
7494561
7494562
7494564
7494568
7494576
7494593
7494594
7494596
7494600
7494608
7494624
7494707
7494709
7494710
7494713
7494714
7494755
7494757
7494758
7494761
7494762
7494769
7494770
7494821
7494822
7494825
7494826
7494833
7494834
7494881
7494882
7494931
7494933
7494934
7494937
7494938
7494940
7494947
7494949
7494950
7494953
7494954
7494961
7494962
7494964
7494968
7494979
7494981
7494982
7494985
7494986
7494988
7494993
7494994
7494996
7495000
7495009
7495010
7495012
7495016
7495024
7495045
7495046
7495049
7495050
7495052
7495057
7495058
7495060
7495064
7495073
7495074
7495076
7495080
7495088
7495105
7495106
7495108
7495112
7495120
7495136
7495187
7495189
7495190
7495193
7495194
7495196
7495203
7495205
7495206
7495209
7495210
7495217
7495218
7495220
7495224
7495235
7495237
7495238
7495241
7495242
7495244
7495249
7495250
7495252
7495256
7495265
7495266
7495268
7495272
7495280
7495301
7495302
7495305
7495306
7495308
7495313
7495314
7495316
7495320
7495329
7495330
7495332
7495336
7495344
7495361
7495362
7495364
7495368
7495376
7495392
7495441
7495442
7495444
7495448
7495457
7495458
7495472
7495489
7495490
7495492
7495496
7495504
7495520
7495556
7495560
7495568
7495616
7496601
7496604
7496632
7496664
7496889
7496892
7496952
7497113
7497116
7497144
7497176
7497369
7497372
7497400
7497432
7497849
7497852
7497899
7497901
7497902
7497907
7497909
7497910
7497913
7497916
7497961
7497964
7497969
7497972
7498073
7498076
7498104
7498123
7498125
7498126
7498131
7498133
7498134
7498137
7498140
7498153
7498154
7498156
7498161
7498162
7498164
7498168
7498185
7498188
7498193
7498196
7498216
7498224
7498300
7498329
7498332
7498409
7498412
7498417
7498420
7498441
7498444
7498449
7498452
7498524
7498584
7498633
7498636
7498641
7498644
7498664
7498672
7498696
7498704
7498809
7498812
7498872
7498921
7498924
7498929
7498932
7498984
7498992
7499033
7499036
7499064
7499096
7499145
7499148
7499153
7499156
7499176
7499184
7499208
7499216
7499289
7499292
7499320
7499352
7499401
7499404
7499409
7499412
7499432
7499440
7499464
7499472
7500632
7500692
7500696
7500708
7500712
7500740
7500744
7500920
7500965
7500966
7500969
7500970
7500972
7500980
7500984
7501025
7501026
7501028
7501032
7501040
7501144
7501204
7501208
7501220
7501224
7501264
7501280
7501368
7501400
7501445
7501446
7501449
7501450
7501452
7501460
7501464
7501473
7501474
7501476
7501480
7501488
7501505
7501506
7501508
7501512
7501520
7501536
7501592
7501700
7501704
7501712
7501728
7501760
7501937
7501938
7501940
7501944
7501989
7501990
7501993
7501994
7501996
7502001
7502002
7502004
7502008
7502052
7502056
7502064
7502161
7502162
7502164
7502168
7502177
7502178
7502180
7502184
7502192
7502213
7502214
7502217
7502218
7502220
7502225
7502226
7502228
7502232
7502241
7502242
7502244
7502248
7502256
7502276
7502280
7502288
7502304
7502388
7502417
7502418
7502420
7502424
7502448
7502500
7502504
7502512
7502532
7502536
7502544
7502612
7502628
7502657
7502658
7502660
7502664
7502672
7502688
7502724
7502728
7502736
7502752
7502784
7502897
7502898
7502900
7502904
7502945
7502946
7502948
7502952
7502960
7503012
7503016
7503024
7503072
7503121
7503122
7503124
7503128
7503137
7503138
7503140
7503144
7503152
7503169
7503170
7503172
7503176
7503184
7503200
7503236
7503240
7503248
7503264
7503296
7503377
7503378
7503380
7503384
7503393
7503394
7503396
7503400
7503408
7503425
7503426
7503428
7503432
7503440
7503456
7503492
7503496
7503504
7503520
7503552
7503632
7503648
7503680
7504727
7504731
7504733
7504734
7504757
7504758
7504761
7504762
7504764
7504791
7504795
7504797
7504798
7504811
7504813
7504814
7504822
7504825
7504826
7504828
7504843
7504845
7504846
7504853
7504854
7504857
7504858
7504860
7504873
7504876
7504884
7504888
7505015
7505019
7505021
7505022
7505071
7505079
7505083
7505085
7505086
7505131
7505133
7505134
7505139
7505145
7505146
7505239
7505243
7505245
7505246
7505270
7505274
7505276
7505303
7505307
7505309
7505310
7505323
7505325
7505326
7505334
7505337
7505338
7505340
7505363
7505369
7505370
7505372
7505385
7505386
7505394
7505400
7505463
7505467
7505469
7505470
7505495
7505499
7505501
7505502
7505525
7505529
7505532
7505551
7505559
7505563
7505565
7505566
7505579
7505581
7505582
7505587
7505589
7505593
7505594
7505596
7505611
7505613
7505614
7505619
7505625
7505626
7505628
7505641
7505642
7505644
7505649
7505656
7505687
7505691
7505693
7505694
7505718
7505721
7505722
7505724
7505749
7505750
7505753
7505754
7505756
7505780
7505784
7505803
7505805
7505806
7505811
7505813
7505814
7505817
7505820
7505833
7505834
7505836
7505841
7505842
7505844
7505848
7505865
7505866
7505868
7505873
7505874
7505876
7505880
7505896
7505904
7505983
7506039
7506043
7506045
7506046
7506095
7506103
7506107
7506109
7506110
7506151
7506155
7506157
7506158
7506163
7506165
7506166
7506207
7506223
7506231
7506237
7506238
7506263
7506267
7506269
7506270
7506279
7506283
7506285
7506286
7506294
7506298
7506300
7506319
7506327
7506331
7506333
7506334
7506343
7506347
7506349
7506350
7506355
7506357
7506358
7506361
7506362
7506364
7506375
7506379
7506381
7506382
7506387
7506389
7506390
7506396
7506403
7506405
7506406
7506410
7506412
7506418
7506420
7506487
7506493
7506494
7506519
7506523
7506525
7506526
7506549
7506553
7506556
7506599
7506603
7506605
7506606
7506611
7506613
7506614
7506617
7506631
7506635
7506637
7506638
7506643
7506645
7506646
7506652
7506661
7506662
7506665
7506668
7506673
7506676
7506711
7506717
7506718
7506727
7506733
7506734
7506742
7506748
7506759
7506763
7506765
7506766
7506773
7506774
7506777
7506778
7506780
7506789
7506790
7506793
7506796
7506804
7506808
7506823
7506827
7506829
7506830
7506835
7506837
7506838
7506841
7506844
7506851
7506853
7506854
7506857
7506858
7506860
7506865
7506866
7506868
7506872
7506883
7506886
7506889
7506890
7506892
7506897
7506898
7506900
7506904
7506913
7506914
7506916
7506920
7506928
7506999
7507003
7507005
7507006
7507047
7507051
7507053
7507054
7507061
7507062
7507065
7507066
7507111
7507115
7507117
7507118
7507123
7507125
7507126
7507129
7507171
7507174
7507177
7507178
7507185
7507186
7507223
7507227
7507229
7507230
7507239
7507243
7507245
7507246
7507254
7507257
7507258
7507260
7507271
7507275
7507277
7507278
7507285
7507286
7507289
7507290
7507292
7507301
7507302
7507305
7507308
7507316
7507320
7507335
7507339
7507341
7507342
7507347
7507349
7507350
7507353
7507356
7507363
7507365
7507366
7507369
7507370
7507372
7507377
7507378
7507380
7507384
7507395
7507398
7507401
7507402
7507404
7507409
7507410
7507412
7507416
7507425
7507426
7507428
7507432
7507440
7507479
7507483
7507485
7507486
7507495
7507499
7507501
7507502
7507510
7507513
7507514
7507516
7507527
7507531
7507533
7507534
7507541
7507542
7507545
7507546
7507548
7507557
7507558
7507561
7507564
7507572
7507576
7507591
7507595
7507597
7507598
7507603
7507605
7507606
7507609
7507612
7507619
7507621
7507622
7507625
7507626
7507628
7507633
7507634
7507636
7507640
7507651
7507654
7507657
7507658
7507660
7507665
7507666
7507668
7507672
7507681
7507682
7507684
7507688
7507696
7507737
7507740
7507750
7507753
7507768
7507782
7507788
7507796
7507800
7507812
7507846
7507849
7507852
7507857
7507860
7507864
7507873
7507874
7507876
7507880
7507888
7507906
7507908
7507912
7507920
7507936
7508811
7508813
7508814
7508819
7508821
7508822
7508825
7508826
7508828
7508841
7508844
7508849
7508850
7508852
7508856
7508883
7508885
7508886
7508889
7508892
7508899
7508901
7508902
7508905
7508913
7508914
7508916
7508920
7508931
7508933
7508934
7508940
7508945
7508946
7508948
7508952
7508961
7508964
7508976
7509099
7509101
7509102
7509107
7509109
7509110
7509159
7509163
7509165
7509166
7509171
7509173
7509174
7509177
7509219
7509221
7509222
7509225
7509226
7509233
7509234
7509331
7509333
7509334
7509340
7509362
7509364
7509395
7509397
7509398
7509401
7509404
7509411
7509413
7509414
7509417
7509425
7509426
7509428
7509432
7509457
7509458
7509460
7509464
7509473
7509474
7509488
7509547
7509549
7509550
7509555
7509557
7509558
7509561
7509579
7509581
7509582
7509587
7509589
7509590
7509596
7509609
7509612
7509617
7509620
7509639
7509643
7509645
7509646
7509651
7509653
7509654
7509657
7509660
7509667
7509669
7509670
7509673
7509674
7509676
7509681
7509682
7509684
7509688
7509699
7509701
7509702
7509705
7509706
7509708
7509713
7509714
7509716
7509720
7509729
7509730
7509732
7509736
7509744
7509779
7509781
7509782
7509785
7509788
7509801
7509809
7509810
7509812
7509816
7509836
7509841
7509842
7509844
7509848
7509872
7509891
7509893
7509894
7509897
7509900
7509905
7509908
7509912
7509921
7509922
7509924
7509928
7509936
7509953
7509954
7509956
7509960
7509968
7509984
7510071
7510077
7510078
7510131
7510133
7510134
7510183
7510187
7510189
7510190
7510195
7510197
7510198
7510201
7510243
7510245
7510246
7510295
7510301
7510302
7510317
7510318
7510326
7510332
7510355
7510357
7510358
7510364
7510371
7510373
7510374
7510386
7510388
7510407
7510411
7510413
7510414
7510419
7510421
7510422
7510425
7510428
7510435
7510437
7510438
7510441
7510442
7510444
7510449
7510450
7510452
7510456
7510467
7510469
7510470
7510476
7510484
7510498
7510500
7510581
7510582
7510611
7510613
7510614
7510620
7510641
7510644
7510691
7510693
7510694
7510697
7510705
7510723
7510725
7510726
7510732
7510740
7510753
7510756
7510805
7510806
7510812
7510821
7510822
7510836
7510851
7510853
7510854
7510860
7510865
7510866
7510868
7510872
7510881
7510884
7510896
7510915
7510917
7510918
7510921
7510924
7510929
7510932
7510936
7510945
7510946
7510948
7510952
7510960
7510977
7510978
7510980
7510984
7510992
7511008
7511091
7511093
7511094
7511097
7511139
7511141
7511142
7511153
7511154
7511203
7511205
7511206
7511209
7511217
7511265
7511266
7511315
7511317
7511318
7511321
7511324
7511331
7511333
7511334
7511337
7511345
7511346
7511348
7511352
7511363
7511365
7511366
7511372
7511377
7511378
7511380
7511384
7511393
7511396
7511408
7511427
7511429
7511430
7511433
7511436
7511441
7511444
7511448
7511457
7511458
7511460
7511464
7511472
7511489
7511490
7511492
7511496
7511504
7511520
7511571
7511573
7511574
7511577
7511580
7511587
7511589
7511590
7511593
7511601
7511602
7511604
7511608
7511619
7511621
7511622
7511628
7511633
7511634
7511636
7511640
7511649
7511652
7511664
7511683
7511685
7511686
7511689
7511692
7511697
7511700
7511704
7511713
7511714
7511716
7511720
7511728
7511745
7511746
7511748
7511752
7511760
7511776
7511825
7511828
7511832
7511841
7511856
7511876
7511888
7511937
7511940
7511944
7511952
7511968
7512000
7512915
7512917
7512918
7512921
7512922
7512924
7512945
7512946
7512948
7512952
7512979
7512981
7512985
7512986
7512988
7513001
7513002
7513004
7513009
7513010
7513012
7513016
7513034
7513036
7513041
7513042
7513044
7513048
7513064
7513072
7513203
7513205
7513210
7513212
7513259
7513261
7513262
7513267
7513269
7513273
7513274
7513276
7513321
7513322
7513324
7513329
7513336
7513427
7513429
7513434
7513436
7513458
7513460
7513491
7513493
7513497
7513498
7513500
7513513
7513514
7513516
7513521
7513522
7513524
7513528
7513553
7513560
7513576
7513584
7513651
7513653
7513657
7513658
7513660
7513683
7513685
7513690
7513692
7513713
7513720
7513739
7513741
7513742
7513747
7513749
7513753
7513754
7513756
7513769
7513770
7513772
7513777
7513784
7513801
7513802
7513804
7513809
7513816
7513832
7513875
7513877
7513881
7513882
7513884
7513905
7513906
7513908
7513912
7513937
7513938
7513940
7513944
7513968
7513993
7513994
7513996
7514001
7514002
7514004
7514008
7514024
7514032
7514056
7514064
7514173
7514174
7514227
7514229
7514234
7514236
7514279
7514283
7514285
7514286
7514291
7514293
7514294
7514297
7514298
7514300
7514339
7514341
7514342
7514346
7514348
7514354
7514356
7514397
7514398
7514414
7514428
7514451
7514453
7514458
7514460
7514467
7514469
7514470
7514474
7514476
7514482
7514484
7514503
7514507
7514509
7514510
7514515
7514517
7514518
7514521
7514522
7514524
7514531
7514533
7514534
7514537
7514538
7514540
7514545
7514546
7514548
7514552
7514563
7514565
7514566
7514570
7514572
7514578
7514580
7514594
7514596
7514677
7514684
7514707
7514709
7514714
7514716
7514737
7514744
7514787
7514789
7514790
7514793
7514794
7514796
7514801
7514802
7514804
7514808
7514819
7514821
7514822
7514826
7514828
7514834
7514836
7514849
7514850
7514852
7514856
7514864
7514901
7514908
7514917
7514918
7514924
7514932
7514947
7514949
7514950
7514954
7514956
7514961
7514962
7514964
7514968
7514977
7514978
7514980
7514984
7514992
7515011
7515013
7515014
7515017
7515018
7515020
7515025
7515026
7515028
7515032
7515041
7515042
7515044
7515048
7515056
7515073
7515074
7515076
7515080
7515088
7515104
7515187
7515189
7515193
7515194
7515196
7515235
7515237
7515238
7515242
7515244
7515249
7515250
7515252
7515256
7515299
7515301
7515302
7515305
7515306
7515308
7515313
7515314
7515316
7515320
7515361
7515362
7515364
7515368
7515376
7515411
7515413
7515417
7515418
7515420
7515427
7515429
7515430
7515433
7515434
7515436
7515441
7515442
7515444
7515448
7515459
7515461
7515462
7515466
7515468
7515473
7515474
7515476
7515480
7515489
7515490
7515492
7515496
7515504
7515523
7515525
7515526
7515529
7515530
7515532
7515537
7515538
7515540
7515544
7515553
7515554
7515556
7515560
7515568
7515585
7515586
7515588
7515592
7515600
7515616
7515667
7515669
7515673
7515674
7515676
7515683
7515685
7515686
7515689
7515690
7515692
7515697
7515698
7515700
7515704
7515715
7515717
7515718
7515722
7515724
7515729
7515730
7515732
7515736
7515745
7515746
7515748
7515752
7515760
7515779
7515781
7515782
7515785
7515786
7515788
7515793
7515794
7515796
7515800
7515809
7515810
7515812
7515816
7515824
7515841
7515842
7515844
7515848
7515856
7515872
7515921
7515928
7515937
7515938
7515940
7515944
7515952
7515970
7515972
7516000
7516033
7516034
7516036
7516040
7516048
7516064
7516096
7517004
7517009
7517010
7517012
7517016
7517040
7517073
7517074
7517076
7517080
7517089
7517090
7517092
7517096
7517104
7517122
7517124
7517136
7517152
7517292
7517298
7517300
7517347
7517349
7517350
7517353
7517354
7517356
7517361
7517362
7517364
7517368
7517409
7517410
7517412
7517416
7517424
7517522
7517524
7517585
7517586
7517588
7517592
7517601
7517602
7517604
7517608
7517616
7517648
7517664
7517737
7517740
7517745
7517746
7517748
7517752
7517778
7517780
7517808
7517827
7517829
7517830
7517833
7517834
7517836
7517841
7517842
7517844
7517848
7517857
7517858
7517860
7517864
7517872
7517889
7517890
7517892
7517896
7517904
7517920
7517969
7517970
7517972
7517976
7517992
7518000
7518032
7518081
7518082
7518084
7518088
7518096
7518112
7518144
7518322
7518324
7518371
7518373
7518374
7518377
7518378
7518380
7518385
7518386
7518388
7518392
7518434
7518436
7518546
7518548
7518562
7518564
7518595
7518597
7518598
7518601
7518602
7518604
7518609
7518610
7518612
7518616
7518625
7518626
7518628
7518632
7518640
7518658
7518660
7518772
7518802
7518804
7518832
7518881
7518882
7518884
7518888
7518896
7518914
7518916
7518944
7518996
7519012
7519042
7519044
7519056
7519072
7519105
7519106
7519108
7519112
7519120
7519136
7519168
7519281
7519282
7519284
7519288
7519330
7519332
7519344
7519393
7519394
7519396
7519400
7519408
7519456
7519505
7519506
7519508
7519512
7519521
7519522
7519524
7519528
7519536
7519554
7519556
7519568
7519584
7519617
7519618
7519620
7519624
7519632
7519648
7519680
7519761
7519762
7519764
7519768
7519777
7519778
7519780
7519784
7519792
7519810
7519812
7519824
7519840
7519873
7519874
7519876
7519880
7519888
7519904
7519936
7520016
7520032
7520128
7521047
7521053
7521054
7521078
7521084
7521107
7521109
7521110
7521113
7521114
7521116
7521137
7521138
7521140
7521144
7521171
7521177
7521178
7521180
7521193
7521194
7521202
7521208
7521225
7521226
7521228
7521233
7521234
7521236
7521240
7521256
7521264
7521395
7521401
7521402
7521451
7521453
7521454
7521459
7521465
7521466
7521513
7521514
7521619
7521625
7521626
7521628
7521650
7521656
7521683
7521689
7521690
7521692
7521705
7521706
7521714
7521720
7521752
7521843
7521849
7521850
7521875
7521881
7521882
7521884
7521905
7521912
7521931
7521933
7521934
7521939
7521945
7521946
7521948
7521961
7521962
7521964
7521969
7521976
7521993
7521994
7521996
7522008
7522024
7522067
7522073
7522074
7522076
7522098
7522104
7522129
7522130
7522132
7522136
7522160
7522185
7522186
7522188
7522193
7522194
7522196
7522200
7522216
7522224
7522248
7522256
7522359
7522365
7522366
7522419
7522425
7522426
7522471
7522475
7522477
7522478
7522483
7522485
7522486
7522489
7522490
7522531
7522534
7522537
7522538
7522545
7522546
7522583
7522589
7522590
7522599
7522605
7522606
7522614
7522620
7522643
7522649
7522650
7522652
7522659
7522662
7522665
7522666
7522674
7522680
7522695
7522699
7522701
7522702
7522707
7522709
7522710
7522713
7522714
7522716
7522723
7522725
7522726
7522729
7522730
7522732
7522737
7522738
7522740
7522744
7522755
7522758
7522761
7522762
7522764
7522769
7522770
7522772
7522776
7522785
7522786
7522788
7522792
7522800
7522867
7522873
7522874
7522899
7522905
7522906
7522908
7522929
7522936
7522979
7522982
7522985
7522986
7522993
7522994
7523011
7523014
7523017
7523018
7523020
7523025
7523026
7523028
7523032
7523041
7523042
7523044
7523048
7523056
7523091
7523097
7523098
7523100
7523107
7523110
7523113
7523114
7523122
7523128
7523139
7523142
7523145
7523146
7523148
7523153
7523154
7523156
7523160
7523169
7523170
7523172
7523176
7523184
7523203
7523206
7523209
7523210
7523212
7523217
7523218
7523220
7523224
7523233
7523234
7523236
7523240
7523248
7523266
7523268
7523272
7523280
7523296
7523379
7523385
7523386
7523427
7523430
7523433
7523434
7523441
7523442
7523491
7523494
7523497
7523498
7523505
7523506
7523554
7523603
7523609
7523610
7523612
7523619
7523622
7523625
7523626
7523634
7523640
7523651
7523654
7523657
7523658
7523660
7523665
7523666
7523668
7523672
7523681
7523682
7523684
7523688
7523696
7523715
7523718
7523721
7523722
7523724
7523729
7523730
7523732
7523736
7523745
7523746
7523748
7523752
7523760
7523778
7523780
7523784
7523792
7523808
7523859
7523865
7523866
7523868
7523875
7523878
7523881
7523882
7523890
7523896
7523907
7523910
7523913
7523914
7523916
7523921
7523922
7523924
7523928
7523937
7523938
7523940
7523944
7523952
7523971
7523974
7523977
7523978
7523980
7523985
7523986
7523988
7523992
7524001
7524002
7524004
7524008
7524016
7524034
7524036
7524040
7524048
7524064
7524120
7524130
7524162
7524164
7524168
7524176
7524192
7524226
7524228
7524232
7524240
7524256
7524288
7525141
7525142
7525148
7525172
7525196
7525201
7525202
7525204
7525208
7525232
7525265
7525266
7525268
7525272
7525281
7525282
7525296
7525313
7525314
7525316
7525320
7525328
7525344
7525481
7525489
7525490
7525539
7525541
7525542
7525545
7525546
7525553
7525554
7525601
7525602
7525713
7525714
7525716
7525720
7525744
7525777
7525778
7525780
7525784
7525793
7525794
7525808
7525840
7525929
7525937
7525938
7525969
7525970
7525972
7525976
7526000
7526019
7526021
7526022
7526025
7526026
7526028
7526033
7526034
7526036
7526040
7526049
7526050
7526052
7526056
7526064
7526081
7526082
7526084
7526088
7526096
7526112
7526161
7526162
7526164
7526168
7526192
7526216
7526224
7526273
7526274
7526276
7526280
7526288
7526304
7526336
7526453
7526454
7526513
7526514
7526563
7526565
7526566
7526569
7526570
7526577
7526578
7526625
7526626
7526677
7526678
7526684
7526693
7526694
7526708
7526737
7526738
7526740
7526744
7526753
7526754
7526768
7526787
7526789
7526790
7526793
7526794
7526796
7526801
7526802
7526804
7526808
7526817
7526818
7526820
7526824
7526832
7526849
7526850
7526852
7526856
7526864
7526880
7526961
7526962
7526993
7526994
7526996
7527000
7527024
7527073
7527074
7527105
7527106
7527108
7527112
7527120
7527136
7527185
7527186
7527188
7527192
7527201
7527202
7527216
7527233
7527234
7527236
7527240
7527248
7527264
7527297
7527298
7527300
7527304
7527312
7527328
7527360
7527473
7527474
7527521
7527522
7527585
7527586
7527697
7527698
7527700
7527704
7527713
7527714
7527728
7527745
7527746
7527748
7527752
7527760
7527776
7527809
7527810
7527812
7527816
7527824
7527840
7527872
7527953
7527954
7527956
7527960
7527969
7527970
7527984
7528001
7528002
7528004
7528008
7528016
7528032
7528065
7528066
7528068
7528072
7528080
7528096
7528128
7528208
7528256
7528320
7529237
7529244
7529268
7529297
7529298
7529300
7529304
7529328
7529361
7529368
7529384
7529392
7529416
7529424
7529585
7529592
7529641
7529642
7529644
7529649
7529656
7529704
7529809
7529816
7529840
7529873
7529880
7529896
7529904
7530033
7530040
7530065
7530072
7530121
7530122
7530124
7530129
7530136
7530152
7530184
7530257
7530264
7530288
7530320
7530376
7530384
7530549
7530556
7530609
7530616
7530659
7530661
7530662
7530665
7530666
7530668
7530673
7530674
7530676
7530680
7530721
7530722
7530724
7530728
7530736
7530773
7530780
7530789
7530790
7530796
7530804
7530833
7530840
7530849
7530850
7530852
7530856
7530864
7530883
7530885
7530886
7530889
7530890
7530892
7530897
7530898
7530900
7530904
7530913
7530914
7530916
7530920
7530928
7530945
7530946
7530948
7530952
7530960
7530976
7531057
7531064
7531089
7531096
7531169
7531170
7531172
7531176
7531184
7531201
7531202
7531204
7531208
7531216
7531232
7531281
7531288
7531297
7531298
7531300
7531304
7531312
7531329
7531330
7531332
7531336
7531344
7531360
7531393
7531394
7531396
7531400
7531408
7531424
7531456
7531569
7531576
7531617
7531618
7531620
7531624
7531632
7531681
7531682
7531684
7531688
7531696
7531744
7531793
7531800
7531809
7531810
7531812
7531816
7531824
7531841
7531842
7531844
7531848
7531856
7531872
7531905
7531906
7531908
7531912
7531920
7531936
7531968
7532049
7532056
7532065
7532066
7532068
7532072
7532080
7532097
7532098
7532100
7532104
7532112
7532128
7532161
7532162
7532164
7532168
7532176
7532192
7532224
7532320
7532352
7532416
7533332
7533392
7533456
7533472
7533504
7533680
7533729
7533730
7533732
7533736
7533744
7533792
7533904
7533968
7533984
7534128
7534160
7534209
7534210
7534212
7534216
7534224
7534240
7534272
7534352
7534464
7534644
7534704
7534753
7534754
7534756
7534760
7534768
7534816
7534868
7534884
7534928
7534944
7534977
7534978
7534980
7534984
7534992
7535008
7535040
7535152
7535184
7535264
7535296
7535376
7535392
7535424
7535488
7535664
7535712
7535776
7535888
7535904
7535936
7536000
7536144
7536160
7536192
7536256
7541212
7541335
7541339
7541341
7541342
7541365
7541369
7541372
7541433
7541468
7541579
7541581
7541582
7541589
7541590
7541593
7541594
7541596
7541609
7541612
7541620
7541624
7541657
7541660
7541673
7541688
7541708
7541716
7541720
7541875
7541945
7542099
7542108
7542130
7542169
7542172
7542185
7542200
7542232
7542323
7542329
7542355
7542364
7542385
7542425
7542428
7542449
7542456
7542488
7542547
7542553
7542556
7542569
7542577
7542578
7542584
7542604
7542609
7542610
7542612
7542616
7542640
7542665
7542668
7542673
7542676
7542680
7542689
7542696
7542704
7542728
7542736
7542899
7542951
7542955
7542957
7542958
7542963
7542965
7542966
7542969
7543123
7543132
7543139
7543154
7543175
7543179
7543181
7543182
7543187
7543189
7543190
7543193
7543196
7543203
7543205
7543209
7543210
7543212
7543217
7543218
7543220
7543224
7543244
7543252
7543379
7543388
7543409
7543465
7543473
7543500
7543508
7543619
7543628
7543633
7543634
7543636
7543640
7543649
7543664
7543689
7543692
7543697
7543700
7543704
7543713
7543720
7543728
7543752
7543760
7543859
7543865
7543907
7543921
7543922
7543977
7543985
7544083
7544089
7544092
7544099
7544105
7544113
7544114
7544120
7544131
7544140
7544145
7544146
7544148
7544152
7544161
7544176
7544201
7544204
7544209
7544212
7544216
7544225
7544232
7544240
7544264
7544272
7544339
7544345
7544348
7544355
7544361
7544369
7544370
7544376
7544387
7544396
7544401
7544402
7544404
7544408
7544417
7544432
7544457
7544460
7544465
7544468
7544472
7544481
7544488
7544496
7544520
7544528
7544593
7544600
7544609
7544624
7544656
7544712
7544720
7545318
7545435
7545437
7545438
7545465
7545468
7545529
7545675
7545677
7545678
7545689
7545690
7545705
7545708
7545720
7545753
7545766
7545769
7545784
7545798
7545828
7546041
7546265
7546278
7546281
7546296
7546338
7546425
7546521
7546545
7546552
7546649
7546665
7546680
7546758
7546761
7546769
7546785
7546786
7546788
7546792
7546800
7546818
7546848
7546995
7547047
7547051
7547053
7547054
7547059
7547061
7547062
7547065
7547110
7547219
7547250
7547271
7547275
7547277
7547278
7547283
7547285
7547286
7547289
7547299
7547301
7547302
7547305
7547306
7547308
7547313
7547314
7547316
7547320
7547334
7547362
7547364
7547475
7547505
7547558
7547561
7547569
7547590
7547620
7547729
7547730
7547760
7547782
7547785
7547793
7547809
7547810
7547812
7547816
7547824
7547842
7547872
7547955
7547961
7548017
7548018
7548070
7548073
7548081
7548130
7548179
7548185
7548201
7548209
7548210
7548216
7548241
7548242
7548272
7548294
7548297
7548305
7548321
7548322
7548324
7548328
7548336
7548354
7548384
7548435
7548441
7548457
7548465
7548466
7548472
7548497
7548498
7548528
7548550
7548553
7548561
7548577
7548578
7548580
7548584
7548592
7548610
7548640
7548689
7548720
7548832
7549530
7549532
7549560
7549624
7549770
7549772
7549780
7549784
7549800
7549848
7549864
7550066
7550136
7550290
7550360
7550376
7550513
7550514
7550520
7550546
7550576
7550616
7550640
7550737
7550738
7550744
7550760
7550768
7550800
7550856
7550864
7550880
7551090
7551142
7551145
7551146
7551148
7551153
7551154
7551156
7551160
7551314
7551330
7551366
7551369
7551370
7551372
7551377
7551378
7551380
7551384
7551393
7551394
7551396
7551400
7551408
7551570
7551600
7551656
7551664
7551810
7551824
7551840
7551880
7551888
7551904
7552049
7552050
7552056
7552098
7552112
7552168
7552176
7552273
7552274
7552280
7552289
7552290
7552296
7552304
7552322
7552336
7552352
7552392
7552400
7552416
7552529
7552530
7552536
7552545
7552546
7552552
7552560
7552578
7552592
7552608
7552648
7552656
7552672
7552784
7552800
7553500
7553510
7553627
7553629
7553630
7553657
7553660
7553756
7553867
7553869
7553870
7553881
7553882
7553884
7553897
7553900
7553912
7553948
7553958
7553990
7553996
7554004
7554008
7554020
7554396
7554460
7554470
7554520
7554530
7554652
7554716
7554776
7554844
7554892
7554904
7554950
7554956
7554964
7554978
7554980
7555010
7555012
7555016
7555024
7555040
7555187
7555239
7555243
7555245
7555246
7555251
7555253
7555254
7555302
7555411
7555420
7555442
7555463
7555467
7555469
7555470
7555475
7555477
7555478
7555484
7555491
7555493
7555494
7555498
7555500
7555506
7555508
7555526
7555532
7555540
7555554
7555556
7555667
7555676
7555697
7555750
7555782
7555788
7555796
7555812
7555868
7555916
7555921
7555922
7555924
7555928
7555952
7555974
7555980
7555988
7556002
7556004
7556034
7556036
7556040
7556048
7556064
7556147
7556209
7556210
7556262
7556322
7556371
7556380
7556402
7556428
7556433
7556434
7556436
7556440
7556464
7556486
7556492
7556500
7556514
7556516
7556546
7556548
7556552
7556560
7556576
7556627
7556636
7556658
7556684
7556689
7556690
7556692
7556696
7556720
7556742
7556748
7556756
7556770
7556772
7556802
7556804
7556808
7556816
7556832
7556944
7556996
7557056
7557588
7557592
7557721
7557722
7557724
7557752
7557844
7557848
7557961
7557962
7557964
7557972
7557976
7557992
7558036
7558040
7558084
7558088
7558257
7558258
7558481
7558482
7558484
7558488
7558512
7558548
7558552
7558608
7558705
7558706
7558737
7558738
7558740
7558744
7558768
7558804
7558808
7558864
7558929
7558930
7558932
7558936
7558960
7558984
7558992
7559044
7559048
7559056
7559104
7559281
7559282
7559333
7559334
7559337
7559338
7559345
7559346
7559505
7559506
7559508
7559512
7559521
7559522
7559536
7559557
7559558
7559561
7559562
7559564
7559569
7559570
7559572
7559576
7559585
7559586
7559588
7559592
7559600
7559620
7559624
7559632
7559761
7559762
7559764
7559768
7559792
7559876
7559880
7559888
7560001
7560002
7560004
7560008
7560016
7560032
7560068
7560072
7560080
7560128
7560241
7560242
7560289
7560290
7560465
7560466
7560468
7560472
7560481
7560482
7560496
7560513
7560514
7560516
7560520
7560528
7560544
7560580
7560584
7560592
7560640
7560721
7560722
7560724
7560728
7560737
7560738
7560752
7560769
7560770
7560772
7560776
7560784
7560800
7560836
7560840
7560848
7560896
7560976
7561024
7561700
7561817
7561820
7562057
7562060
7562072
7562148
7562180
7562660
7562720
7563140
7563168
7563200
7563377
7563429
7563430
7563433
7563436
7563441
7563444
7563492
7563601
7563632
7563653
7563654
7563657
7563660
7563665
7563668
7563681
7563682
7563684
7563688
7563696
7563716
7563744
7563857
7563940
7563972
7564112
7564164
7564192
7564224
7564337
7564400
7564452
7564512
7564561
7564592
7564624
7564676
7564704
7564736
7564817
7564848
7564880
7564932
7564960
7564992
7565912
7566152
7566448
7566672
7566896
7566928
7567120
7567472
7567524
7567528
7567536
7567696
7567712
7567748
7567752
7567760
7567776
7567952
7568192
7568432
7568480
7568656
7568672
7568704
7568912
7568928
7568960
7569884
7569894
7570007
7570011
7570013
7570014
7570037
7570041
7570044
7570105
7570140
7570247
7570251
7570253
7570254
7570261
7570262
7570265
7570266
7570268
7570277
7570278
7570281
7570284
7570292
7570296
7570329
7570332
7570342
7570345
7570360
7570374
7570380
7570388
7570392
7570404
7570617
7570780
7570790
7570841
7570844
7570854
7570857
7570872
7570904
7570914
7571001
7571036
7571097
7571100
7571121
7571128
7571160
7571225
7571228
7571238
7571241
7571256
7571270
7571276
7571284
7571288
7571300
7571334
7571337
7571340
7571345
7571348
7571352
7571361
7571362
7571364
7571368
7571376
7571394
7571396
7571400
7571408
7571424
7571623
7571627
7571629
7571630
7571635
7571637
7571638
7571641
7571686
7571804
7571814
7571847
7571851
7571853
7571854
7571859
7571861
7571862
7571865
7571868
7571875
7571877
7571878
7571881
7571882
7571884
7571889
7571890
7571892
7571896
7571910
7571916
7571924
7571938
7571940
7572060
7572134
7572137
7572145
7572166
7572172
7572180
7572196
7572252
7572262
7572294
7572300
7572308
7572312
7572324
7572358
7572361
7572364
7572369
7572372
7572376
7572385
7572386
7572388
7572392
7572400
7572418
7572420
7572424
7572432
7572448
7572537
7572582
7572646
7572649
7572657
7572706
7572761
7572764
7572774
7572777
7572792
7572806
7572812
7572820
7572824
7572836
7572870
7572873
7572876
7572881
7572884
7572888
7572897
7572898
7572900
7572904
7572912
7572930
7572932
7572936
7572944
7572960
7573017
7573020
7573030
7573033
7573048
7573062
7573068
7573076
7573080
7573092
7573126
7573129
7573132
7573137
7573140
7573144
7573153
7573154
7573156
7573160
7573168
7573186
7573188
7573192
7573200
7573216
7573272
7573316
7573380
7573384
7573392
7573408
7573440
7573972
7574099
7574101
7574102
7574108
7574129
7574132
7574193
7574228
7574339
7574341
7574342
7574348
7574353
7574354
7574356
7574360
7574369
7574372
7574384
7574417
7574420
7574424
7574433
7574448
7574468
7574480
7574705
7574868
7574929
7574932
7574936
7574945
7574960
7574992
7575089
7575124
7575185
7575188
7575192
7575216
7575248
7575313
7575316
7575320
7575329
7575344
7575364
7575376
7575425
7575428
7575432
7575440
7575456
7575488
7575715
7575717
7575718
7575721
7575729
7575892
7575939
7575941
7575942
7575945
7575948
7575953
7575956
7575960
7575969
7575970
7575972
7575976
7575984
7576004
7576148
7576225
7576260
7576388
7576400
7576449
7576452
7576456
7576464
7576480
7576512
7576625
7576737
7576849
7576852
7576856
7576865
7576880
7576900
7576912
7576961
7576964
7576968
7576976
7576992
7577024
7577105
7577108
7577112
7577121
7577136
7577156
7577168
7577217
7577220
7577224
7577232
7577248
7577280
7577360
7577472
7578082
7578084
7578195
7578197
7578202
7578204
7578225
7578232
7578289
7578296
7578435
7578437
7578438
7578442
7578444
7578449
7578450
7578452
7578456
7578465
7578466
7578468
7578472
7578480
7578513
7578520
7578529
7578530
7578532
7578536
7578544
7578562
7578564
7578592
7578801
7578808
7578978
7578980
7579025
7579032
7579041
7579042
7579044
7579048
7579056
7579104
7579185
7579192
7579281
7579288
7579409
7579416
7579425
7579426
7579428
7579432
7579440
7579458
7579460
7579488
7579521
7579522
7579524
7579528
7579536
7579552
7579584
7579811
7579813
7579814
7579817
7579818
7579820
7579825
7579826
7579828
7579832
7579874
7579876
7580002
7580004
7580035
7580037
7580038
7580041
7580042
7580044
7580049
7580050
7580052
7580056
7580065
7580066
7580068
7580072
7580080
7580098
7580100
7580321
7580322
7580324
7580328
7580336
7580354
7580356
7580384
7580482
7580484
7580512
7580545
7580546
7580548
7580552
7580560
7580576
7580608
7580721
7580728
7580770
7580772
7580833
7580834
7580836
7580840
7580848
7580896
7580945
7580952
7580961
7580962
7580964
7580968
7580976
7580994
7580996
7581024
7581057
7581058
7581060
7581064
7581072
7581088
7581120
7581201
7581208
7581217
7581218
7581220
7581224
7581232
7581250
7581252
7581280
7581313
7581314
7581316
7581320
7581328
7581344
7581376
7581472
7581568
7582290
7582292
7582320
7582384
7582530
7582532
7582544
7582560
7582608
7582624
7582896
7583120
7583136
7583280
7583376
7583504
7583520
7583616
7583905
7583906
7583908
7583912
7583920
7584129
7584130
7584132
7584136
7584144
7584160
7584416
7584640
7584816
7584928
7585040
7585056
7585152
7585296
7585312
7585408
7586264
7586274
7586387
7586393
7586394
7586396
7586417
7586424
7586520
7586588
7586598
7586627
7586630
7586633
7586634
7586636
7586641
7586642
7586644
7586648
7586657
7586658
7586660
7586664
7586672
7586712
7586722
7586754
7586756
7586760
7586768
7586784
7587160
7587170
7587224
7587234
7587416
7587480
7587608
7587618
7587650
7587652
7587656
7587664
7587680
7587714
7587716
7587720
7587728
7587744
7587776
7588003
7588006
7588009
7588010
7588017
7588018
7588066
7588124
7588134
7588184
7588194
7588227
7588230
7588233
7588234
7588236
7588241
7588242
7588244
7588248
7588257
7588258
7588260
7588264
7588272
7588290
7588292
7588296
7588304
7588320
7588440
7588514
7588546
7588548
7588552
7588560
7588576
7588632
7588642
7588674
7588676
7588680
7588688
7588704
7588738
7588740
7588744
7588752
7588768
7588800
7588962
7589026
7589144
7589154
7589186
7589188
7589192
7589200
7589216
7589250
7589252
7589256
7589264
7589280
7589312
7589400
7589410
7589442
7589444
7589448
7589456
7589472
7589506
7589508
7589512
7589520
7589536
7589568
7589696
7589760
7590352
7590481
7590482
7590484
7590488
7590512
7590608
7590676
7590721
7590722
7590724
7590728
7590736
7590752
7590800
7590848
7591248
7591312
7591504
7591568
7591696
7591744
7591808
7592097
7592098
7592212
7592272
7592321
7592322
7592324
7592328
7592336
7592352
7592384
7592528
7592640
7592720
7592768
7592832
7593232
7593280
7593344
7593488
7593536
7593600
7594464
7594577
7594584
7594788
7594817
7594818
7594820
7594824
7594832
7594848
7594912
7594944
7595360
7595424
7595808
7595840
7595904
7596193
7596194
7596196
7596200
7596208
7596256
7596324
7596384
7596417
7596418
7596420
7596424
7596432
7596448
7596480
7596704
7596736
7596832
7596864
7596928
7597152
7597216
7597344
7597376
7597440
7597600
7597632
7597696
7598672
7598912
7600288
7600512
7671903
7671931
7671933
7671934
7672023
7672027
7672029
7672030
7672155
7672157
7672158
7672171
7672173
7672174
7672186
7672188
7672284
7672379
7672381
7672382
7672411
7672413
7672414
7672441
7672444
7672505
7672540
7672603
7672605
7672606
7672619
7672621
7672622
7672633
7672634
7672636
7672651
7672653
7672654
7672665
7672666
7672668
7672681
7672684
7672696
7672729
7672732
7672745
7672760
7672780
7672788
7672792
7672919
7672923
7672925
7672926
7672947
7672983
7672987
7672989
7672990
7673017
7673043
7673049
7673050
7673052
7673171
7673180
7673202
7673241
7673244
7673257
7673272
7673304
7673395
7673401
7673427
7673436
7673457
7673497
7673500
7673521
7673528
7673560
7673619
7673625
7673628
7673641
7673649
7673650
7673656
7673676
7673681
7673682
7673684
7673688
7673712
7673737
7673740
7673745
7673748
7673752
7673761
7673768
7673776
7673800
7673808
7673943
7673947
7673949
7673950
7673971
7674055
7674059
7674061
7674062
7674067
7674069
7674070
7674076
7674195
7674204
7674211
7674226
7674316
7674324
7674419
7674425
7674451
7674460
7674481
7674537
7674545
7674572
7674580
7674643
7674649
7674652
7674659
7674665
7674673
7674674
7674680
7674691
7674700
7674705
7674706
7674708
7674712
7674721
7674736
7674761
7674764
7674769
7674772
7674776
7674785
7674792
7674800
7674824
7674832
7674903
7674907
7674909
7674910
7674931
7674937
7674951
7674955
7674957
7674958
7674963
7674965
7674966
7674969
7674970
7674972
7674979
7674993
7674994
7675015
7675019
7675021
7675022
7675027
7675029
7675030
7675033
7675036
7675049
7675057
7675075
7675081
7675082
7675084
7675089
7675090
7675092
7675096
7675155
7675161
7675164
7675171
7675177
7675185
7675186
7675192
7675203
7675212
7675217
7675218
7675220
7675224
7675233
7675248
7675273
7675276
7675281
7675284
7675288
7675297
7675304
7675312
7675336
7675344
7675411
7675417
7675420
7675427
7675433
7675441
7675442
7675448
7675459
7675468
7675473
7675474
7675476
7675480
7675489
7675504
7675529
7675532
7675537
7675540
7675544
7675553
7675560
7675568
7675592
7675600
7675665
7675672
7675681
7675696
7675728
7675784
7675792
7675999
7676027
7676029
7676030
7676119
7676123
7676125
7676126
7676251
7676253
7676254
7676267
7676269
7676270
7676282
7676284
7676390
7676475
7676477
7676478
7676507
7676509
7676510
7676537
7676540
7676601
7676699
7676701
7676702
7676715
7676717
7676718
7676729
7676730
7676732
7676747
7676749
7676750
7676761
7676762
7676777
7676780
7676792
7676825
7676838
7676841
7676856
7676870
7676900
7677019
7677021
7677022
7677079
7677083
7677085
7677086
7677113
7677139
7677145
7677146
7677337
7677350
7677353
7677368
7677410
7677497
7677593
7677617
7677624
7677721
7677737
7677752
7677830
7677833
7677841
7677857
7677858
7677860
7677864
7677872
7677890
7677920
7678039
7678043
7678045
7678046
7678067
7678151
7678155
7678157
7678158
7678163
7678165
7678166
7678182
7678291
7678322
7678406
7678434
7678436
7678515
7678521
7678547
7678577
7678630
7678633
7678641
7678662
7678692
7678739
7678745
7678761
7678769
7678770
7678776
7678801
7678802
7678832
7678854
7678857
7678865
7678881
7678882
7678884
7678888
7678896
7678914
7678944
7678999
7679003
7679005
7679006
7679027
7679033
7679051
7679053
7679054
7679059
7679061
7679062
7679065
7679066
7679089
7679090
7679111
7679115
7679117
7679118
7679123
7679125
7679126
7679129
7679142
7679145
7679153
7679171
7679174
7679177
7679178
7679185
7679186
7679202
7679251
7679257
7679273
7679281
7679282
7679288
7679313
7679314
7679344
7679366
7679369
7679377
7679393
7679394
7679396
7679400
7679408
7679426
7679456
7679507
7679513
7679529
7679537
7679538
7679544
7679569
7679570
7679600
7679622
7679625
7679633
7679649
7679650
7679652
7679656
7679664
7679682
7679712
7679761
7679792
7679904
7680091
7680093
7680094
7680122
7680124
7680214
7680218
7680220
7680346
7680348
7680362
7680364
7680569
7680570
7680572
7680602
7680604
7680632
7680696
7680793
7680794
7680796
7680809
7680810
7680812
7680824
7680842
7680844
7680856
7680872
7680920
7680936
7681107
7681110
7681114
7681116
7681174
7681177
7681178
7681180
7681208
7681234
7681240
7681362
7681432
7681448
7681592
7681688
7681712
7681809
7681810
7681816
7681832
7681840
7681872
7681928
7681936
7681952
7682131
7682134
7682138
7682140
7682162
7682246
7682250
7682252
7682258
7682260
7682386
7682402
7682609
7682610
7682616
7682642
7682672
7682728
7682736
7682833
7682834
7682840
7682849
7682850
7682856
7682864
7682882
7682896
7682912
7682952
7682960
7682976
7683091
7683094
7683097
7683098
7683100
7683121
7683122
7683128
7683139
7683142
7683146
7683148
7683153
7683154
7683156
7683160
7683170
7683184
7683206
7683209
7683210
7683212
7683217
7683218
7683220
7683224
7683240
7683248
7683266
7683272
7683280
7683345
7683346
7683352
7683361
7683362
7683368
7683376
7683394
7683408
7683424
7683464
7683472
7683488
7683601
7683602
7683608
7683617
7683618
7683624
7683632
7683650
7683664
7683680
7683720
7683728
7683744
7683856
7683872
7684191
7684219
7684221
7684222
7684311
7684315
7684317
7684318
7684443
7684445
7684446
7684459
7684461
7684462
7684474
7684476
7684572
7684582
7684667
7684669
7684670
7684699
7684701
7684702
7684729
7684732
7684828
7684891
7684893
7684894
7684907
7684909
7684910
7684922
7684924
7684939
7684941
7684942
7684953
7684954
7684956
7684969
7684972
7684984
7685020
7685030
7685062
7685068
7685076
7685080
7685092
7685211
7685213
7685214
7685271
7685275
7685277
7685278
7685331
7685337
7685338
7685340
7685468
7685532
7685542
7685592
7685602
7685724
7685788
7685848
7685916
7685964
7685976
7686022
7686028
7686036
7686050
7686052
7686082
7686084
7686088
7686096
7686112
7686231
7686235
7686237
7686238
7686259
7686343
7686347
7686349
7686350
7686355
7686357
7686358
7686364
7686374
7686483
7686492
7686514
7686598
7686604
7686612
7686626
7686628
7686707
7686739
7686748
7686769
7686822
7686854
7686860
7686868
7686884
7686931
7686940
7686962
7686988
7686993
7686994
7686996
7687000
7687024
7687046
7687052
7687060
7687074
7687076
7687106
7687108
7687112
7687120
7687136
7687191
7687195
7687197
7687198
7687219
7687243
7687245
7687246
7687251
7687253
7687254
7687257
7687258
7687260
7687281
7687282
7687303
7687307
7687309
7687310
7687315
7687317
7687318
7687324
7687334
7687363
7687366
7687369
7687370
7687372
7687377
7687378
7687380
7687384
7687394
7687443
7687452
7687474
7687500
7687505
7687506
7687508
7687512
7687536
7687558
7687564
7687572
7687586
7687588
7687618
7687620
7687624
7687632
7687648
7687699
7687708
7687730
7687756
7687761
7687762
7687764
7687768
7687792
7687814
7687820
7687828
7687842
7687844
7687874
7687876
7687880
7687888
7687904
7688016
7688068
7688128
7688283
7688285
7688286
7688313
7688314
7688405
7688406
7688409
7688410
7688412
7688537
7688538
7688540
7688553
7688554
7688568
7688660
7688664
7688761
7688762
7688793
7688794
7688796
7688824
7688916
7688920
7688985
7688986
7688988
7689001
7689002
7689016
7689033
7689034
7689036
7689048
7689064
7689108
7689112
7689156
7689160
7689301
7689302
7689305
7689306
7689308
7689365
7689366
7689369
7689370
7689372
7689425
7689426
7689428
7689432
7689553
7689554
7689556
7689560
7689584
7689620
7689624
7689680
7689812
7689816
7689876
7689880
7689936
7690001
7690004
7690008
7690056
7690064
7690116
7690120
7690128
7690176
7690323
7690325
7690326
7690329
7690330
7690332
7690353
7690354
7690437
7690438
7690441
7690442
7690444
7690449
7690450
7690452
7690456
7690577
7690578
7690580
7690584
7690593
7690594
7690608
7690692
7690696
7690704
7690801
7690802
7690833
7690834
7690836
7690840
7690864
7690948
7690952
7690960
7691025
7691026
7691028
7691032
7691041
7691042
7691056
7691073
7691074
7691076
7691080
7691088
7691104
7691140
7691144
7691152
7691200
7691283
7691285
7691286
7691289
7691290
7691292
7691313
7691314
7691331
7691333
7691334
7691337
7691338
7691340
7691345
7691346
7691348
7691352
7691361
7691362
7691397
7691398
7691401
7691402
7691404
7691409
7691410
7691412
7691416
7691457
7691458
7691460
7691464
7691472
7691537
7691538
7691540
7691544
7691553
7691554
7691568
7691585
7691586
7691588
7691592
7691600
7691616
7691652
7691656
7691664
7691712
7691793
7691794
7691796
7691800
7691809
7691810
7691824
7691841
7691842
7691844
7691848
7691856
7691872
7691908
7691912
7691920
7691968
7692048
7692096
7692379
7692381
7692382
7692409
7692412
7692501
7692505
7692508
7692633
7692636
7692649
7692652
7692664
7692772
7692857
7692860
7692889
7692892
7693081
7693084
7693097
7693100
7693112
7693129
7693132
7693144
7693220
7693252
7693401
7693404
7693461
7693465
7693468
7693521
7693528
7693732
7693792
7694212
7694240
7694272
7694419
7694421
7694425
7694428
7694449
7694533
7694534
7694537
7694540
7694545
7694548
7694564
7694673
7694704
7694788
7694816
7694897
7694929
7695012
7695044
7695121
7695152
7695184
7695236
7695264
7695296
7695379
7695381
7695385
7695388
7695409
7695433
7695436
7695441
7695442
7695444
7695448
7695472
7695493
7695494
7695497
7695500
7695505
7695508
7695524
7695553
7695554
7695556
7695560
7695568
7695584
7695633
7695664
7695696
7695748
7695776
7695808
7695889
7695920
7695952
7696004
7696032
7696064
7696473
7696474
7696476
7696504
7696596
7696600
7696728
7696744
7696952
7696984
7697176
7697192
7697224
7697492
7697496
7697556
7697560
7697616
7698513
7698514
7698516
7698520
7698544
7698628
7698632
7698640
7698768
7698784
7698992
7699024
7699216
7699232
7699264
7699473
7699474
7699476
7699480
7699504
7699521
7699522
7699524
7699528
7699536
7699552
7699588
7699592
7699600
7699648
7699728
7699744
7699776
7699984
7700000
7700032
7700575
7700599
7700603
7700605
7700606
7700695
7700699
7700701
7700702
7700823
7700827
7700829
7700830
7700839
7700843
7700845
7700846
7700854
7700858
7700860
7700956
7700966
7701047
7701051
7701053
7701054
7701079
7701083
7701085
7701086
7701109
7701113
7701116
7701177
7701212
7701271
7701275
7701277
7701278
7701287
7701291
7701293
7701294
7701302
7701305
7701306
7701308
7701319
7701323
7701325
7701326
7701333
7701334
7701337
7701338
7701340
7701349
7701350
7701353
7701356
7701364
7701368
7701401
7701404
7701414
7701417
7701432
7701446
7701452
7701460
7701464
7701476
7701591
7701595
7701597
7701598
7701655
7701659
7701661
7701662
7701689
7701715
7701721
7701722
7701724
7701852
7701862
7701913
7701916
7701926
7701929
7701944
7701976
7701986
7702073
7702108
7702169
7702172
7702193
7702200
7702232
7702297
7702300
7702310
7702313
7702328
7702342
7702348
7702356
7702360
7702372
7702406
7702409
7702412
7702417
7702420
7702424
7702433
7702434
7702436
7702440
7702448
7702466
7702468
7702472
7702480
7702496
7702615
7702619
7702621
7702622
7702727
7702731
7702733
7702734
7702739
7702741
7702742
7702748
7702758
7702876
7702886
7702982
7702988
7702996
7703010
7703012
7703097
7703132
7703206
7703209
7703217
7703238
7703244
7703252
7703268
7703321
7703324
7703334
7703337
7703352
7703366
7703372
7703380
7703384
7703396
7703430
7703433
7703436
7703441
7703444
7703448
7703457
7703458
7703460
7703464
7703472
7703490
7703492
7703496
7703504
7703520
7703575
7703579
7703581
7703582
7703609
7703623
7703627
7703629
7703630
7703637
7703638
7703641
7703642
7703644
7703654
7703687
7703691
7703693
7703694
7703699
7703701
7703702
7703705
7703708
7703718
7703721
7703729
7703747
7703750
7703753
7703754
7703756
7703761
7703762
7703764
7703768
7703778
7703833
7703836
7703846
7703849
7703864
7703878
7703884
7703892
7703896
7703908
7703942
7703945
7703948
7703953
7703956
7703960
7703969
7703970
7703972
7703976
7703984
7704002
7704004
7704008
7704016
7704032
7704089
7704092
7704102
7704105
7704120
7704134
7704140
7704148
7704152
7704164
7704198
7704201
7704204
7704209
7704212
7704216
7704225
7704226
7704228
7704232
7704240
7704258
7704260
7704264
7704272
7704288
7704344
7704388
7704452
7704456
7704464
7704480
7704512
7704663
7704667
7704669
7704670
7704691
7704693
7704694
7704787
7704789
7704790
7704796
7704915
7704917
7704918
7704924
7704931
7704933
7704934
7704946
7704948
7705044
7705139
7705141
7705142
7705145
7705171
7705173
7705174
7705180
7705201
7705204
7705265
7705300
7705363
7705365
7705366
7705369
7705372
7705379
7705381
7705382
7705385
7705393
7705394
7705396
7705400
7705411
7705413
7705414
7705420
7705425
7705426
7705428
7705432
7705441
7705444
7705456
7705489
7705492
7705496
7705505
7705520
7705540
7705552
7705683
7705685
7705686
7705692
7705747
7705749
7705750
7705753
7705756
7705777
7705809
7705810
7705812
7705816
7705940
7706001
7706004
7706008
7706017
7706032
7706064
7706161
7706196
7706257
7706260
7706264
7706288
7706320
7706385
7706388
7706392
7706401
7706416
7706436
7706448
7706497
7706500
7706504
7706512
7706528
7706560
7706707
7706709
7706710
7706716
7706819
7706821
7706822
7706828
7706836
7706964
7707076
7707185
7707220
7707297
7707332
7707409
7707412
7707416
7707425
7707440
7707460
7707472
7707521
7707524
7707528
7707536
7707552
7707584
7707667
7707669
7707670
7707673
7707676
7707697
7707715
7707717
7707718
7707724
7707729
7707730
7707732
7707736
7707779
7707781
7707782
7707785
7707788
7707793
7707796
7707800
7707809
7707841
7707842
7707844
7707848
7707856
7707921
7707924
7707928
7707937
7707952
7707972
7707984
7708033
7708036
7708040
7708048
7708064
7708096
7708177
7708180
7708184
7708193
7708208
7708228
7708240
7708289
7708292
7708296
7708304
7708320
7708352
7708432
7708544
7708759
7708763
7708765
7708766
7708787
7708789
7708794
7708796
7708883
7708885
7708890
7708892
7709011
7709013
7709018
7709020
7709027
7709029
7709030
7709034
7709036
7709042
7709044
7709154
7709156
7709235
7709237
7709241
7709242
7709244
7709267
7709269
7709274
7709276
7709297
7709304
7709361
7709368
7709459
7709461
7709465
7709466
7709468
7709475
7709477
7709478
7709481
7709482
7709484
7709489
7709490
7709492
7709496
7709507
7709509
7709510
7709514
7709516
7709521
7709522
7709524
7709528
7709537
7709538
7709540
7709544
7709552
7709585
7709592
7709601
7709602
7709604
7709608
7709616
7709634
7709636
7709664
7709779
7709781
7709786
7709788
7709843
7709845
7709849
7709850
7709852
7709873
7709880
7709905
7709912
7710050
7710052
7710097
7710104
7710113
7710114
7710116
7710120
7710128
7710176
7710257
7710264
7710353
7710360
7710481
7710488
7710497
7710498
7710500
7710504
7710512
7710530
7710532
7710560
7710593
7710594
7710596
7710600
7710608
7710624
7710656
7710803
7710805
7710810
7710812
7710915
7710917
7710918
7710922
7710924
7710930
7710932
7710946
7710948
7711074
7711076
7711170
7711172
7711281
7711288
7711393
7711394
7711396
7711400
7711408
7711426
7711428
7711456
7711505
7711512
7711521
7711522
7711524
7711528
7711536
7711554
7711556
7711584
7711617
7711618
7711620
7711624
7711632
7711648
7711680
7711763
7711765
7711769
7711770
7711772
7711793
7711800
7711811
7711813
7711814
7711818
7711820
7711825
7711826
7711828
7711832
7711842
7711844
7711875
7711877
7711878
7711881
7711882
7711884
7711889
7711890
7711892
7711896
7711905
7711906
7711908
7711912
7711920
7711937
7711938
7711940
7711944
7711952
7711968
7712017
7712024
7712033
7712034
7712036
7712040
7712048
7712066
7712068
7712096
7712129
7712130
7712132
7712136
7712144
7712160
7712192
7712273
7712280
7712289
7712290
7712292
7712296
7712304
7712322
7712324
7712352
7712385
7712386
7712388
7712392
7712400
7712416
7712448
7712544
7712640
7712851
7712853
7712854
7712858
7712860
7712882
7712884
7712978
7712980
7713106
7713108
7713122
7713124
7713329
7713330
7713332
7713336
7713362
7713364
7713392
7713456
7713553
7713554
7713556
7713560
7713569
7713570
7713572
7713576
7713584
7713602
7713604
7713616
7713632
7713680
7713696
7713874
7713876
7713937
7713938
7713940
7713944
7713968
7714000
7714192
7714208
7714352
7714448
7714576
7714592
7714688
7714898
7714900
7715010
7715012
7715376
7715488
7715600
7715616
7715712
7715857
7715858
7715860
7715864
7715888
7715906
7715908
7715920
7715969
7715970
7715972
7715976
7715984
7716000
7716032
7716112
7716128
7716224
7716368
7716384
7716480
7716951
7716955
7716957
7716958
7716979
7716985
7716986
7717075
7717081
7717082
7717084
7717203
7717209
7717210
7717212
7717219
7717222
7717225
7717226
7717234
7717240
7717336
7717346
7717427
7717433
7717434
7717459
7717465
7717466
7717468
7717489
7717496
7717592
7717651
7717657
7717658
7717660
7717667
7717670
7717673
7717674
7717682
7717688
7717699
7717702
7717705
7717706
7717708
7717713
7717714
7717716
7717720
7717729
7717730
7717732
7717736
7717744
7717784
7717794
7717826
7717828
7717832
7717840
7717856
7717971
7717977
7717978
7717980
7718035
7718041
7718042
7718044
7718104
7718232
7718242
7718296
7718306
7718488
7718552
7718680
7718690
7718722
7718724
7718728
7718736
7718752
7718786
7718788
7718792
7718800
7718816
7718848
7718995
7719001
7719002
7719004
7719107
7719110
7719113
7719114
7719116
7719121
7719122
7719124
7719128
7719138
7719256
7719266
7719362
7719364
7719368
7719376
7719392
7719512
7719586
7719618
7719620
7719624
7719632
7719648
7719704
7719714
7719746
7719748
7719752
7719760
7719776
7719810
7719812
7719816
7719824
7719840
7719872
7719955
7719961
7719962
7719964
7720003
7720006
7720009
7720010
7720012
7720017
7720018
7720020
7720024
7720034
7720067
7720070
7720073
7720074
7720076
7720081
7720082
7720084
7720088
7720098
7720130
7720132
7720136
7720144
7720216
7720226
7720258
7720260
7720264
7720272
7720288
7720322
7720324
7720328
7720336
7720352
7720384
7720472
7720482
7720514
7720516
7720520
7720528
7720544
7720578
7720580
7720584
7720592
7720608
7720640
7720768
7720832
7721043
7721045
7721046
7721049
7721050
7721052
7721073
7721074
7721169
7721170
7721172
7721176
7721297
7721298
7721300
7721304
7721313
7721314
7721328
7721424
7721521
7721522
7721553
7721554
7721556
7721560
7721584
7721680
7721745
7721746
7721748
7721752
7721761
7721762
7721776
7721793
7721794
7721796
7721800
7721808
7721824
7721872
7721920
7722065
7722066
7722068
7722072
7722129
7722130
7722132
7722136
7722192
7722320
7722384
7722576
7722640
7722768
7722816
7722880
7723089
7723090
7723092
7723096
7723201
7723202
7723204
7723208
7723216
7723344
7723456
7723600
7723712
7723792
7723840
7723904
7724049
7724050
7724052
7724056
7724097
7724098
7724100
7724104
7724112
7724161
7724162
7724164
7724168
7724176
7724224
7724304
7724352
7724416
7724560
7724608
7724672
7725139
7725141
7725145
7725146
7725148
7725169
7725176
7725265
7725272
7725393
7725400
7725409
7725410
7725412
7725416
7725424
7725536
7725617
7725624
7725649
7725656
7725841
7725848
7725857
7725858
7725860
7725864
7725872
7725889
7725890
7725892
7725896
7725904
7725920
7725984
7726016
7726161
7726168
7726225
7726232
7726432
7726496
7726880
7726912
7726976
7727185
7727192
7727297
7727298
7727300
7727304
7727312
7727328
7727456
7727552
7727776
7727808
7727904
7727936
7728000
7728145
7728152
7728193
7728194
7728196
7728200
7728208
7728224
7728257
7728258
7728260
7728264
7728272
7728288
7728320
7728416
7728448
7728512
7728672
7728704
7728768
7729233
7729234
7729236
7729240
7729264
7729360
7729488
7729504
7729712
7729744
7729936
7729952
7729984
7730256
7730320
7731280
7731392
7732240
7732288
7732352
7737691
7737693
7737694
7737722
7737724
7737820
7738041
7738076
7738139
7738141
7738142
7738169
7738170
7738172
7738201
7738202
7738204
7738232
7738265
7738268
7738281
7738296
7738316
7738324
7738328
7738535
7738539
7738541
7738542
7738553
7738595
7738601
7738602
7738716
7738777
7738780
7738793
7738808
7738840
7738937
7738972
7739015
7739019
7739021
7739022
7739033
7739036
7739043
7739045
7739049
7739050
7739052
7739057
7739064
7739075
7739081
7739082
7739084
7739096
7739105
7739112
7739161
7739164
7739192
7739224
7739273
7739276
7739281
7739284
7739288
7739297
7739304
7739312
7739336
7739344
7739507
7739731
7739740
7739747
7739762
7739852
7739860
7739955
7739961
7739987
7739996
7740017
7740073
7740081
7740108
7740116
7740179
7740185
7740188
7740195
7740201
7740209
7740210
7740216
7740227
7740236
7740241
7740242
7740244
7740248
7740257
7740272
7740297
7740300
7740305
7740308
7740312
7740321
7740328
7740336
7740360
7740368
7740467
7740473
7740515
7740529
7740530
7740585
7740593
7740691
7740697
7740700
7740707
7740713
7740721
7740722
7740728
7740739
7740748
7740753
7740754
7740756
7740760
7740769
7740784
7740809
7740812
7740817
7740820
7740824
7740833
7740840
7740848
7740872
7740880
7740947
7740953
7740956
7740963
7740969
7740977
7740978
7740984
7740995
7741004
7741009
7741010
7741012
7741016
7741025
7741040
7741065
7741068
7741073
7741076
7741080
7741089
7741096
7741104
7741128
7741136
7741201
7741208
7741217
7741232
7741264
7741320
7741328
7742137
7742361
7742649
7742873
7742904
7743129
7744177
7744401
7744432
7744689
7744913
7744944
7745169
7745200
7745882
7745884
7746329
7746330
7746332
7746360
7746392
7746456
7746472
7746726
7746729
7746730
7746732
7746744
7746786
7746792
7746968
7746984
7747128
7747206
7747209
7747210
7747212
7747224
7747233
7747234
7747236
7747240
7747248
7747266
7747272
7747296
7747352
7747464
7747472
7747488
7747698
7747922
7747938
7748145
7748146
7748152
7748178
7748208
7748264
7748272
7748369
7748370
7748376
7748385
7748386
7748392
7748400
7748418
7748432
7748448
7748488
7748496
7748512
7748657
7748658
7748664
7748706
7748720
7748776
7748784
7748881
7748882
7748888
7748897
7748898
7748904
7748912
7748930
7748944
7748960
7749000
7749008
7749024
7749137
7749138
7749144
7749153
7749154
7749160
7749168
7749186
7749200
7749216
7749256
7749264
7749280
7749392
7749408
7754073
7754074
7754076
7754104
7754196
7754200
7754521
7754522
7754524
7754552
7754584
7754644
7754648
7754692
7754696
7754917
7754918
7754921
7754922
7754977
7754978
7755096
7755156
7755160
7755216
7755352
7755397
7755398
7755401
7755402
7755404
7755412
7755416
7755425
7755426
7755428
7755432
7755457
7755458
7755460
7755464
7755472
7755488
7755544
7755652
7755656
7755664
7755712
7755889
7755890
7756113
7756114
7756116
7756120
7756129
7756130
7756144
7756228
7756232
7756240
7756337
7756338
7756369
7756370
7756372
7756376
7756400
7756484
7756488
7756496
7756561
7756562
7756564
7756568
7756577
7756578
7756592
7756609
7756610
7756612
7756616
7756624
7756640
7756676
7756680
7756688
7756736
7756849
7756850
7756897
7756898
7757073
7757074
7757076
7757080
7757089
7757090
7757104
7757121
7757122
7757124
7757128
7757136
7757152
7757188
7757192
7757200
7757248
7757329
7757330
7757332
7757336
7757345
7757346
7757360
7757377
7757378
7757380
7757384
7757392
7757408
7757444
7757448
7757456
7757504
7757584
7757632
7762264
7762712
7763108
7763112
7763168
7763588
7763592
7763616
7763648
7764080
7764304
7764320
7764528
7764560
7764752
7764768
7764800
7765040
7765088
7765264
7765280
7765312
7765520
7765536
7765568
7770451
7770453
7770454
7770460
7770482
7770484
7770580
7770899
7770901
7770902
7770905
7770908
7770929
7770930
7770932
7770936
7770961
7770962
7770964
7770968
7770992
7771025
7771028
7771032
7771041
7771056
7771076
7771088
7771476
7771537
7771544
7771568
7771921
7771924
7771928
7771952
7771984
7772048
7772500
7772612
7772721
7772756
7772945
7772948
7772952
7772961
7772976
7772996
7773008
7773057
7773060
7773064
7773072
7773088
7773120
7773457
7773460
7773464
7773473
7773488
7773520
7773584
7773968
7778642
7778644
7779089
7779090
7779092
7779096
7779120
7779152
7779216
7779232
7779489
7779490
7779492
7779496
7779504
7779552
7779728
7779744
7779888
7779969
7779970
7779972
7779976
7779984
7780000
7780032
7780112
7780224
7780912
7781024
7781136
7781152
7781248
7781424
7781536
7781648
7781664
7781760
7781904
7781920
7782016
7795024
7795472
7803228
7803449
7803484
7803673
7803676
7803689
7803704
7803724
7803736
7803800
7804312
7804568
7804696
7804808
7804816
7805489
7805713
7805720
7805729
7805744
7805776
7805832
7805840
7806001
7806225
7806232
7806241
7806256
7806288
7806344
7806352
7806481
7806488
7806497
7806512
7806544
7806600
7806608
7806736
7807545
7807769
7807785
7807800
7808928
7809585
7809809
7809840
7809952
7810097
7810321
7810352
7810464
7810577
7810608
7810720
7811640
7811864
7811880
7813680
7813904
7813920
7814192
7814416
7814432
7814672
7814688
7815516
7815772
7815964
7816012
7816024
7816132
7817092
7817152
7817668
7817924
7818064
7818116
7818176
7818576
7818628
7818688
7818832
7818884
7818944
7819608
7819864
7820056
7820104
7821648
7821904
7822096
7822144
7822608
7822656
7822864
7822912
7831900
7831910
7832121
7832156
7832345
7832348
7832358
7832361
7832376
7832390
7832396
7832404
7832408
7832420
7832472
7832516
7832984
7833240
7833368
7833412
7833476
7833480
7833488
7833504
7833536
7834052
7834308
7834392
7834436
7834500
7834504
7834512
7834528
7834560
7834904
7834948
7835012
7835016
7835024
7835040
7835072
7835160
7835204
7835268
7835272
7835280
7835296
7835328
7835520
7835988
7836209
7836244
7836433
7836436
7836440
7836449
7836464
7836484
7836496
7836560
7837072
7837328
7837456
7837568
7838480
7838592
7838992
7839104
7839248
7839360
7840098
7840100
7840305
7840312
7840529
7840536
7840545
7840546
7840548
7840552
7840560
7840578
7840580
7840608
7840672
7841184
7841568
7841664
7842464
7842592
7842688
7842976
7843104
7843200
7843360
7843456
7844400
7844624
7844640
7848280
7848290
7848536
7848728
7848738
7848770
7848772
7848776
7848784
7848800
7848896
7849792
7849856
7850432
7850688
7850816
7850880
7851328
7851392
7851584
7851648
7852368
7852624
7852816
7852864
7856480
7856928
7856960
7934375
7934379
7934381
7934382
7934390
7934393
7934394
7934396
7934428
7934649
7934684
7934873
7934876
7934889
7934904
7934924
7934932
7934936
7935063
7935067
7935069
7935070
7935091
7935161
7935187
7935193
7935194
7935196
7935315
7935324
7935331
7935346
7935401
7935416
7935448
7935539
7935545
7935571
7935580
7935601
7935641
7935644
7935665
7935672
7935704
7935763
7935769
7935772
7935779
7935785
7935793
7935794
7935800
7935811
7935820
7935825
7935826
7935828
7935832
7935841
7935856
7935881
7935884
7935889
7935892
7935896
7935905
7935912
7935920
7935944
7935952
7936295
7936299
7936301
7936302
7936307
7936310
7936313
7936314
7936316
7936339
7936348
7936355
7936370
7936419
7936421
7936425
7936426
7936428
7936433
7936434
7936436
7936440
7936460
7936468
7936563
7936569
7936595
7936604
7936625
7936681
7936689
7936716
7936724
7936787
7936793
7936796
7936803
7936809
7936817
7936818
7936824
7936835
7936844
7936849
7936850
7936852
7936856
7936865
7936880
7936905
7936908
7936913
7936916
7936920
7936929
7936936
7936944
7936968
7936976
7937075
7937081
7937095
7937099
7937101
7937102
7937107
7937109
7937110
7937113
7937114
7937116
7937123
7937137
7937138
7937193
7937201
7937219
7937225
7937226
7937228
7937233
7937234
7937236
7937240
7937315
7937321
7937329
7937330
7937336
7937347
7937356
7937361
7937362
7937364
7937368
7937377
7937392
7937441
7937448
7937456
7937480
7937488
7937555
7937561
7937564
7937571
7937577
7937585
7937586
7937592
7937603
7937612
7937617
7937618
7937620
7937624
7937633
7937648
7937673
7937676
7937681
7937684
7937688
7937697
7937704
7937712
7937736
7937744
7937809
7937816
7937825
7937840
7937872
7937928
7937936
7938471
7938475
7938477
7938478
7938486
7938489
7938490
7938492
7938534
7938745
7938969
7938982
7938985
7939000
7939014
7939044
7939159
7939163
7939165
7939166
7939187
7939257
7939283
7939289
7939290
7939411
7939442
7939494
7939497
7939512
7939554
7939635
7939641
7939667
7939697
7939737
7939761
7939768
7939859
7939865
7939881
7939889
7939890
7939896
7939921
7939922
7939952
7939974
7939977
7939985
7940001
7940002
7940004
7940008
7940016
7940034
7940064
7940391
7940395
7940397
7940398
7940403
7940406
7940409
7940410
7940412
7940435
7940451
7940454
7940466
7940515
7940517
7940518
7940521
7940522
7940524
7940529
7940530
7940532
7940536
7940550
7940578
7940580
7940659
7940665
7940691
7940721
7940774
7940777
7940785
7940806
7940836
7940883
7940889
7940899
7940902
7940905
7940913
7940914
7940920
7940931
7940934
7940945
7940946
7940961
7940962
7940964
7940976
7940998
7941001
7941009
7941025
7941026
7941028
7941032
7941040
7941058
7941088
7941171
7941177
7941191
7941195
7941197
7941198
7941203
7941205
7941206
7941209
7941210
7941219
7941222
7941233
7941234
7941286
7941289
7941297
7941315
7941318
7941321
7941322
7941329
7941330
7941346
7941411
7941414
7941417
7941425
7941426
7941432
7941443
7941446
7941457
7941458
7941473
7941474
7941476
7941488
7941537
7941538
7941540
7941544
7941552
7941570
7941600
7941651
7941657
7941667
7941670
7941673
7941681
7941682
7941688
7941699
7941702
7941713
7941714
7941729
7941730
7941732
7941744
7941766
7941769
7941777
7941793
7941794
7941796
7941800
7941808
7941826
7941856
7941905
7941921
7941922
7941936
7941954
7941984
7942048
7942566
7942569
7942570
7942572
7942584
7942840
7943064
7943080
7943251
7943254
7943258
7943260
7943282
7943352
7943378
7943384
7943506
7943522
7943592
7943729
7943730
7943736
7943762
7943792
7943832
7943856
7943953
7943954
7943960
7943969
7943970
7943976
7943984
7944002
7944016
7944032
7944072
7944080
7944096
7944483
7944486
7944489
7944490
7944492
7944497
7944498
7944504
7944530
7944546
7944609
7944610
7944612
7944616
7944624
7944753
7944754
7944760
7944786
7944816
7944872
7944880
7944977
7944978
7944984
7944993
7944994
7945000
7945008
7945026
7945040
7945056
7945096
7945104
7945120
7945265
7945266
7945272
7945283
7945286
7945290
7945292
7945297
7945298
7945300
7945304
7945314
7945328
7945384
7945392
7945410
7945416
7945424
7945505
7945506
7945512
7945520
7945538
7945552
7945568
7945632
7945745
7945746
7945752
7945761
7945762
7945768
7945776
7945794
7945808
7945824
7945864
7945872
7945888
7946000
7946016
7950757
7950758
7950761
7950762
7950772
7950776
7950804
7950808
7951060
7951064
7951252
7951256
7951300
7951304
7951443
7951445
7951446
7951449
7951450
7951452
7951473
7951474
7951569
7951570
7951572
7951576
7951697
7951698
7951700
7951704
7951713
7951714
7951728
7951824
7951921
7951922
7951953
7951954
7951956
7951960
7951984
7952020
7952024
7952080
7952145
7952146
7952148
7952152
7952161
7952162
7952176
7952193
7952194
7952196
7952200
7952208
7952224
7952260
7952264
7952272
7952320
7952675
7952677
7952678
7952681
7952682
7952689
7952690
7952692
7952696
7952721
7952722
7952724
7952728
7952737
7952738
7952752
7952801
7952802
7952804
7952808
7952816
7952836
7952840
7952848
7952945
7952946
7952977
7952978
7952980
7952984
7953008
7953092
7953096
7953104
7953169
7953170
7953172
7953176
7953185
7953186
7953200
7953217
7953218
7953220
7953224
7953232
7953248
7953284
7953288
7953296
7953344
7953457
7953458
7953475
7953477
7953478
7953481
7953482
7953484
7953489
7953490
7953492
7953496
7953505
7953506
7953601
7953602
7953604
7953608
7953616
7953697
7953698
7953712
7953729
7953730
7953732
7953736
7953744
7953760
7953856
7953937
7953938
7953940
7953944
7953953
7953954
7953968
7953985
7953986
7953988
7953992
7954000
7954016
7954052
7954056
7954064
7954112
7954192
7954240
7954853
7954854
7954857
7954860
7954868
7954872
7954916
7955364
7955396
7955793
7955824
7956241
7956272
7956304
7956755
7956771
7956773
7956774
7956777
7956780
7956785
7956786
7956788
7956792
7956817
7956833
7956836
7956848
7956870
7956897
7956898
7956900
7956904
7956912
7956932
7956960
7957041
7957073
7957265
7957281
7957284
7957296
7957313
7957316
7957328
7957380
7957408
7957440
7957777
7957793
7957794
7957796
7957808
7957840
7957856
7958948
7958952
7959633
7959634
7959636
7959640
7959664
7959760
7959888
7959904
7960112
7960144
7960336
7960352
7960384
7960850
7960865
7960866
7960868
7960872
7960880
7960912
7960928
7960992
7961136
7961168
7961360
7961376
7961408
7961618
7961648
7961665
7961666
7961668
7961672
7961680
7961696
7961792
7961888
7961920
7962128
7962144
7962176
7967139
7967141
7967142
7967145
7967153
7967154
7967156
7967160
7967188
7967409
7967633
7967636
7967640
7967649
7967664
7967684
7967696
7968084
7968176
7968529
7968532
7968536
7968545
7968560
7968592
7968656
7969059
7969061
7969062
7969065
7969073
7969074
7969076
7969080
7969108
7969185
7969186
7969188
7969192
7969200
7969220
7969329
7969364
7969553
7969556
7969560
7969569
7969584
7969604
7969616
7969665
7969668
7969672
7969680
7969696
7969728
7970081
7970096
7970128
7970576
7975329
7975330
7975332
7975336
7975344
7975600
7975824
7975840
7976018
7976020
7976112
7976144
7976352
7976496
7976592
7976720
7976736
7976832
7977249
7977250
7977252
7977256
7977264
7977376
7977520
7977632
7977744
7977760
7977856
7978032
7978050
7978052
7978064
7978144
7978176
7978272
7978512
7978528
7978624
7991712
7993632
8065209
8065433
8065436
8065449
8065464
8065944
8066456
8066609
8066712
8066833
8066840
8066849
8066864
8066896
8066952
8066960
8067123
8067129
8067241
8067249
8067347
8067353
8067356
8067363
8067369
8067377
8067378
8067384
8067465
8067468
8067473
8067476
8067480
8067489
8067496
8067504
8067633
8067857
8067864
8067873
8067888
8067920
8067976
8067984
8068145
8068369
8068376
8068385
8068400
8068432
8068488
8068496
8068625
8068632
8068641
8068656
8068688
8068744
8068752
8068880
8069305
8069529
8069542
8069545
8069560
8070705
8070929
8070960
8071072
8071219
8071225
8071334
8071337
8071345
8071443
8071449
8071459
8071462
8071465
8071473
8071474
8071480
8071558
8071561
8071569
8071585
8071586
8071588
8071592
8071600
8071729
8071953
8071984
8072096
8072241
8072465
8072481
8072496
8072608
8072721
8072737
8072752
8072864
8073400
8073624
8073640
8074800
8075024
8075040
8075313
8075314
8075320
8075432
8075440
8075537
8075538
8075544
8075553
8075554
8075560
8075568
8075656
8075664
8075680
8075824
8076048
8076064
8076336
8076560
8076576
8076816
8076832
8077724
8077734
8078276
8079184
8079236
8079296
8079411
8079526
8079635
8079644
8079654
8079666
8079750
8079756
8079764
8079778
8079780
8079812
8080068
8080208
8080260
8080320
8080708
8080720
8080772
8080832
8080976
8081028
8081088
8081812
8081816
8082768
8083024
8083216
8083264
8083505
8083506
8083729
8083730
8083732
8083736
8083745
8083746
8083760
8083792
8083844
8083848
8083856
8084048
8084240
8084288
8084752
8084800
8085008
8085056
8085924
8087601
8087716
8087825
8087856
8087940
8087968
8091696
8091920
8091936
8093881
8094105
8094108
8094118
8094121
8094136
8094616
8094660
8095128
8095384
8095512
8095556
8095620
8095624
8095632
8095648
8095680
8095801
8095910
8095913
8095921
8096025
8096028
8096038
8096041
8096056
8096134
8096137
8096140
8096145
8096148
8096152
8096161
8096162
8096164
8096168
8096176
8096196
8096452
8096536
8096580
8096644
8096648
8096656
8096672
8096704
8097048
8097092
8097156
8097160
8097168
8097184
8097216
8097304
8097348
8097412
8097416
8097424
8097440
8097472
8097664
8097969
8098193
8098196
8098200
8098209
8098224
8098704
8099216
8099472
8099600
8099712
8099889
8100001
8100113
8100116
8100120
8100129
8100144
8100225
8100228
8100232
8100240
8100256
8100624
8100736
8101136
8101248
8101392
8101504
8102065
8102072
8102289
8102296
8102305
8102306
8102308
8102312
8102320
8102816
8103328
8103712
8103808
8103985
8103992
8104097
8104098
8104100
8104104
8104112
8104209
8104216
8104225
8104226
8104228
8104232
8104240
8104321
8104322
8104324
8104328
8104336
8104352
8104608
8104736
8104832
8105120
8105248
8105344
8105504
8105600
8106160
8106384
8106400
8108080
8108192
8108304
8108320
8108416
8110488
8110498
8111040
8111936
8112000
8112290
8112408
8112418
8112514
8112516
8112520
8112528
8112544
8112576
8112832
8112960
8113024
8113472
8113536
8113728
8113792
8114576
8116496
8116608
8118688
8120480
8120608
8120704
8328976
8330000
8330512
8330768
15736595
15736601
15736611
15736625
15736626
15736632
15736643
15736657
15736658
15736673
15736688
15736737
15736752
15744816
15744848
15744864
15753040
15798871
15798875
15798877
15798878
15798899
15798901
15798905
15798908
15798969
15799004
15799111
15799115
15799117
15799118
15799123
15799125
15799126
15799129
15799130
15799132
15799139
15799141
15799145
15799148
15799153
15799154
15799156
15799160
15799193
15799196
15799209
15799224
15799244
15799252
15799256
15799635
15799644
15799651
15799666
15799721
15799736
15799768
15799859
15799865
15799891
15799921
15799985
15800083
15800089
15800092
15800099
15800105
15800113
15800114
15800120
15800131
15800140
15800145
15800146
15800148
15800152
15800161
15800176
15800201
15800204
15800209
15800212
15800216
15800225
15800232
15800240
15800264
15800272
15800659
15800675
15800690
15800739
15800741
15800745
15800753
15800754
15801155
15801164
15801169
15801170
15801172
15801176
15801185
15801200
15801225
15801228
15801233
15801236
15801240
15801249
15801256
15801264
15801288
15801296
15802129
15802145
15802160
15802192
15802967
15802971
15802973
15802974
15802995
15802997
15803001
15803004
15803065
15803207
15803211
15803213
15803214
15803219
15803221
15803222
15803225
15803226
15803235
15803237
15803238
15803241
15803244
15803249
15803250
15803252
15803256
15803289
15803302
15803305
15803320
15803334
15803364
15803479
15803483
15803485
15803486
15803507
15803577
15803603
15803609
15803610
15803731
15803747
15803750
15803762
15803814
15803817
15803832
15803874
15803955
15803961
15803987
15804017
15804057
15804081
15804088
15804179
15804185
15804195
15804198
15804201
15804209
15804210
15804216
15804227
15804230
15804241
15804242
15804257
15804258
15804260
15804272
15804294
15804297
15804305
15804321
15804322
15804324
15804328
15804336
15804354
15804384
15804755
15804771
15804774
15804786
15804835
15804837
15804838
15804841
15804842
15804844
15804849
15804850
15804852
15804856
15804870
15804898
15804900
15805011
15805041
15805094
15805097
15805105
15805126
15805156
15805251
15805254
15805265
15805266
15805281
15805282
15805284
15805296
15805318
15805321
15805329
15805345
15805346
15805348
15805352
15805360
15805378
15805408
15805491
15805497
15805511
15805515
15805517
15805518
15805523
15805525
15805526
15805529
15805530
15805539
15805542
15805553
15805554
15805606
15805609
15805617
15805635
15805638
15805641
15805642
15805649
15805650
15805666
15805731
15805734
15805737
15805745
15805746
15805752
15805763
15805766
15805777
15805778
15805793
15805794
15805796
15805808
15805857
15805858
15805860
15805864
15805872
15805890
15805920
15805971
15805977
15805987
15805990
15805993
15806001
15806002
15806008
15806019
15806022
15806033
15806034
15806049
15806050
15806052
15806064
15806086
15806089
15806097
15806113
15806114
15806116
15806120
15806128
15806146
15806176
15806225
15806241
15806242
15806256
15806274
15806304
15806368
15807059
15807062
15807066
15807068
15807089
15807090
15807092
15807096
15807160
15807299
15807302
15807306
15807308
15807313
15807314
15807316
15807320
15807329
15807330
15807332
15807336
15807344
15807384
15807400
15807571
15807574
15807578
15807580
15807602
15807672
15807698
15807704
15807826
15807842
15807912
15808049
15808050
15808056
15808082
15808112
15808152
15808176
15808273
15808274
15808280
15808289
15808290
15808296
15808304
15808322
15808336
15808352
15808392
15808400
15808416
15808850
15808866
15808929
15808930
15808932
15808936
15808944
15809106
15809136
15809192
15809200
15809346
15809360
15809376
15809416
15809424
15809440
15809585
15809586
15809592
15809603
15809606
15809610
15809612
15809617
15809618
15809620
15809624
15809634
15809648
15809704
15809712
15809730
15809736
15809744
15809825
15809826
15809832
15809840
15809858
15809872
15809888
15809952
15810065
15810066
15810072
15810081
15810082
15810088
15810096
15810114
15810128
15810144
15810184
15810192
15810208
15810320
15810336
15811159
15811163
15811165
15811166
15811187
15811189
15811193
15811196
15811292
15811399
15811403
15811405
15811406
15811411
15811413
15811414
15811417
15811418
15811420
15811427
15811429
15811430
15811433
15811436
15811441
15811442
15811444
15811448
15811484
15811494
15811526
15811532
15811540
15811544
15811556
15811923
15811932
15811939
15811942
15811954
15812006
15812056
15812066
15812147
15812179
15812209
15812371
15812380
15812387
15812390
15812402
15812419
15812422
15812428
15812433
15812434
15812436
15812440
15812449
15812450
15812452
15812464
15812486
15812492
15812500
15812514
15812516
15812546
15812548
15812552
15812560
15812576
15812947
15812963
15812966
15812978
15813027
15813029
15813030
15813042
15813090
15813443
15813446
15813452
15813457
15813458
15813460
15813464
15813473
15813474
15813476
15813488
15813510
15813516
15813524
15813538
15813540
15813570
15813572
15813576
15813584
15813600
15814434
15814466
15814480
15814496
15815251
15815253
15815254
15815257
15815258
15815260
15815281
15815282
15815284
15815288
15815380
15815384
15815491
15815493
15815494
15815497
15815498
15815500
15815505
15815506
15815508
15815512
15815521
15815522
15815524
15815528
15815536
15815572
15815576
15815620
15815624
15816017
15816018
15816020
15816024
15816033
15816034
15816048
15816144
15816241
15816242
15816273
15816274
15816304
15816465
15816466
15816468
15816472
15816481
15816482
15816496
15816513
15816514
15816516
15816520
15816528
15816544
15816580
15816584
15816592
15816640
15817041
15817042
15817057
15817058
15817072
15817121
15817122
15817136
15817537
15817538
15817540
15817544
15817552
15817568
15817604
15817608
15817616
15817664
15818512
15818560
15819347
15819349
15819353
15819356
15819377
15819587
15819589
15819590
15819593
15819596
15819601
15819602
15819604
15819608
15819617
15819618
15819620
15819632
15819684
15819716
15819859
15819861
15819865
15819868
15819889
15819985
15819992
15820113
15820129
15820130
15820132
15820144
15820196
15820256
15820337
15820369
15820561
15820577
15820578
15820580
15820592
15820609
15820610
15820612
15820624
15820640
15820676
15820704
15820736
15821137
15821153
15821154
15821156
15821168
15821190
15821217
15821218
15821220
15821224
15821232
15821252
15821280
15821393
15821476
15821508
15821633
15821634
15821636
15821648
15821664
15821700
15821728
15821760
15821843
15821873
15821891
15821893
15821894
15821897
15821900
15821905
15821906
15821908
15821912
15821921
15821922
15821924
15821936
15821958
15821988
15822017
15822018
15822020
15822024
15822032
15822048
15822113
15822114
15822116
15822128
15822145
15822146
15822148
15822160
15822176
15822240
15822272
15822353
15822369
15822370
15822372
15822384
15822401
15822402
15822404
15822416
15822432
15822468
15822496
15822528
15822624
15822656
15823441
15823442
15823444
15823448
15823472
15823681
15823682
15823684
15823688
15823696
15823712
15823953
15823954
15823956
15823960
15823984
15824080
15824208
15824224
15824432
15824464
15824656
15824672
15824704
15825232
15825248
15825312
15825488
15825728
15825968
15825985
15825986
15825988
15825992
15826000
15826016
15826112
15826208
15826240
15826448
15826464
15826496
15835731
15835733
15835738
15835740
15835761
15835768
15835825
15835832
15835971
15835973
15835974
15835978
15835980
15835985
15835986
15835988
15835992
15836001
15836002
15836004
15836008
15836016
15836049
15836056
15836065
15836066
15836068
15836072
15836080
15836098
15836100
15836128
15836514
15836516
15836577
15836578
15836580
15836584
15836592
15836640
15836721
15836728
15836945
15836952
15836961
15836962
15836964
15836968
15836976
15836994
15836996
15837024
15837057
15837058
15837060
15837064
15837072
15837088
15837120
15837538
15837540
15837601
15837602
15837616
15838018
15838020
15838048
15838081
15838082
15838084
15838088
15838096
15838112
15838144
15839008
15839826
15839828
15839856
15839920
15840066
15840068
15840080
15840096
15840144
15840160
15840672
15840816
15841040
15841056
15841152
15841696
15842176
15852113
15852120
15852353
15852354
15852356
15852360
15852368
15852384
15852448
15852480
15852896
15852960
15853344
15853376
15853440
15853920
15853984
15854400
15854464
15856208
15856448
15929939
15929948
15929969
15930179
15930188
15930193
15930194
15930196
15930200
15930209
15930224
15930264
15930776
15930929
15931032
15931153
15931160
15931169
15931184
15931216
15931272
15931280
15931561
15931569
15931785
15931788
15931793
15931796
15931800
15931809
15931816
15931824
15932240
15932296
15932304
15932465
15932689
15932696
15932705
15932720
15932752
15932808
15932816
15932945
15932952
15932961
15932976
15933008
15933064
15933072
15933200
15938130
15938160
15938370
15938384
15938400
15939120
15939344
15939360
15941136
15942227
15942236
15942257
15942467
15942470
15942476
15942481
15942482
15942484
15942488
15942497
15942498
15942500
15942512
15942596
15943010
15943458
15943490
15943492
15943504
15943520
15943556
15943616
15943846
15944034
15944070
15944076
15944084
15944098
15944100
15944132
15944388
15944514
15944516
15944528
15944544
15944580
15944640
15944802
15944994
15945026
15945028
15945040
15945056
15945092
15945152
15945250
15945282
15945284
15945296
15945312
15945348
15945408
15945536
15946321
15946322
15946324
15946328
15946352
15946561
15946562
15946564
15946568
15946576
15946592
15947088
15947344
15947536
15947584
15948112
15948164
15948168
15948176
15948368
15948608
15949072
15949120
15949328
15949376
15950417
15950657
15950658
15950660
15950672
15950688
15951200
15951648
15951680
15952036
15952224
15952260
15952288
15952704
15952992
15953184
15953216
15953440
15953472
15954512
15954752
15975000
15975234
15975236
15975240
15975248
15975264
15975360
15976256
15976320
15977152
15977280
15978048
15979088
15979328
15980928
16060503
16060507
16060531
16060755
16060764
16060771
16060786
16060979
16060985
16061011
16061020
16061041
16061203
16061209
16061212
16061219
16061225
16061233
16061234
16061240
16061251
16061260
16061265
16061266
16061268
16061272
16061281
16061296
16061336
16061848
16062001
16062225
16062232
16062241
16062256
16062288
16062344
16062352
16063249
16063256
16063265
16063280
16063312
16063368
16063376
16064272
16064599
16064605
16064627
16064851
16064867
16064870
16064882
16065299
16065305
16065315
16065318
16065329
16065330
16065336
16065361
16065392
16065619
16065689
16065890
16066097
16066321
16066337
16066338
16066352
16066370
16066400
16066464
16067603
16067609
16067633
16067665
16067718
16067729
16067857
16067873
16067874
16067888
16067906
16067936
16068000
16068384
16068691
16068694
16068698
16068700
16068722
16068946
16068962
16069169
16069170
16069176
16069202
16069232
16069393
16069394
16069400
16069409
16069410
16069416
16069424
16069442
16069456
16069472
16069714
16069784
16070192
16070416
16070432
16070738
16071216
16071440
16071456
16071697
16071698
16071704
16071728
16071746
16071760
16071816
16071824
16071952
16071968
16072208
16072224
16076883
16076885
16076886
16076913
16077137
16077138
16077140
16077144
16077153
16077154
16077168
16077585
16077586
16077588
16077592
16077601
16077616
16077648
16078160
16078416
16078608
16078656
16085073
16085076
16085104
16085328
16085344
16085776
16085792
16086096
16088080
16097363
16097365
16097634
16097636
16098065
16098072
16098081
16098084
16098096
16098208
16098720
16099104
16099200
16101458
16101936
16102160
16102176
16117840
16192049
16192273
16192280
16192289
16192304
16192336
16193296
16194320
16194832
16195088
16195938
16196369
16196385
16196400
16197408
16198944
16200240
16200464
16200480
16208208
16208656
16220952
16222080
16223616
16225040
16229152
18956927
18956991
18957023
18957047
18957051
18957053
18957054
18957151
18957167
18957181
18957182
18957215
18957231
18957246
18957263
18957271
18957275
18957277
18957278
18957287
18957291
18957293
18957294
18957301
18957302
18957305
18957306
18957308
18957439
18957503
18957535
18957559
18957563
18957565
18957566
18957663
18957679
18957691
18957693
18957694
18957743
18957751
18957755
18957757
18957758
18957783
18957787
18957789
18957790
18957799
18957803
18957805
18957806
18957811
18957814
18957817
18957818
18957820
18957919
18957947
18957949
18957950
18957983
18958007
18958011
18958013
18958014
18958039
18958043
18958045
18958067
18958069
18958073
18958074
18958076
18958159
18958171
18958173
18958174
18958187
18958189
18958190
18958201
18958202
18958204
18958223
18958231
18958237
18958238
18958253
18958254
18958279
18958283
18958285
18958286
18958291
18958293
18958294
18958297
18958298
18958300
18958307
18958309
18958310
18958313
18958314
18958316
18958321
18958324
18958328
18958687
18958703
18958718
18958799
18958807
18958811
18958813
18958814
18958823
18958827
18958829
18958830
18958835
18958837
18958838
18958842
18958844
18959055
18959063
18959067
18959069
18959079
18959083
18959085
18959086
18959093
18959094
18959100
18959303
18959309
18959310
18959318
18959324
18959340
18959455
18959471
18959479
18959483
18959485
18959486
18959567
18959575
18959579
18959581
18959591
18959595
18959597
18959598
18959603
18959605
18959606
18959609
18959610
18959695
18959703
18959709
18959710
18959725
18959726
18959815
18959819
18959821
18959822
18959827
18959829
18959830
18959833
18959834
18959836
18959843
18959845
18959846
18959849
18959850
18959852
18959857
18959860
18959864
18960071
18960075
18960077
18960083
18960085
18960089
18960101
18960102
18960105
18960106
18960108
18960116
18960326
18960332
18960991
18961007
18961021
18961022
18961071
18961079
18961083
18961085
18961086
18961103
18961111
18961115
18961117
18961127
18961131
18961133
18961134
18961141
18961145
18961148
18961231
18961245
18961246
18961261
18961262
18961276
18961295
18961303
18961307
18961309
18961310
18961319
18961323
18961325
18961326
18961334
18961338
18961340
18961351
18961355
18961357
18961358
18961365
18961366
18961369
18961370
18961372
18961381
18961382
18961385
18961386
18961388
18961396
18961400
18961503
18961519
18961531
18961533
18961534
18961583
18961591
18961595
18961597
18961598
18961615
18961623
18961627
18961629
18961639
18961643
18961645
18961646
18961651
18961657
18961658
18961743
18961755
18961757
18961758
18961771
18961773
18961774
18961786
18961788
18961831
18961835
18961837
18961838
18961846
18961850
18961852
18961863
18961867
18961869
18961870
18961875
18961881
18961882
18961884
18961891
18961894
18961897
18961898
18961900
18961906
18961912
18961967
18961979
18961981
18961982
18961999
18962011
18962013
18962027
18962029
18962030
18962041
18962044
18962063
18962071
18962075
18962077
18962087
18962091
18962093
18962094
18962099
18962101
18962106
18962108
18962119
18962123
18962125
18962131
18962137
18962147
18962149
18962153
18962154
18962156
18962161
18962168
18962191
18962203
18962205
18962206
18962219
18962221
18962222
18962234
18962236
18962251
18962253
18962254
18962265
18962266
18962268
18962281
18962282
18962284
18962296
18962311
18962315
18962317
18962318
18962323
18962325
18962326
18962332
18962339
18962341
18962342
18962346
18962348
18962354
18962356
18962371
18962373
18962374
18962377
18962378
18962380
18962385
18962386
18962388
18962392
18962401
18962402
18962404
18962408
18962416
18962767
18962775
18962781
18962782
18962791
18962797
18962798
18962806
18962812
18962855
18962859
18962861
18962862
18962869
18962870
18962874
18962876
18962887
18962891
18962893
18962894
18962899
18962901
18962902
18962908
18962915
18962917
18962918
18962922
18962924
18962930
18962932
18963023
18963031
18963037
18963047
18963053
18963054
18963061
18963068
18963111
18963115
18963117
18963118
18963123
18963125
18963126
18963143
18963147
18963149
18963155
18963157
18963171
18963173
18963174
18963177
18963180
18963185
18963188
18963271
18963277
18963278
18963285
18963286
18963292
18963301
18963302
18963308
18963316
18963335
18963339
18963341
18963342
18963347
18963349
18963350
18963356
18963363
18963365
18963366
18963370
18963372
18963378
18963380
18963395
18963397
18963398
18963401
18963402
18963404
18963409
18963410
18963412
18963416
18963425
18963426
18963428
18963432
18963440
18963503
18963511
18963515
18963517
18963518
18963535
18963543
18963547
18963549
18963559
18963563
18963565
18963566
18963571
18963573
18963574
18963577
18963578
18963623
18963627
18963629
18963630
18963635
18963637
18963638
18963655
18963659
18963661
18963667
18963669
18963673
18963683
18963685
18963686
18963689
18963690
18963697
18963698
18963751
18963755
18963757
18963758
18963766
18963770
18963772
18963783
18963787
18963789
18963790
18963795
18963797
18963798
18963801
18963802
18963804
18963811
18963813
18963814
18963817
18963818
18963820
18963825
18963826
18963828
18963832
18963875
18963877
18963878
18963882
18963884
18963890
18963892
18963907
18963909
18963910
18963913
18963914
18963916
18963921
18963922
18963924
18963928
18963937
18963938
18963940
18963944
18963952
18963983
18963991
18963995
18963997
18964007
18964011
18964013
18964014
18964019
18964022
18964026
18964028
18964039
18964043
18964045
18964051
18964053
18964057
18964067
18964069
18964070
18964073
18964074
18964076
18964081
18964082
18964084
18964088
18964103
18964107
18964109
18964115
18964117
18964131
18964133
18964134
18964138
18964140
18964146
18964148
18964163
18964165
18964169
18964177
18964193
18964194
18964196
18964200
18964208
18964231
18964235
18964237
18964238
18964243
18964252
18964259
18964262
18964266
18964268
18964274
18964291
18964293
18964294
18964297
18964298
18964300
18964305
18964306
18964308
18964312
18964321
18964322
18964324
18964328
18964336
18964355
18964357
18964358
18964364
18964372
18964386
18964388
18964417
18964418
18964420
18964424
18964432
18964448
18969212
18969255
18969259
18969261
18969262
18969269
18969276
18969287
18969291
18969293
18969294
18969301
18969305
18969308
18969317
18969321
18969324
18969421
18969422
18969436
18969452
18969479
18969485
18969486
18969500
18969516
18969541
18969542
18969545
18969546
18969548
18969556
18969560
18969572
18969576
18969707
18969709
18969710
18969721
18969724
18969767
18969771
18969773
18969774
18969781
18969785
18969788
18969811
18969813
18969817
18969827
18969829
18969833
18969834
18969836
18969841
18969848
18969931
18969933
18969934
18969945
18969948
18969961
18969962
18969964
18969976
18970021
18970022
18970025
18970026
18970028
18970036
18970040
18970051
18970053
18970057
18970058
18970060
18970065
18970072
18970081
18970082
18970084
18970088
18970096
18970187
18970189
18970190
18970201
18970204
18970217
18970220
18970247
18970251
18970253
18970254
18970261
18970265
18970268
18970277
18970281
18970282
18970284
18970307
18970309
18970313
18970314
18970316
18970321
18970328
18970337
18970344
18970441
18970442
18970444
18970456
18970472
18970501
18970502
18970508
18970561
18970562
18970564
18970568
18970576
18970592
18970951
18970957
18970958
18970972
18970988
18971075
18971077
18971078
18971081
18971084
18971089
18971092
18971105
18971106
18971108
18971112
18971120
18971331
18971333
18971334
18971337
18971340
18971348
18971364
18971588
18971719
18971723
18971725
18971726
18971731
18971733
18971734
18971737
18971738
18971740
18971749
18971750
18971753
18971754
18971756
18971764
18971843
18971845
18971846
18971849
18971850
18971852
18971857
18971858
18971860
18971864
18971873
18971874
18971876
18971880
18971888
18971973
18971974
18971980
18972097
18972098
18972100
18972104
18972112
18972128
18972353
18972354
18972356
18972360
18981559
18981565
18981566
18981591
18981595
18981597
18981598
18981621
18981625
18981628
18981711
18981719
18981723
18981725
18981726
18981735
18981739
18981741
18981742
18981749
18981750
18981753
18981754
18981756
18981783
18981789
18981790
18981799
18981805
18981806
18981814
18981820
18981831
18981835
18981837
18981838
18981845
18981846
18981849
18981850
18981861
18981862
18981865
18981868
18981876
18981880
18982007
18982011
18982013
18982014
18982071
18982075
18982077
18982078
18982131
18982137
18982138
18982231
18982235
18982237
18982238
18982247
18982251
18982253
18982254
18982262
18982266
18982268
18982311
18982315
18982317
18982318
18982326
18982329
18982330
18982332
18982355
18982361
18982362
18982371
18982374
18982377
18982378
18982386
18982392
18982455
18982459
18982461
18982462
18982487
18982491
18982493
18982494
18982517
18982521
18982524
18982551
18982555
18982557
18982558
18982579
18982581
18982585
18982586
18982588
18982611
18982617
18982618
18982641
18982648
18982679
18982683
18982685
18982686
18982695
18982699
18982701
18982702
18982710
18982713
18982714
18982716
18982727
18982731
18982733
18982734
18982741
18982742
18982745
18982746
18982757
18982758
18982761
18982764
18982772
18982776
18982791
18982795
18982797
18982798
18982803
18982805
18982806
18982809
18982819
18982821
18982822
18982825
18982826
18982828
18982833
18982834
18982836
18982840
18982851
18982854
18982857
18982858
18982865
18982866
18982881
18982882
18982884
18982888
18982896
18983255
18983259
18983261
18983262
18983271
18983275
18983277
18983278
18983286
18983290
18983292
18983335
18983341
18983342
18983349
18983350
18983356
18983367
18983371
18983373
18983374
18983379
18983381
18983382
18983395
18983397
18983398
18983402
18983404
18983410
18983412
18983511
18983515
18983517
18983518
18983541
18983545
18983548
18983591
18983597
18983598
18983605
18983606
18983623
18983627
18983629
18983630
18983635
18983637
18983638
18983653
18983654
18983657
18983660
18983665
18983668
18983751
18983755
18983757
18983758
18983765
18983766
18983769
18983770
18983781
18983782
18983785
18983788
18983796
18983800
18983815
18983821
18983822
18983829
18983830
18983845
18983846
18983852
18983860
18983875
18983878
18983881
18983882
18983889
18983890
18983905
18983906
18983908
18983912
18983920
18983991
18983995
18983997
18983998
18984015
18984023
18984027
18984029
18984030
18984039
18984043
18984045
18984046
18984053
18984054
18984057
18984058
18984103
18984107
18984109
18984110
18984115
18984117
18984118
18984121
18984135
18984139
18984141
18984142
18984147
18984149
18984150
18984153
18984154
18984163
18984166
18984169
18984170
18984177
18984178
18984231
18984235
18984237
18984238
18984246
18984249
18984250
18984252
18984263
18984267
18984269
18984270
18984277
18984278
18984281
18984282
18984293
18984294
18984297
18984300
18984308
18984312
18984355
18984357
18984358
18984361
18984362
18984364
18984369
18984370
18984372
18984376
18984387
18984390
18984393
18984394
18984401
18984402
18984417
18984418
18984420
18984424
18984432
18984471
18984475
18984477
18984478
18984487
18984491
18984493
18984494
18984502
18984505
18984506
18984508
18984519
18984523
18984525
18984526
18984533
18984534
18984537
18984538
18984549
18984550
18984553
18984556
18984564
18984568
18984583
18984587
18984589
18984590
18984595
18984597
18984598
18984601
18984611
18984613
18984614
18984617
18984618
18984620
18984625
18984626
18984628
18984632
18984643
18984646
18984649
18984650
18984657
18984658
18984673
18984674
18984676
18984680
18984688
18984729
18984742
18984745
18984760
18984774
18984804
18984838
18984841
18984849
18984865
18984866
18984868
18984872
18984880
18984898
18984928
18985671
18985675
18985677
18985678
18985701
18985705
18985708
18985799
18985803
18985805
18985806
18985813
18985814
18985818
18985829
18985830
18985836
18985844
18985863
18985869
18985870
18985894
18985900
18985925
18985926
18985929
18985930
18985956
18985960
18986087
18986091
18986093
18986094
18986169
18986211
18986217
18986218
18986311
18986315
18986317
18986318
18986342
18986346
18986348
18986406
18986409
18986410
18986412
18986424
18986435
18986441
18986442
18986466
18986472
18986535
18986539
18986541
18986542
18986553
18986567
18986571
18986573
18986574
18986597
18986601
18986604
18986631
18986635
18986637
18986638
18986649
18986659
18986661
18986665
18986666
18986668
18986673
18986680
18986691
18986697
18986698
18986721
18986728
18986759
18986763
18986765
18986766
18986777
18986790
18986793
18986794
18986796
18986808
18986821
18986822
18986825
18986826
18986852
18986856
18986883
18986885
18986886
18986889
18986897
18986913
18986914
18986916
18986920
18986928
18986945
18986946
18986976
18987335
18987339
18987341
18987342
18987366
18987370
18987372
18987429
18987430
18987436
18987444
18987459
18987461
18987462
18987490
18987492
18987591
18987595
18987597
18987598
18987621
18987625
18987628
18987685
18987686
18987715
18987717
18987718
18987745
18987748
18987845
18987846
18987849
18987850
18987876
18987880
18987909
18987910
18987940
18987969
18987970
18988000
18988071
18988075
18988077
18988078
18988089
18988103
18988107
18988109
18988110
18988117
18988118
18988121
18988122
18988133
18988134
18988137
18988138
18988195
18988197
18988198
18988201
18988209
18988227
18988229
18988230
18988233
18988234
18988241
18988242
18988257
18988258
18988326
18988329
18988330
18988332
18988344
18988357
18988358
18988361
18988362
18988388
18988392
18988449
18988450
18988452
18988456
18988464
18988481
18988482
18988512
18988551
18988555
18988557
18988558
18988569
18988582
18988585
18988586
18988588
18988600
18988613
18988614
18988617
18988618
18988644
18988648
18988675
18988677
18988678
18988681
18988689
18988705
18988706
18988708
18988712
18988720
18988737
18988738
18988768
18988809
18988840
18988929
18988960
18989783
18989787
18989789
18989813
18989817
18989820
18989903
18989911
18989915
18989917
18989918
18989927
18989931
18989933
18989934
18989941
18989942
18989945
18989946
18989948
18989975
18989979
18989981
18989982
18989991
18989995
18989997
18989998
18990006
18990010
18990012
18990023
18990027
18990029
18990030
18990037
18990038
18990041
18990042
18990044
18990053
18990054
18990057
18990060
18990068
18990072
18990199
18990203
18990205
18990206
18990323
18990329
18990330
18990423
18990427
18990429
18990430
18990439
18990443
18990445
18990446
18990454
18990458
18990460
18990503
18990507
18990509
18990510
18990518
18990522
18990524
18990547
18990553
18990554
18990556
18990563
18990566
18990569
18990570
18990578
18990584
18990647
18990651
18990653
18990654
18990679
18990683
18990685
18990709
18990713
18990716
18990743
18990747
18990749
18990771
18990773
18990778
18990780
18990803
18990809
18990833
18990840
18990871
18990875
18990877
18990878
18990887
18990891
18990893
18990894
18990902
18990906
18990908
18990919
18990923
18990925
18990926
18990933
18990934
18990937
18990938
18990940
18990949
18990950
18990953
18990956
18990964
18990968
18990983
18990987
18990989
18990990
18990995
18990997
18990998
18991004
18991011
18991013
18991014
18991018
18991020
18991026
18991028
18991043
18991046
18991049
18991050
18991052
18991057
18991058
18991060
18991064
18991073
18991074
18991076
18991080
18991088
18991447
18991451
18991453
18991454
18991463
18991467
18991469
18991470
18991478
18991482
18991484
18991527
18991531
18991533
18991534
18991539
18991541
18991542
18991546
18991548
18991559
18991563
18991565
18991566
18991571
18991573
18991574
18991580
18991587
18991589
18991590
18991594
18991596
18991602
18991604
18991703
18991707
18991709
18991733
18991737
18991740
18991783
18991787
18991789
18991790
18991795
18991797
18991798
18991815
18991819
18991821
18991827
18991829
18991845
18991846
18991849
18991852
18991857
18991860
18991943
18991947
18991949
18991950
18991957
18991958
18991961
18991962
18991964
18991973
18991974
18991977
18991980
18991988
18991992
18992007
18992011
18992013
18992014
18992019
18992021
18992022
18992028
18992035
18992037
18992038
18992042
18992044
18992050
18992052
18992067
18992070
18992073
18992074
18992076
18992081
18992082
18992084
18992088
18992097
18992098
18992100
18992104
18992112
18992183
18992187
18992189
18992190
18992207
18992215
18992219
18992221
18992231
18992235
18992237
18992238
18992245
18992246
18992249
18992250
18992295
18992299
18992301
18992302
18992307
18992309
18992310
18992327
18992331
18992333
18992339
18992341
18992345
18992355
18992358
18992361
18992362
18992369
18992370
18992423
18992427
18992429
18992430
18992438
18992442
18992444
18992455
18992459
18992461
18992462
18992469
18992470
18992473
18992474
18992476
18992485
18992486
18992489
18992492
18992500
18992504
18992547
18992549
18992550
18992554
18992556
18992562
18992564
18992579
18992582
18992585
18992586
18992588
18992593
18992594
18992596
18992600
18992609
18992610
18992612
18992616
18992624
18992663
18992667
18992669
18992679
18992683
18992685
18992686
18992694
18992698
18992700
18992711
18992715
18992717
18992725
18992729
18992741
18992742
18992745
18992748
18992756
18992760
18992775
18992779
18992781
18992787
18992789
18992803
18992805
18992806
18992810
18992812
18992818
18992820
18992835
18992841
18992849
18992865
18992866
18992868
18992872
18992880
18992924
18992934
18992966
18992972
18992980
18992984
18992996
18993030
18993036
18993044
18993058
18993060
18993090
18993092
18993096
18993104
18993120
18993893
18993897
18993900
18993991
18993995
18993997
18993998
18994005
18994006
18994009
18994010
18994012
18994021
18994022
18994025
18994026
18994028
18994036
18994040
18994055
18994059
18994061
18994062
18994076
18994086
18994090
18994092
18994117
18994118
18994121
18994122
18994124
18994132
18994136
18994148
18994152
18994403
18994409
18994410
18994503
18994507
18994509
18994510
18994524
18994534
18994538
18994540
18994598
18994602
18994604
18994627
18994633
18994634
18994636
18994648
18994658
18994664
18994727
18994731
18994733
18994734
18994759
18994763
18994765
18994789
18994793
18994796
18994823
18994827
18994829
18994851
18994853
18994858
18994860
18994883
18994889
18994913
18994920
18994951
18994955
18994957
18994958
18994972
18994982
18994986
18994988
18995013
18995014
18995017
18995018
18995020
18995028
18995032
18995044
18995048
18995075
18995077
18995078
18995084
18995092
18995106
18995108
18995137
18995138
18995140
18995144
18995152
18995168
18995527
18995531
18995533
18995534
18995548
18995558
18995562
18995564
18995619
18995621
18995622
18995626
18995628
18995634
18995636
18995651
18995653
18995654
18995660
18995668
18995682
18995684
18995783
18995787
18995789
18995813
18995817
18995820
18995875
18995877
18995878
18995907
18995909
18995937
18995940
18996037
18996038
18996041
18996042
18996044
18996052
18996056
18996068
18996072
18996099
18996101
18996102
18996108
18996116
18996130
18996132
18996161
18996162
18996164
18996168
18996176
18996192
18996263
18996267
18996269
18996270
18996295
18996299
18996301
18996309
18996313
18996325
18996326
18996329
18996330
18996387
18996389
18996390
18996419
18996421
18996425
18996433
18996449
18996450
18996518
18996522
18996524
18996549
18996550
18996553
18996554
18996556
18996564
18996568
18996580
18996584
18996642
18996644
18996673
18996674
18996676
18996680
18996688
18996704
18996743
18996747
18996749
18996774
18996778
18996780
18996805
18996809
18996836
18996840
18996867
18996869
18996898
18996900
18996929
18996960
18997004
18997060
18997064
18997124
18997184
18998087
18998091
18998093
18998094
18998101
18998102
18998105
18998106
18998108
18998117
18998118
18998121
18998124
18998132
18998136
18998165
18998169
18998172
18998181
18998182
18998185
18998188
18998196
18998200
18998213
18998214
18998217
18998220
18998228
18998232
18998244
18998513
18998520
18998613
18998617
18998620
18998629
18998630
18998633
18998636
18998644
18998648
18998693
18998694
18998697
18998700
18998708
18998712
18998737
18998744
18998753
18998754
18998756
18998760
18998768
18998837
18998841
18998844
18998869
18998873
18998876
18998933
18998937
18998940
18998961
18998968
18998993
18999000
18999061
18999065
18999068
18999077
18999078
18999081
18999084
18999092
18999096
18999109
18999110
18999113
18999116
18999124
18999128
18999140
18999173
18999174
18999177
18999180
18999185
18999188
18999201
18999202
18999204
18999208
18999216
18999233
18999234
18999236
18999240
18999248
18999264
18999637
18999641
18999644
18999653
18999654
18999657
18999660
18999668
18999672
18999715
18999717
18999718
18999721
18999722
18999724
18999729
18999730
18999732
18999736
18999749
18999750
18999753
18999756
18999761
18999764
18999777
18999778
18999780
18999784
18999792
18999893
18999897
18999900
18999973
18999974
18999977
18999980
18999985
18999988
19000005
19000006
19000009
19000012
19000017
19000020
19000036
19000133
19000134
19000137
19000140
19000148
19000152
19000164
19000197
19000198
19000201
19000204
19000209
19000212
19000225
19000226
19000228
19000232
19000240
19000257
19000258
19000260
19000264
19000272
19000288
19000373
19000377
19000380
19000391
19000395
19000397
19000398
19000405
19000406
19000409
19000410
19000412
19000421
19000422
19000425
19000428
19000436
19000440
19000485
19000486
19000489
19000492
19000497
19000500
19000515
19000517
19000518
19000521
19000522
19000524
19000529
19000530
19000532
19000536
19000545
19000546
19000548
19000552
19000560
19000613
19000614
19000617
19000620
19000628
19000632
19000645
19000646
19000649
19000652
19000660
19000664
19000676
19000737
19000738
19000740
19000744
19000752
19000769
19000770
19000772
19000776
19000784
19000800
19000853
19000857
19000860
19000869
19000870
19000873
19000876
19000884
19000888
19000901
19000902
19000905
19000908
19000916
19000920
19000932
19000965
19000966
19000969
19000972
19000977
19000980
19000993
19000994
19000996
19001000
19001008
19001025
19001026
19001028
19001032
19001040
19001056
19001124
19001156
19001220
19001248
19001280
19002181
19002182
19002185
19002186
19002188
19002196
19002200
19002212
19002216
19002245
19002249
19002252
19002276
19002280
19002308
19002312
19002693
19002697
19002700
19002724
19002728
19002788
19002792
19002817
19002824
19002848
19002917
19002921
19002924
19002949
19002953
19002956
19003013
19003017
19003020
19003041
19003048
19003073
19003080
19003141
19003145
19003148
19003172
19003176
19003204
19003208
19003265
19003268
19003296
19003328
19003717
19003721
19003724
19003748
19003752
19003809
19003810
19003812
19003816
19003824
19003841
19003844
19003872
19003973
19003977
19003980
19004065
19004068
19004097
19004100
19004228
19004232
19004289
19004292
19004320
19004352
19004453
19004457
19004460
19004485
19004486
19004489
19004490
19004492
19004500
19004504
19004516
19004520
19004577
19004580
19004609
19004610
19004612
19004616
19004624
19004640
19004708
19004712
19004740
19004744
19004832
19004864
19004933
19004937
19004940
19004964
19004968
19004996
19005000
19005057
19005060
19005088
19005120
19051335
19051341
19051342
19051349
19051350
19051365
19051372
19051380
19051623
19051627
19051629
19051630
19051687
19051691
19051693
19051694
19051705
19051747
19051753
19051754
19051929
19051945
19051960
19052103
19052107
19052109
19052110
19052133
19052137
19052140
19052167
19052171
19052173
19052174
19052185
19052197
19052201
19052202
19052204
19052227
19052233
19052234
19052257
19052264
19059527
19059531
19059533
19059534
19059541
19059542
19059545
19059546
19059548
19059557
19059561
19059564
19059572
19059576
19059612
19059660
19059668
19059672
19059815
19059819
19059821
19059822
19059879
19059883
19059885
19059886
19059939
19059945
19059946
19060060
19060124
19060184
19060263
19060267
19060269
19060270
19060295
19060299
19060301
19060302
19060316
19060325
19060329
19060332
19060359
19060363
19060365
19060366
19060380
19060387
19060389
19060394
19060396
19060419
19060425
19060426
19060428
19060440
19060449
19060456
19060508
19060556
19060564
19060568
19060620
19060628
19060680
19060688
19061084
19061127
19061131
19061133
19061134
19061139
19061141
19061142
19061148
19061155
19061157
19061162
19061164
19061170
19061172
19061196
19061204
19061340
19061452
19061460
19061580
19061588
19061592
19061644
19061652
19061704
19061712
19062044
19062092
19062100
19062104
19062156
19062164
19062216
19062224
19062300
19062348
19062356
19062360
19062412
19062420
19062472
19062480
19067717
19067721
19067724
19067732
19067736
19068005
19068009
19068012
19068069
19068073
19068076
19068129
19068136
19068453
19068457
19068460
19068485
19068489
19068492
19068549
19068553
19068556
19068577
19068584
19068609
19068616
19069317
19069321
19069324
19069329
19069332
19069345
19069352
19069360
19120727
19120731
19120733
19120734
19120757
19120761
19120764
19120860
19120967
19120971
19120973
19120974
19120981
19120982
19120985
19120986
19120988
19120997
19120998
19121001
19121004
19121012
19121016
19121052
19121094
19121100
19121108
19121112
19121124
19121500
19121510
19121564
19121574
19121624
19121634
19121756
19121820
19121880
19121990
19121996
19122004
19122008
19122020
19122054
19122060
19122114
19122116
19122120
19122128
19122144
19122406
19122524
19122630
19122636
19122644
19122658
19122660
19122886
19122892
19122900
19122916
19123140
19123302
19123426
19123526
19123532
19123650
19123652
19123656
19123664
19123680
19123906
19123908
19123912
19124807
19124811
19124813
19124814
19124828
19124837
19124841
19124844
19124940
19125061
19125062
19125065
19125066
19125068
19125076
19125080
19125092
19125096
19125132
19125188
19125192
19125580
19125644
19125704
19125836
19125900
19125960
19126028
19126084
19126088
19126148
19126208
19126435
19126437
19126438
19126604
19126659
19126661
19126662
19126668
19126676
19126690
19126692
19126724
19126860
19126980
19127108
19127112
19127172
19127232
19127564
19127620
19127624
19127684
19127744
19127820
19127876
19127880
19127940
19128000
19132997
19133001
19133004
19133252
19133256
19149151
19149167
19149181
19149182
19149271
19149275
19149277
19149278
19149287
19149291
19149293
19149294
19149302
19149306
19149308
19149647
19149661
19149662
19149677
19149678
19149692
19149719
19149723
19149725
19149726
19149735
19149739
19149741
19149742
19149750
19149753
19149754
19149756
19149767
19149771
19149773
19149774
19149781
19149782
19149785
19149786
19149797
19149801
19149804
19149812
19149816
19150171
19150173
19150174
19150187
19150189
19150190
19150202
19150204
19150231
19150235
19150237
19150238
19150247
19150251
19150253
19150254
19150262
19150265
19150266
19150268
19150291
19150297
19150298
19150307
19150313
19150314
19150322
19150328
19150383
19150397
19150398
19150415
19150427
19150429
19150430
19150443
19150445
19150446
19150457
19150460
19150479
19150487
19150491
19150493
19150494
19150503
19150507
19150509
19150510
19150515
19150517
19150521
19150522
19150524
19150535
19150539
19150541
19150542
19150547
19150553
19150554
19150563
19150565
19150569
19150570
19150572
19150577
19150584
19150621
19150622
19150637
19150638
19150652
19150667
19150669
19150670
19150681
19150682
19150697
19150700
19150712
19150727
19150731
19150733
19150734
19150739
19150741
19150742
19150745
19150755
19150757
19150761
19150762
19150764
19150769
19150770
19150772
19150776
19150787
19150793
19150794
19150801
19150802
19150817
19150824
19150832
19150943
19150967
19150973
19150974
19151055
19151063
19151067
19151069
19151070
19151079
19151083
19151085
19151086
19151091
19151093
19151094
19151191
19151197
19151198
19151207
19151213
19151214
19151222
19151228
19151303
19151307
19151309
19151310
19151315
19151317
19151318
19151331
19151333
19151338
19151340
19151346
19151348
19151447
19151453
19151454
19151477
19151484
19151527
19151531
19151533
19151534
19151539
19151541
19151542
19151545
19151559
19151563
19151565
19151566
19151571
19151573
19151574
19151589
19151593
19151596
19151601
19151604
19151687
19151693
19151694
19151701
19151702
19151717
19151724
19151732
19151751
19151755
19151757
19151758
19151763
19151765
19151766
19151769
19151779
19151781
19151785
19151786
19151788
19151793
19151794
19151796
19151800
19151811
19151817
19151818
19151825
19151826
19151841
19151848
19151856
19151903
19151927
19151933
19151934
19151951
19151959
19151963
19151965
19151966
19151975
19151979
19151981
19151982
19151987
19151989
19151990
19151993
19151994
19152015
19152023
19152027
19152029
19152030
19152039
19152043
19152045
19152046
19152051
19152053
19152054
19152057
19152071
19152075
19152077
19152078
19152083
19152085
19152086
19152089
19152090
19152099
19152105
19152106
19152113
19152114
19152151
19152157
19152158
19152167
19152173
19152174
19152182
19152188
19152199
19152203
19152205
19152206
19152211
19152213
19152214
19152217
19152218
19152227
19152229
19152233
19152236
19152241
19152242
19152244
19152248
19152263
19152267
19152269
19152270
19152275
19152277
19152278
19152281
19152291
19152293
19152297
19152298
19152300
19152305
19152306
19152308
19152312
19152323
19152329
19152330
19152337
19152338
19152353
19152360
19152368
19152407
19152413
19152414
19152423
19152429
19152430
19152438
19152444
19152455
19152459
19152461
19152462
19152467
19152469
19152470
19152473
19152474
19152483
19152485
19152489
19152492
19152497
19152498
19152500
19152504
19152519
19152523
19152525
19152526
19152531
19152533
19152534
19152537
19152547
19152549
19152553
19152554
19152556
19152561
19152562
19152564
19152568
19152579
19152585
19152586
19152593
19152594
19152609
19152616
19152624
19152707
19152721
19152722
19152737
19152752
19152777
19152785
19152801
19152808
19152816
19157343
19157373
19157374
19157463
19157467
19157469
19157470
19157479
19157483
19157485
19157486
19157494
19157498
19157500
19157791
19157807
19157821
19157822
19157839
19157853
19157854
19157869
19157870
19157884
19157911
19157915
19157917
19157918
19157927
19157931
19157933
19157934
19157942
19157946
19157948
19157959
19157963
19157965
19157966
19157973
19157974
19157977
19157978
19157980
19157989
19157993
19157996
19158004
19158008
19158363
19158365
19158366
19158379
19158381
19158382
19158394
19158396
19158423
19158427
19158429
19158430
19158439
19158443
19158445
19158446
19158454
19158458
19158460
19158483
19158489
19158490
19158492
19158499
19158505
19158506
19158514
19158520
19158575
19158587
19158589
19158590
19158607
19158619
19158621
19158635
19158637
19158638
19158649
19158652
19158671
19158679
19158683
19158685
19158695
19158699
19158701
19158702
19158707
19158709
19158714
19158716
19158727
19158731
19158733
19158739
19158745
19158755
19158757
19158761
19158762
19158764
19158769
19158776
19158811
19158813
19158814
19158827
19158829
19158830
19158842
19158844
19158859
19158861
19158862
19158873
19158874
19158876
19158889
19158892
19158904
19158919
19158923
19158925
19158926
19158931
19158933
19158934
19158940
19158947
19158949
19158954
19158956
19158962
19158964
19158979
19158985
19158986
19158988
19158993
19158994
19158996
19159000
19159009
19159016
19159024
19159135
19159159
19159165
19159166
19159255
19159259
19159261
19159271
19159275
19159277
19159278
19159283
19159285
19159286
19159383
19159389
19159390
19159399
19159405
19159406
19159414
19159420
19159495
19159499
19159501
19159502
19159507
19159509
19159510
19159516
19159523
19159525
19159530
19159532
19159538
19159540
19159607
19159613
19159614
19159639
19159645
19159669
19159676
19159719
19159723
19159725
19159726
19159731
19159733
19159734
19159751
19159755
19159757
19159763
19159765
19159781
19159785
19159788
19159793
19159796
19159831
19159837
19159838
19159847
19159853
19159854
19159862
19159868
19159879
19159885
19159886
19159893
19159894
19159900
19159909
19159916
19159924
19159943
19159947
19159949
19159950
19159955
19159957
19159958
19159964
19159971
19159973
19159978
19159980
19159986
19159988
19160003
19160009
19160010
19160012
19160017
19160018
19160020
19160024
19160033
19160040
19160048
19160095
19160119
19160123
19160125
19160126
19160143
19160151
19160155
19160157
19160167
19160171
19160173
19160174
19160179
19160181
19160182
19160185
19160186
19160207
19160215
19160219
19160221
19160231
19160235
19160237
19160238
19160243
19160245
19160246
19160263
19160267
19160269
19160275
19160277
19160281
19160291
19160297
19160298
19160305
19160306
19160343
19160347
19160349
19160350
19160359
19160363
19160365
19160366
19160371
19160374
19160378
19160380
19160391
19160395
19160397
19160398
19160403
19160405
19160406
19160409
19160410
19160412
19160419
19160421
19160425
19160428
19160433
19160434
19160436
19160440
19160455
19160459
19160461
19160462
19160467
19160469
19160470
19160476
19160483
19160485
19160490
19160492
19160498
19160500
19160515
19160521
19160522
19160524
19160529
19160530
19160532
19160536
19160545
19160552
19160560
19160599
19160603
19160605
19160615
19160619
19160621
19160622
19160627
19160630
19160634
19160636
19160647
19160651
19160653
19160659
19160661
19160665
19160675
19160677
19160681
19160684
19160689
19160690
19160692
19160696
19160711
19160715
19160717
19160723
19160725
19160739
19160741
19160746
19160748
19160754
19160756
19160771
19160777
19160785
19160801
19160808
19160816
19160851
19160860
19160867
19160882
19160899
19160908
19160913
19160914
19160916
19160920
19160929
19160944
19160972
19160980
19161032
19161040
19165564
19165653
19165657
19165660
19165669
19165673
19165676
19165684
19165688
19165981
19165982
19165997
19165998
19166012
19166029
19166030
19166044
19166060
19166101
19166105
19166108
19166117
19166121
19166124
19166132
19166136
19166149
19166153
19166156
19166164
19166168
19166553
19166556
19166569
19166572
19166584
19166613
19166617
19166620
19166629
19166633
19166636
19166644
19166648
19166673
19166680
19166689
19166696
19166704
19166763
19166765
19166766
19166777
19166780
19166795
19166797
19166798
19166809
19166812
19166825
19166828
19166855
19166859
19166861
19166862
19166869
19166873
19166876
19166883
19166885
19166889
19166890
19166892
19166897
19166904
19166915
19166917
19166921
19166922
19166924
19166929
19166936
19166945
19166952
19167001
19167004
19167017
19167020
19167032
19167049
19167052
19167064
19167109
19167113
19167116
19167121
19167124
19167137
19167144
19167152
19167169
19167176
19167184
19167349
19167356
19167443
19167445
19167446
19167461
19167465
19167468
19167473
19167476
19167573
19167580
19167589
19167596
19167604
19167685
19167689
19167692
19167697
19167700
19167713
19167720
19167728
19167797
19167804
19167829
19167836
19167909
19167913
19167916
19167921
19167924
19167941
19167945
19167948
19167953
19167956
19168021
19168028
19168037
19168044
19168052
19168069
19168076
19168084
19168133
19168137
19168140
19168145
19168148
19168161
19168168
19168176
19168193
19168200
19168208
19168279
19168283
19168285
19168286
19168307
19168309
19168313
19168316
19168327
19168331
19168333
19168334
19168339
19168341
19168342
19168345
19168346
19168348
19168355
19168357
19168361
19168364
19168369
19168370
19168372
19168376
19168391
19168395
19168397
19168398
19168403
19168405
19168406
19168409
19168412
19168421
19168425
19168428
19168433
19168436
19168451
19168453
19168457
19168458
19168460
19168465
19168466
19168468
19168472
19168481
19168488
19168496
19168531
19168533
19168537
19168540
19168547
19168549
19168553
19168556
19168561
19168562
19168564
19168568
19168579
19168581
19168585
19168588
19168593
19168594
19168596
19168600
19168609
19168624
19168645
19168649
19168652
19168657
19168660
19168673
19168680
19168688
19168705
19168712
19168720
19168787
19168789
19168793
19168796
19168803
19168805
19168809
19168812
19168817
19168818
19168820
19168824
19168835
19168837
19168841
19168844
19168849
19168850
19168852
19168856
19168865
19168880
19168901
19168905
19168908
19168913
19168916
19168929
19168936
19168944
19168961
19168968
19168976
19169041
19169057
19169072
19169089
19169104
19182359
19182363
19182365
19182366
19182375
19182379
19182381
19182382
19182390
19182393
19182394
19182396
19182407
19182411
19182413
19182414
19182421
19182422
19182425
19182426
19182437
19182441
19182444
19182452
19182456
19182489
19182505
19182520
19183001
19183017
19183032
19183143
19183147
19183149
19183150
19183161
19183175
19183179
19183181
19183182
19183205
19183209
19183212
19183239
19183243
19183245
19183246
19183257
19183267
19183269
19183273
19183274
19183276
19183281
19183288
19183299
19183305
19183306
19183329
19183336
19183385
19183401
19183416
19183497
19183505
19183521
19183528
19183536
19184185
19184297
19184305
19184409
19184425
19184440
19184521
19184529
19184545
19184552
19184560
19184663
19184667
19184669
19184670
19184697
19184711
19184715
19184717
19184718
19184725
19184726
19184729
19184730
19184775
19184779
19184781
19184782
19184787
19184789
19184790
19184793
19184809
19184817
19184835
19184841
19184842
19184849
19184850
19184921
19184937
19184952
19185033
19185041
19185057
19185064
19185072
19185177
19185193
19185208
19185289
19185297
19185313
19185320
19185328
19190236
19190551
19190555
19190557
19190558
19190567
19190571
19190573
19190574
19190582
19190586
19190588
19190599
19190603
19190605
19190606
19190613
19190614
19190617
19190618
19190620
19190629
19190633
19190636
19190644
19190648
19190684
19190732
19190740
19190744
19191132
19191196
19191256
19191335
19191339
19191341
19191342
19191367
19191371
19191373
19191397
19191401
19191404
19191431
19191435
19191437
19191459
19191461
19191466
19191468
19191491
19191497
19191521
19191528
19191580
19191628
19191636
19191640
19191692
19191700
19191752
19191760
19192156
19192268
19192276
19192604
19192652
19192660
19192664
19192716
19192724
19192776
19192784
19192855
19192859
19192861
19192903
19192907
19192909
19192917
19192921
19192967
19192971
19192973
19192979
19192981
19193027
19193033
19193041
19193116
19193164
19193172
19193176
19193228
19193236
19193288
19193296
19198741
19198745
19198748
19198757
19198761
19198764
19198772
19198776
19198789
19198793
19198796
19198804
19198808
19199525
19199529
19199532
19199557
19199561
19199564
19199621
19199625
19199628
19199649
19199656
19199681
19199688
19201045
19201049
19201052
19201093
19201097
19201100
19201108
19201112
19201157
19201161
19201164
19201169
19201172
19201217
19201224
19201232
19210367
19210463
19210487
19210491
19210493
19210494
19210591
19210607
19210621
19210622
19210711
19210715
19210717
19210718
19210727
19210731
19210733
19210734
19210742
19210746
19210748
19210847
19210877
19210878
19210935
19210939
19210941
19210942
19210967
19210971
19210973
19210974
19210997
19211001
19211004
19211087
19211101
19211102
19211117
19211118
19211132
19211159
19211163
19211165
19211166
19211175
19211179
19211181
19211182
19211190
19211193
19211194
19211196
19211207
19211211
19211213
19211214
19211221
19211222
19211225
19211226
19211237
19211238
19211241
19211244
19211252
19211256
19211359
19211387
19211389
19211390
19211423
19211447
19211451
19211453
19211454
19211479
19211483
19211485
19211486
19211507
19211513
19211514
19211611
19211613
19211614
19211627
19211629
19211630
19211642
19211644
19211671
19211675
19211677
19211678
19211687
19211691
19211693
19211694
19211702
19211705
19211706
19211708
19211731
19211737
19211738
19211747
19211750
19211753
19211754
19211768
19211837
19211838
19211867
19211869
19211870
19211897
19211900
19211927
19211931
19211933
19211934
19211955
19211957
19211961
19211962
19211964
19211987
19211993
19211994
19212017
19212024
19212061
19212062
19212077
19212078
19212092
19212107
19212109
19212110
19212121
19212122
19212137
19212140
19212152
19212167
19212171
19212173
19212174
19212179
19212181
19212182
19212185
19212195
19212197
19212198
19212201
19212202
19212204
19212209
19212212
19212216
19212227
19212230
19212233
19212234
19212241
19212257
19212260
19212264
19212383
19212407
19212413
19212414
19212495
19212503
19212507
19212509
19212510
19212519
19212523
19212525
19212526
19212531
19212533
19212534
19212631
19212637
19212638
19212647
19212653
19212654
19212662
19212668
19212743
19212747
19212749
19212750
19212755
19212757
19212758
19212771
19212773
19212774
19212778
19212780
19212788
19212887
19212893
19212894
19212917
19212924
19212967
19212971
19212973
19212974
19212979
19212981
19212982
19212985
19212999
19213003
19213005
19213006
19213011
19213013
19213014
19213029
19213030
19213033
19213036
19213041
19213044
19213127
19213133
19213134
19213141
19213142
19213157
19213158
19213164
19213172
19213191
19213195
19213197
19213198
19213203
19213205
19213206
19213209
19213219
19213221
19213222
19213225
19213226
19213228
19213236
19213240
19213251
19213254
19213257
19213258
19213265
19213281
19213284
19213288
19213343
19213367
19213373
19213374
19213391
19213399
19213403
19213405
19213406
19213415
19213419
19213421
19213422
19213427
19213429
19213430
19213433
19213434
19213455
19213463
19213467
19213469
19213470
19213479
19213483
19213485
19213486
19213491
19213493
19213494
19213497
19213511
19213515
19213517
19213518
19213523
19213525
19213526
19213529
19213530
19213539
19213542
19213545
19213546
19213553
19213591
19213597
19213598
19213607
19213613
19213614
19213622
19213628
19213639
19213643
19213645
19213646
19213651
19213653
19213654
19213657
19213658
19213667
19213669
19213670
19213673
19213676
19213681
19213684
19213688
19213703
19213707
19213709
19213710
19213715
19213717
19213718
19213721
19213731
19213733
19213734
19213737
19213738
19213740
19213745
19213748
19213752
19213763
19213766
19213769
19213770
19213777
19213793
19213796
19213800
19213847
19213853
19213854
19213863
19213869
19213870
19213878
19213884
19213895
19213899
19213901
19213902
19213907
19213909
19213910
19213913
19213914
19213923
19213925
19213926
19213929
19213932
19213937
19213940
19213944
19213959
19213963
19213965
19213966
19213971
19213973
19213974
19213977
19213987
19213989
19213990
19213993
19213994
19213996
19214001
19214004
19214008
19214019
19214022
19214025
19214026
19214033
19214049
19214052
19214056
19214118
19214147
19214150
19214161
19214177
19214180
19214214
19214217
19214225
19214241
19214244
19214248
19214431
19214447
19214461
19214462
19214543
19214551
19214555
19214557
19214558
19214567
19214571
19214573
19214574
19214671
19214685
19214686
19214701
19214702
19214716
19214791
19214795
19214797
19214798
19214822
19214826
19214828
19214927
19214941
19214942
19214957
19214958
19214972
19215015
19215019
19215021
19215022
19215047
19215051
19215053
19215054
19215077
19215081
19215084
19215181
19215182
19215212
19215239
19215243
19215245
19215246
19215270
19215274
19215276
19215301
19215302
19215305
19215306
19215332
19215336
19215439
19215451
19215453
19215454
19215467
19215469
19215470
19215503
19215511
19215515
19215517
19215518
19215527
19215531
19215533
19215534
19215545
19215559
19215563
19215565
19215566
19215571
19215577
19215578
19215587
19215593
19215594
19215691
19215693
19215694
19215722
19215724
19215751
19215755
19215757
19215758
19215769
19215782
19215785
19215786
19215788
19215800
19215811
19215817
19215818
19215842
19215848
19215917
19215918
19215947
19215949
19215950
19215977
19215980
19216007
19216011
19216013
19216014
19216025
19216035
19216037
19216041
19216042
19216044
19216049
19216056
19216067
19216073
19216074
19216097
19216104
19216141
19216142
19216172
19216201
19216202
19216232
19216259
19216261
19216262
19216265
19216273
19216289
19216290
19216292
19216296
19216304
19216321
19216322
19216352
19216463
19216471
19216477
19216478
19216487
19216493
19216494
19216583
19216587
19216589
19216590
19216595
19216597
19216598
19216611
19216613
19216614
19216711
19216717
19216718
19216742
19216748
19216835
19216837
19216838
19216866
19216868
19216967
19216973
19216974
19216997
19217004
19217059
19217061
19217062
19217065
19217091
19217093
19217094
19217121
19217124
19217221
19217222
19217252
19217283
19217285
19217286
19217289
19217314
19217316
19217345
19217346
19217376
19217423
19217431
19217437
19217438
19217447
19217453
19217454
19217479
19217483
19217485
19217486
19217491
19217493
19217494
19217497
19217498
19217507
19217509
19217510
19217513
19217514
19217521
19217522
19217543
19217547
19217549
19217550
19217555
19217557
19217558
19217561
19217571
19217573
19217574
19217577
19217585
19217603
19217605
19217606
19217609
19217610
19217617
19217618
19217633
19217634
19217671
19217677
19217678
19217702
19217708
19217731
19217733
19217734
19217737
19217738
19217745
19217746
19217761
19217762
19217764
19217768
19217776
19217795
19217797
19217798
19217801
19217809
19217825
19217826
19217828
19217832
19217840
19217857
19217858
19217888
19217927
19217933
19217934
19217958
19217964
19217987
19217989
19217990
19217993
19217994
19218001
19218002
19218017
19218018
19218020
19218024
19218032
19218051
19218053
19218054
19218057
19218065
19218081
19218082
19218084
19218088
19218096
19218113
19218114
19218144
19218241
19218242
19218272
19218305
19218336
19218559
19218655
19218679
19218683
19218685
19218686
19218783
19218799
19218813
19218814
19218903
19218907
19218909
19218910
19218919
19218923
19218925
19218926
19218934
19218938
19218940
19219007
19219039
19219069
19219070
19219127
19219131
19219133
19219134
19219159
19219163
19219165
19219189
19219193
19219196
19219231
19219247
19219261
19219262
19219279
19219293
19219294
19219309
19219310
19219324
19219351
19219355
19219357
19219358
19219367
19219371
19219373
19219374
19219382
19219386
19219388
19219399
19219403
19219405
19219406
19219413
19219414
19219417
19219418
19219420
19219429
19219430
19219433
19219436
19219444
19219448
19219551
19219579
19219581
19219582
19219615
19219639
19219643
19219645
19219646
19219671
19219675
19219677
19219699
19219705
19219706
19219803
19219805
19219806
19219819
19219821
19219822
19219834
19219836
19219863
19219867
19219869
19219870
19219879
19219883
19219885
19219886
19219894
19219898
19219900
19219923
19219929
19219930
19219932
19219939
19219942
19219945
19219946
19219960
19220027
19220029
19220030
19220059
19220061
19220089
19220092
19220119
19220123
19220125
19220147
19220149
19220154
19220156
19220179
19220185
19220209
19220216
19220251
19220253
19220254
19220267
19220269
19220270
19220282
19220284
19220299
19220301
19220302
19220313
19220314
19220316
19220329
19220332
19220344
19220359
19220363
19220365
19220366
19220371
19220373
19220374
19220380
19220387
19220389
19220390
19220394
19220396
19220404
19220419
19220422
19220425
19220426
19220428
19220433
19220436
19220440
19220449
19220452
19220456
19220575
19220599
19220605
19220606
19220687
19220695
19220699
19220701
19220711
19220715
19220717
19220718
19220723
19220725
19220726
19220823
19220829
19220830
19220839
19220845
19220846
19220854
19220860
19220935
19220939
19220941
19220942
19220947
19220949
19220950
19220956
19220963
19220965
19220966
19220970
19220972
19220980
19221047
19221053
19221054
19221079
19221085
19221109
19221116
19221159
19221163
19221165
19221166
19221171
19221173
19221174
19221191
19221195
19221197
19221203
19221205
19221221
19221222
19221225
19221228
19221233
19221236
19221271
19221277
19221278
19221287
19221293
19221294
19221302
19221308
19221319
19221325
19221326
19221333
19221334
19221340
19221349
19221350
19221356
19221364
19221383
19221387
19221389
19221390
19221395
19221397
19221398
19221404
19221411
19221413
19221414
19221418
19221420
19221428
19221443
19221446
19221449
19221450
19221452
19221457
19221460
19221464
19221473
19221476
19221480
19221535
19221559
19221563
19221565
19221566
19221583
19221591
19221595
19221597
19221607
19221611
19221613
19221614
19221619
19221621
19221622
19221625
19221626
19221647
19221655
19221659
19221661
19221671
19221675
19221677
19221678
19221683
19221685
19221686
19221703
19221707
19221709
19221715
19221717
19221721
19221731
19221734
19221737
19221738
19221745
19221783
19221787
19221789
19221790
19221799
19221803
19221805
19221806
19221811
19221814
19221818
19221820
19221831
19221835
19221837
19221838
19221843
19221845
19221846
19221849
19221850
19221852
19221859
19221861
19221862
19221865
19221868
19221873
19221876
19221880
19221895
19221899
19221901
19221902
19221907
19221909
19221910
19221916
19221923
19221925
19221926
19221930
19221932
19221940
19221955
19221958
19221961
19221962
19221964
19221969
19221972
19221976
19221985
19221988
19221992
19222039
19222043
19222045
19222055
19222059
19222061
19222062
19222067
19222070
19222074
19222076
19222087
19222091
19222093
19222099
19222101
19222105
19222115
19222117
19222118
19222121
19222124
19222129
19222132
19222136
19222151
19222155
19222157
19222163
19222165
19222179
19222181
19222182
19222186
19222188
19222196
19222211
19222217
19222225
19222241
19222244
19222248
19222291
19222300
19222307
19222310
19222339
19222342
19222348
19222353
19222356
19222360
19222369
19222372
19222406
19222412
19222420
19222436
19222468
19222472
19222623
19222639
19222653
19222654
19222735
19222743
19222747
19222749
19222759
19222763
19222765
19222766
19222863
19222877
19222878
19222893
19222894
19222908
19222983
19222987
19222989
19222990
19223004
19223014
19223018
19223020
19223087
19223101
19223102
19223119
19223133
19223149
19223150
19223164
19223207
19223211
19223213
19223214
19223239
19223243
19223245
19223269
19223273
19223276
19223311
19223325
19223326
19223341
19223342
19223356
19223373
19223374
19223388
19223404
19223431
19223435
19223437
19223438
19223452
19223462
19223466
19223468
19223493
19223494
19223497
19223498
19223500
19223508
19223512
19223524
19223528
19223631
19223643
19223645
19223659
19223661
19223662
19223695
19223703
19223707
19223709
19223719
19223723
19223725
19223726
19223751
19223755
19223757
19223763
19223769
19223779
19223785
19223786
19223883
19223885
19223886
19223900
19223914
19223916
19223943
19223947
19223949
19223950
19223964
19223974
19223978
19223980
19224003
19224009
19224010
19224012
19224024
19224034
19224040
19224107
19224109
19224110
19224139
19224141
19224169
19224172
19224199
19224203
19224205
19224227
19224229
19224234
19224236
19224259
19224265
19224289
19224296
19224331
19224333
19224334
19224348
19224362
19224364
19224393
19224394
19224396
19224408
19224424
19224451
19224453
19224454
19224460
19224468
19224482
19224484
19224513
19224514
19224516
19224520
19224528
19224544
19224655
19224663
19224669
19224679
19224685
19224686
19224775
19224779
19224781
19224787
19224789
19224803
19224805
19224806
19224903
19224909
19224910
19224924
19224934
19224940
19225027
19225029
19225030
19225036
19225044
19225058
19225060
19225127
19225133
19225134
19225159
19225165
19225189
19225196
19225251
19225253
19225254
19225283
19225285
19225313
19225316
19225351
19225357
19225358
19225372
19225382
19225388
19225413
19225414
19225420
19225428
19225444
19225475
19225477
19225478
19225484
19225492
19225506
19225508
19225537
19225538
19225540
19225544
19225552
19225568
19225615
19225623
19225627
19225629
19225639
19225643
19225645
19225646
19225651
19225671
19225675
19225677
19225683
19225685
19225689
19225699
19225701
19225702
19225705
19225706
19225713
19225714
19225735
19225739
19225741
19225747
19225749
19225763
19225765
19225766
19225795
19225797
19225801
19225809
19225825
19225826
19225863
19225867
19225869
19225870
19225875
19225884
19225891
19225894
19225898
19225900
19225906
19225923
19225925
19225926
19225929
19225930
19225932
19225937
19225938
19225940
19225944
19225953
19225954
19225956
19225960
19225968
19225987
19225989
19225990
19225996
19226004
19226018
19226020
19226049
19226050
19226052
19226056
19226064
19226080
19226119
19226123
19226125
19226131
19226147
19226150
19226154
19226156
19226162
19226179
19226181
19226185
19226193
19226209
19226210
19226212
19226216
19226224
19226243
19226245
19226274
19226276
19226305
19226336
19226371
19226380
19226402
19226433
19226434
19226436
19226440
19226448
19226464
19226500
19226560
19226719
19226749
19226750
19226839
19226843
19226845
19226846
19226869
19226873
19226876
19226973
19226974
19226989
19226990
19227004
19227093
19227097
19227100
19227109
19227110
19227113
19227116
19227124
19227128
19227197
19227198
19227229
19227230
19227260
19227317
19227321
19227324
19227349
19227353
19227356
19227421
19227422
19227437
19227438
19227452
19227469
19227470
19227484
19227500
19227541
19227545
19227548
19227557
19227558
19227561
19227564
19227572
19227576
19227589
19227590
19227593
19227596
19227604
19227608
19227620
19227739
19227741
19227742
19227769
19227772
19227799
19227803
19227805
19227806
19227829
19227833
19227836
19227859
19227861
19227865
19227866
19227868
19227889
19227896
19227993
19227996
19228009
19228012
19228024
19228053
19228057
19228060
19228069
19228070
19228073
19228076
19228084
19228088
19228113
19228120
19228129
19228132
19228136
19228217
19228220
19228249
19228252
19228309
19228313
19228316
19228337
19228344
19228369
19228376
19228441
19228444
19228457
19228460
19228472
19228489
19228492
19228504
19228549
19228550
19228553
19228556
19228561
19228564
19228577
19228580
19228584
19228609
19228612
19228616
19228759
19228765
19228766
19228789
19228796
19228871
19228875
19228877
19228878
19228883
19228885
19228886
19228889
19228892
19228901
19228902
19228905
19228908
19228913
19228916
19229013
19229020
19229029
19229030
19229036
19229044
19229125
19229126
19229129
19229132
19229137
19229140
19229153
19229156
19229160
19229237
19229244
19229269
19229276
19229349
19229350
19229353
19229356
19229361
19229364
19229381
19229382
19229385
19229388
19229393
19229396
19229412
19229461
19229468
19229477
19229478
19229484
19229492
19229509
19229510
19229516
19229524
19229540
19229573
19229574
19229577
19229580
19229585
19229588
19229601
19229604
19229608
19229633
19229636
19229640
19229719
19229723
19229725
19229726
19229747
19229749
19229753
19229756
19229767
19229771
19229773
19229774
19229779
19229781
19229782
19229785
19229786
19229788
19229795
19229797
19229798
19229801
19229804
19229809
19229812
19229816
19229831
19229835
19229837
19229838
19229843
19229845
19229846
19229849
19229852
19229861
19229862
19229865
19229868
19229873
19229876
19229891
19229893
19229894
19229897
19229898
19229900
19229905
19229908
19229912
19229921
19229924
19229928
19229971
19229973
19229977
19229980
19229987
19229989
19229990
19229993
19229996
19230001
19230004
19230008
19230019
19230021
19230022
19230025
19230028
19230033
19230036
19230040
19230049
19230052
19230085
19230086
19230089
19230092
19230097
19230100
19230113
19230116
19230120
19230145
19230148
19230152
19230227
19230229
19230233
19230236
19230243
19230245
19230246
19230249
19230252
19230257
19230260
19230264
19230275
19230277
19230278
19230281
19230284
19230289
19230292
19230296
19230305
19230308
19230341
19230342
19230345
19230348
19230353
19230356
19230369
19230372
19230376
19230401
19230404
19230408
19230481
19230497
19230500
19230529
19230532
19230596
19230799
19230813
19230814
19230829
19230830
19230844
19230919
19230923
19230925
19230926
19230933
19230937
19230940
19230949
19230953
19230956
19231053
19231054
19231068
19231084
19231173
19231177
19231180
19231204
19231208
19231277
19231278
19231292
19231309
19231310
19231324
19231340
19231397
19231401
19231404
19231429
19231433
19231436
19231501
19231502
19231516
19231532
19231564
19231621
19231625
19231628
19231652
19231656
19231684
19231688
19231819
19231821
19231822
19231833
19231836
19231849
19231852
19231879
19231883
19231885
19231886
19231893
19231897
19231900
19231909
19231913
19231916
19231939
19231941
19231945
19231946
19231948
19231953
19231960
19231969
19231976
19232073
19232076
19232104
19232133
19232137
19232140
19232164
19232168
19232193
19232200
19232224
19232297
19232300
19232329
19232332
19232389
19232393
19232396
19232417
19232424
19232449
19232456
19232521
19232524
19232552
19232584
19232641
19232644
19232672
19232704
19232839
19232845
19232846
19232853
19232860
19232869
19232876
19232963
19232965
19232966
19232969
19232972
19232977
19232980
19232993
19232996
19233093
19233100
19233124
19233217
19233220
19233248
19233317
19233324
19233349
19233356
19233441
19233444
19233473
19233476
19233541
19233548
19233572
19233604
19233665
19233668
19233696
19233728
19233799
19233803
19233805
19233806
19233811
19233813
19233817
19233820
19233827
19233829
19233833
19233836
19233841
19233859
19233861
19233862
19233865
19233866
19233868
19233873
19233874
19233876
19233880
19233889
19233890
19233892
19233896
19233904
19233923
19233925
19233926
19233929
19233932
19233937
19233940
19233953
19233956
19233985
19233986
19233988
19233992
19234000
19234016
19234051
19234053
19234057
19234060
19234065
19234081
19234082
19234084
19234088
19234096
19234113
19234114
19234116
19234120
19234128
19234144
19234177
19234180
19234208
19234240
19234307
19234309
19234313
19234316
19234321
19234337
19234338
19234340
19234344
19234352
19234369
19234370
19234372
19234376
19234384
19234400
19234433
19234436
19234464
19234496
19234561
19234592
19234624
19243103
19243127
19243131
19243133
19243134
19243223
19243227
19243229
19243230
19243351
19243355
19243357
19243358
19243367
19243371
19243373
19243374
19243382
19243386
19243388
19243494
19243575
19243579
19243581
19243582
19243607
19243611
19243613
19243614
19243637
19243641
19243644
19243705
19243799
19243803
19243805
19243806
19243815
19243819
19243821
19243822
19243830
19243833
19243834
19243836
19243847
19243851
19243853
19243854
19243861
19243862
19243865
19243866
19243877
19243878
19243881
19243884
19243892
19243896
19243929
19243942
19243945
19243960
19243974
19244004
19244119
19244123
19244125
19244126
19244183
19244187
19244189
19244190
19244217
19244243
19244249
19244250
19244390
19244441
19244454
19244457
19244472
19244514
19244601
19244697
19244721
19244728
19244825
19244838
19244841
19244856
19244870
19244900
19244934
19244937
19244945
19244961
19244962
19244964
19244968
19244976
19244994
19245024
19245143
19245147
19245149
19245150
19245255
19245259
19245261
19245262
19245267
19245269
19245270
19245286
19245414
19245510
19245538
19245540
19245625
19245734
19245737
19245745
19245766
19245796
19245849
19245862
19245865
19245880
19245894
19245924
19245958
19245961
19245969
19245985
19245986
19245988
19245992
19246000
19246018
19246048
19246103
19246107
19246109
19246110
19246137
19246151
19246155
19246157
19246158
19246165
19246166
19246169
19246170
19246182
19246215
19246219
19246221
19246222
19246227
19246229
19246230
19246233
19246246
19246249
19246257
19246275
19246278
19246281
19246282
19246289
19246290
19246306
19246361
19246374
19246377
19246392
19246406
19246436
19246470
19246473
19246481
19246497
19246498
19246500
19246504
19246512
19246530
19246560
19246617
19246630
19246633
19246648
19246662
19246692
19246726
19246729
19246737
19246753
19246754
19246756
19246760
19246768
19246786
19246816
19247008
19247183
19247191
19247195
19247197
19247198
19247207
19247211
19247213
19247214
19247303
19247307
19247309
19247310
19247431
19247435
19247437
19247438
19247462
19247466
19247468
19247655
19247659
19247661
19247662
19247673
19247687
19247691
19247693
19247694
19247717
19247721
19247724
19247785
19247879
19247883
19247885
19247886
19247897
19247910
19247913
19247914
19247916
19247928
19247941
19247942
19247945
19247946
19247972
19247976
19248009
19248040
19248199
19248203
19248205
19248206
19248263
19248267
19248269
19248270
19248281
19248297
19248323
19248329
19248330
19248521
19248552
19248681
19248777
19248801
19248808
19248905
19248936
19249025
19249056
19249223
19249227
19249229
19249230
19249347
19249349
19249350
19249705
19249825
19249929
19249960
19250049
19250080
19250183
19250187
19250189
19250190
19250201
19250217
19250245
19250246
19250249
19250250
19250307
19250309
19250310
19250313
19250321
19250337
19250369
19250370
19250441
19250472
19250561
19250592
19250697
19250728
19250817
19250848
19251295
19251319
19251323
19251325
19251326
19251415
19251419
19251421
19251543
19251547
19251549
19251550
19251559
19251563
19251565
19251566
19251574
19251578
19251580
19251676
19251686
19251767
19251771
19251773
19251774
19251799
19251803
19251805
19251829
19251833
19251836
19251991
19251995
19251997
19251998
19252007
19252011
19252013
19252014
19252022
19252026
19252028
19252039
19252043
19252045
19252046
19252053
19252054
19252057
19252058
19252060
19252069
19252070
19252073
19252076
19252084
19252088
19252124
19252134
19252166
19252172
19252180
19252184
19252196
19252311
19252315
19252317
19252375
19252379
19252381
19252435
19252441
19252572
19252582
19252636
19252646
19252696
19252706
19253020
19253030
19253062
19253068
19253076
19253080
19253092
19253126
19253132
19253140
19253154
19253156
19253186
19253188
19253192
19253200
19253216
19253335
19253339
19253341
19253447
19253451
19253453
19253459
19253461
19253478
19253596
19253606
19253702
19253708
19253716
19253730
19253732
19253926
19253988
19254044
19254054
19254086
19254092
19254100
19254104
19254116
19254150
19254156
19254164
19254178
19254180
19254210
19254212
19254216
19254224
19254240
19254295
19254299
19254301
19254343
19254347
19254349
19254357
19254361
19254374
19254407
19254411
19254413
19254419
19254421
19254438
19254467
19254473
19254481
19254498
19254556
19254566
19254598
19254604
19254612
19254616
19254628
19254662
19254668
19254676
19254690
19254692
19254722
19254724
19254728
19254736
19254752
19254822
19254884
19254946
19254948
19255008
19255108
19255172
19255232
19255375
19255383
19255387
19255389
19255399
19255403
19255405
19255406
19255495
19255499
19255501
19255623
19255627
19255629
19255630
19255644
19255654
19255658
19255660
19255756
19255847
19255851
19255853
19255854
19255879
19255883
19255885
19255909
19255913
19255916
19256071
19256075
19256077
19256078
19256092
19256102
19256106
19256108
19256133
19256134
19256137
19256138
19256140
19256148
19256152
19256164
19256168
19256204
19256260
19256264
19256391
19256395
19256397
19256455
19256459
19256461
19256515
19256521
19256652
19256716
19256776
19257100
19257156
19257160
19257220
19257280
19257415
19257419
19257421
19257539
19257541
19257676
19257796
19258124
19258180
19258184
19258244
19258304
19258375
19258379
19258381
19258437
19258441
19258499
19258501
19258561
19258636
19258692
19258696
19258756
19258816
19259479
19259483
19259485
19259486
19259509
19259513
19259516
19259605
19259609
19259612
19259733
19259737
19259740
19259749
19259750
19259753
19259756
19259764
19259768
19259876
19259957
19259961
19259964
19259989
19259993
19259996
19260181
19260185
19260188
19260197
19260198
19260201
19260204
19260212
19260216
19260229
19260230
19260233
19260236
19260244
19260248
19260260
19260324
19260356
19260501
19260505
19260508
19260565
19260569
19260572
19260625
19260632
19260772
19260836
19260896
19261220
19261252
19261316
19261344
19261376
19261525
19261529
19261532
19261637
19261638
19261641
19261644
19261649
19261652
19261668
19261796
19261892
19261920
19262116
19262148
19262244
19262276
19262340
19262368
19262400
19262485
19262489
19262492
19262533
19262534
19262537
19262540
19262548
19262552
19262564
19262597
19262598
19262601
19262604
19262609
19262612
19262628
19262657
19262658
19262660
19262664
19262672
19262688
19262756
19262788
19262852
19262880
19262912
19263012
19263044
19263108
19263136
19263168
19263559
19263563
19263565
19263566
19263573
19263577
19263580
19263589
19263593
19263596
19263685
19263689
19263692
19263813
19263817
19263820
19263844
19263848
19264037
19264041
19264044
19264069
19264073
19264076
19264261
19264265
19264268
19264292
19264296
19264324
19264328
19264581
19264585
19264588
19264645
19264649
19264652
19264705
19264712
19265605
19265609
19265612
19265729
19265732
19266565
19266569
19266572
19266628
19266632
19266689
19266692
19266752
19280221
19280222
19280237
19280238
19280252
19280717
19280718
19280748
19281003
19281005
19281006
19281063
19281067
19281069
19281070
19281081
19281123
19281129
19281130
19281305
19281321
19281336
19281453
19281454
19281483
19281485
19281486
19281513
19281516
19281543
19281547
19281549
19281550
19281561
19281571
19281573
19281577
19281578
19281580
19281585
19281592
19281603
19281609
19281610
19281633
19281640
19281801
19281809
19281825
19281832
19281840
19283043
19283057
19283058
19283113
19283121
19283267
19283281
19283282
19283297
19283312
19283337
19283345
19283361
19283368
19283376
19283523
19283537
19283538
19283553
19283568
19283593
19283601
19283617
19283624
19283632
19288413
19288414
19288429
19288430
19288444
19288540
19288861
19288862
19288877
19288878
19288892
19288909
19288910
19288924
19288940
19288988
19289036
19289044
19289048
19289195
19289197
19289198
19289255
19289259
19289261
19289262
19289315
19289321
19289322
19289436
19289500
19289560
19289643
19289645
19289646
19289675
19289677
19289678
19289692
19289705
19289708
19289735
19289739
19289741
19289742
19289756
19289763
19289765
19289770
19289772
19289795
19289801
19289802
19289804
19289816
19289825
19289832
19289884
19289932
19289944
19289996
19290004
19290056
19290064
19290460
19290572
19290580
19290716
19290828
19290836
19290908
19290956
19290964
19291020
19291028
19291080
19291088
19291187
19291235
19291249
19291250
19291411
19291420
19291427
19291442
19291459
19291468
19291473
19291474
19291476
19291480
19291489
19291504
19291532
19291540
19291592
19291600
19291667
19291676
19291683
19291698
19291715
19291724
19291729
19291730
19291732
19291736
19291745
19291760
19291788
19291796
19291848
19291856
19291984
19296604
19296620
19297052
19297068
19297100
19297385
19297388
19297445
19297449
19297452
19297505
19297512
19297833
19297836
19297865
19297868
19297925
19297929
19297932
19297953
19297960
19297985
19297992
19299377
19299425
19299440
19299601
19299617
19299632
19299649
19299664
19299857
19299873
19299888
19299905
19299920
19313433
19313449
19313464
19313833
19314217
19314313
19314337
19314344
19321180
19321628
19321676
19321684
19321688
19322444
19322508
19322568
19341437
19341438
19341661
19341662
19341677
19341678
19341692
19341798
19341917
19341918
19341948
19342157
19342158
19342188
19342246
19342278
19342308
19342521
19342745
19342758
19342761
19342776
19343001
19343025
19343032
19343238
19343241
19343249
19343265
19343268
19343272
19343590
19343718
19343814
19343844
19344038
19344070
19344100
19344198
19344228
19344262
19344292
19344483
19344486
19344497
19344550
19344553
19344561
19344678
19344707
19344710
19344721
19344737
19344740
19344774
19344777
19344785
19344801
19344804
19344808
19344934
19344963
19344966
19344977
19344993
19344996
19345030
19345033
19345041
19345057
19345060
19345064
19345517
19345518
19345741
19345742
19345772
19345997
19345998
19346028
19346601
19346825
19346856
19347081
19347105
19347112
19347329
19347360
19348577
19348578
19348641
19348801
19348802
19348832
19348865
19348896
19349057
19349058
19349088
19349121
19349152
19349629
19349630
19349853
19349854
19349869
19349870
19349884
19349980
19349990
19350077
19350078
19350109
19350110
19350140
19350236
19350301
19350302
19350317
19350318
19350332
19350349
19350350
19350364
19350380
19350428
19350438
19350470
19350476
19350484
19350488
19350500
19350876
19350940
19350950
19351000
19351132
19351196
19351256
19351324
19351372
19351384
19351430
19351436
19351444
19351460
19351492
19351496
19351782
19351900
19351910
19352006
19352012
19352020
19352036
19352156
19352230
19352262
19352268
19352276
19352292
19352348
19352358
19352390
19352396
19352404
19352420
19352454
19352460
19352468
19352484
19352516
19352520
19352627
19352675
19352678
19352689
19352742
19352851
19352860
19352867
19352870
19352899
19352902
19352908
19352913
19352916
19352920
19352929
19352932
19352966
19352972
19352980
19352996
19353028
19353032
19353107
19353116
19353123
19353126
19353155
19353158
19353164
19353169
19353172
19353176
19353185
19353188
19353222
19353228
19353236
19353252
19353284
19353288
19353412
19353476
19353709
19353710
19353933
19353934
19353948
19353964
19354060
19354157
19354158
19354189
19354190
19354204
19354220
19354316
19354381
19354382
19354396
19354412
19354444
19354508
19354564
19354568
19354956
19355020
19355080
19355212
19355276
19355336
19355404
19355464
19355524
19355584
19355980
19356100
19356236
19356356
19356428
19356484
19356548
19356608
19356707
19356769
19356770
19356931
19356940
19356962
19356993
19356994
19356996
19357000
19357008
19357024
19357060
19357120
19357187
19357196
19357218
19357249
19357250
19357252
19357256
19357264
19357280
19357316
19357376
19357504
19357820
19358044
19358060
19358180
19358268
19358300
19358492
19358508
19358540
19358628
19358660
19359140
19359620
19359972
19360100
19360196
19360420
19360452
19360548
19360580
19360644
19360817
19360865
19360868
19360932
19361041
19361057
19361060
19361089
19361092
19361156
19361297
19361313
19361316
19361345
19361348
19361412
19361900
19362124
19362348
19362380
19362572
19364897
19364960
19365121
19365152
19365184
19365377
19365408
19365440
19374438
19374649
19374873
19374886
19374889
19374904
19374918
19374948
19376032
19377056
19377568
19377824
19378729
19378953
19378984
19382620
19382630
19382876
19383068
19383078
19383110
19383116
19383124
19383128
19383140
19383236
19384132
19384196
19384256
19384772
19385028
19385156
19385220
19385280
19385668
19385732
19385792
19385924
19385988
19386048
19386700
19386956
19387148
19387204
19387208
19390820
19391268
19391300
19673767
19673771
19673773
19673774
19673799
19673803
19673805
19673806
19673829
19673833
19673836
19674451
19674467
19674482
19674521
19674537
19674552
19674695
19674699
19674701
19674702
19674707
19674723
19674725
19674729
19674732
19674737
19674759
19674763
19674765
19674766
19674777
19674789
19674793
19674794
19674796
19674819
19674825
19674826
19674849
19674856
19674947
19674961
19674962
19674977
19674992
19675223
19675227
19675229
19675230
19675335
19675339
19675341
19675342
19675347
19675349
19675350
19676231
19676235
19676237
19676238
19676243
19676245
19676246
19676249
19676250
19676355
19676361
19676362
19676369
19676370
19681756
19681959
19681963
19681965
19681966
19681991
19681995
19681997
19682021
19682025
19682028
19682204
19682252
19682260
19682264
19682643
19682652
19682659
19682674
19682716
19682776
19682855
19682859
19682861
19682862
19682867
19682887
19682891
19682893
19682899
19682915
19682917
19682921
19682924
19682929
19682951
19682955
19682957
19682979
19682981
19682986
19682988
19683011
19683017
19683041
19683048
19683091
19683100
19683107
19683122
19683139
19683148
19683153
19683154
19683156
19683160
19683169
19683184
19683212
19683220
19683272
19683280
19683415
19683419
19683421
19683443
19683527
19683531
19683533
19683539
19683541
19683667
19683676
19683683
19683698
19683788
19683796
19683891
19683923
19683953
19684115
19684124
19684131
19684146
19684163
19684172
19684177
19684178
19684180
19684184
19684193
19684208
19684236
19684244
19684296
19684304
19684375
19684379
19684381
19684403
19684423
19684427
19684429
19684435
19684437
19684441
19684451
19684465
19684466
19684487
19684491
19684493
19684499
19684501
19684547
19684553
19684561
19684627
19684636
19684643
19684658
19684675
19684684
19684689
19684690
19684692
19684696
19684705
19684720
19684748
19684756
19684808
19684816
19684883
19684899
19684914
19684931
19684945
19684961
19684976
19685200
19690149
19690153
19690156
19690181
19690185
19690188
19690833
19690849
19690864
19691043
19691045
19691049
19691052
19691057
19691075
19691077
19691081
19691084
19691089
19691105
19691141
19691145
19691148
19691169
19691176
19691201
19691208
19691281
19691297
19691312
19691329
19691344
19691603
19691605
19691609
19691612
19691633
19691717
19691721
19691724
19691729
19691732
19691857
19691873
19691888
19692081
19692113
19692305
19692321
19692336
19692353
19692368
19692563
19692565
19692569
19692572
19692593
19692611
19692613
19692617
19692620
19692625
19692626
19692628
19692632
19692641
19692656
19692677
19692681
19692684
19692689
19692692
19692737
19692744
19692752
19692817
19692833
19692848
19692865
19692880
19693073
19693089
19693104
19693121
19693136
19706537
19707433
19707529
19707553
19707560
19708953
19709065
19709073
19742935
19742939
19742941
19743196
19743206
19743644
19743686
19743692
19743700
19743704
19743716
19743831
19743835
19743837
19743859
19743895
19743899
19743901
19743955
19743961
19744083
19744092
19744099
19744102
19744156
19744166
19744216
19744339
19744369
19744579
19744582
19744588
19744593
19744596
19744600
19744609
19744612
19744646
19744652
19744708
19744712
19744855
19744859
19744861
19744967
19744971
19744973
19744979
19744981
19744998
19745116
19745222
19745228
19745236
19745252
19745508
19745732
19745863
19745867
19745869
19745875
19745877
19745881
19745894
19745987
19745993
19746001
19746118
19746124
19746244
19746248
19747015
19747019
19747021
19747276
19747724
19747780
19747784
19747911
19747915
19747917
19747923
19747939
19747975
19747979
19747981
19748035
19748041
19748163
19748172
19748194
19748236
19748296
19748387
19748419
19748449
19748611
19748620
19748642
19748673
19748674
19748676
19748680
19748688
19748704
19748740
19748800
19748935
19748939
19748941
19748947
19748963
19749059
19749061
19749187
19749196
19749218
19749316
19749411
19749443
19749473
19749635
19749644
19749666
19749697
19749698
19749700
19749704
19749712
19749728
19749764
19749824
19749895
19749899
19749901
19749907
19749923
19749955
19749957
19749961
19749969
19749985
19749986
19750019
19750021
19750081
19750147
19750156
19750178
19750209
19750210
19750212
19750216
19750224
19750240
19750276
19750336
19750403
19750434
19750465
19750496
19750720
19755205
19755209
19755212
19756099
19756101
19756105
19756108
19756113
19756129
19756165
19756169
19756172
19756225
19756232
19756353
19756384
19756609
19756864
19757123
19757125
19757129
19757132
19757249
19757252
19758145
19758146
19758148
19758152
19758272
19768473
19769248
19769542
19770272
19770393
19770438
19770502
19770505
19770513
19770562
19770784
19771040
19772553
19774473
19774593
19776452
19777348
19777412
19777472
19777988
19778372
19778436
19778496
19778884
19778948
19779008
19785924
19786820
19786884
19786944
20005711
20005725
20005726
20005741
20005742
20005756
20005775
20005783
20005789
20005790
20005805
20005806
20005831
20005835
20005837
20005838
20005845
20005846
20005849
20005850
20005852
20005861
20005862
20005865
20005868
20005876
20005880
20006223
20006235
20006237
20006238
20006251
20006253
20006254
20006265
20006266
20006268
20006311
20006315
20006317
20006318
20006325
20006326
20006329
20006330
20006332
20006343
20006347
20006349
20006350
20006355
20006357
20006358
20006361
20006362
20006364
20006371
20006373
20006374
20006377
20006378
20006380
20006385
20006386
20006388
20006392
20006479
20006491
20006493
20006494
20006507
20006509
20006510
20006521
20006522
20006524
20006543
20006551
20006555
20006557
20006558
20006567
20006571
20006573
20006574
20006581
20006582
20006586
20006588
20006599
20006603
20006605
20006606
20006611
20006613
20006614
20006617
20006618
20006620
20006627
20006629
20006630
20006633
20006634
20006636
20006641
20006642
20006644
20006648
20006731
20006733
20006734
20006745
20006746
20006748
20006761
20006764
20006776
20006791
20006797
20006798
20006806
20006812
20006828
20006851
20006854
20006857
20006858
20006860
20006865
20006866
20006868
20006872
20006881
20006882
20006884
20006888
20006896
20007247
20007255
20007261
20007262
20007277
20007278
20007367
20007371
20007373
20007374
20007379
20007381
20007382
20007385
20007386
20007388
20007395
20007397
20007398
20007401
20007402
20007404
20007409
20007410
20007412
20007416
20007623
20007627
20007629
20007630
20007635
20007637
20007638
20007641
20007642
20007644
20007653
20007654
20007657
20007658
20007660
20007668
20007878
20007884
20008015
20008023
20008027
20008029
20008030
20008039
20008043
20008045
20008046
20008053
20008054
20008058
20008135
20008139
20008141
20008142
20008147
20008149
20008150
20008153
20008154
20008156
20008163
20008166
20008169
20008170
20008177
20008178
20008263
20008269
20008270
20008278
20008284
20008300
20008387
20008390
20008393
20008394
20008396
20008401
20008402
20008404
20008408
20008417
20008418
20008420
20008424
20008432
20008643
20008646
20008649
20008650
20008652
20008658
20008660
20008664
20008676
20008680
20008900
20009820
20009836
20009863
20009869
20009870
20009877
20009878
20009884
20009893
20009894
20009900
20009908
20009925
20009926
20009929
20009930
20009932
20009940
20009944
20009956
20009960
20010315
20010317
20010318
20010329
20010330
20010332
20010345
20010346
20010348
20010360
20010405
20010406
20010409
20010410
20010412
20010420
20010424
20010435
20010437
20010438
20010441
20010442
20010444
20010449
20010450
20010452
20010456
20010465
20010466
20010468
20010472
20010480
20010541
20010542
20010571
20010573
20010574
20010585
20010586
20010588
20010601
20010602
20010604
20010616
20010631
20010635
20010637
20010638
20010645
20010646
20010649
20010650
20010652
20010659
20010661
20010662
20010665
20010666
20010668
20010673
20010674
20010676
20010680
20010691
20010693
20010694
20010697
20010698
20010700
20010705
20010706
20010708
20010712
20010721
20010722
20010724
20010728
20010736
20010765
20010766
20010780
20010796
20010825
20010826
20010828
20010840
20010856
20010883
20010885
20010886
20010889
20010890
20010892
20010897
20010898
20010900
20010904
20010913
20010914
20010916
20010920
20010928
20010945
20010946
20010948
20010952
20010960
20010976
20011335
20011341
20011342
20011349
20011350
20011356
20011365
20011366
20011372
20011380
20011436
20011459
20011461
20011462
20011465
20011466
20011468
20011473
20011474
20011476
20011480
20011489
20011490
20011492
20011496
20011504
20011591
20011597
20011598
20011605
20011606
20011612
20011621
20011622
20011628
20011636
20011685
20011686
20011715
20011717
20011718
20011721
20011722
20011724
20011729
20011730
20011732
20011736
20011745
20011746
20011748
20011752
20011760
20011845
20011846
20011852
20011860
20011876
20011909
20011910
20011916
20011924
20011940
20011969
20011970
20011972
20011976
20011984
20012000
20012071
20012077
20012078
20012085
20012086
20012115
20012117
20012118
20012121
20012131
20012133
20012134
20012137
20012138
20012146
20012195
20012197
20012198
20012201
20012202
20012209
20012210
20012227
20012230
20012234
20012241
20012242
20012244
20012257
20012258
20012325
20012326
20012332
20012340
20012357
20012358
20012361
20012362
20012364
20012372
20012376
20012388
20012392
20012449
20012450
20012452
20012456
20012464
20012481
20012482
20012484
20012488
20012496
20012512
20012551
20012557
20012558
20012565
20012566
20012572
20012581
20012582
20012588
20012596
20012611
20012613
20012614
20012617
20012618
20012620
20012625
20012626
20012628
20012632
20012641
20012642
20012644
20012648
20012656
20012675
20012677
20012678
20012681
20012682
20012684
20012689
20012690
20012692
20012696
20012705
20012706
20012708
20012712
20012720
20012737
20012738
20012740
20012744
20012752
20012768
20012805
20012806
20012812
20012820
20012836
20012866
20012868
20012872
20012880
20012929
20012930
20012932
20012936
20012944
20012960
20012992
20018053
20018054
20018060
20018116
20018120
20018505
20018506
20018508
20018520
20018536
20018596
20018600
20018625
20018626
20018628
20018632
20018640
20018656
20018761
20018762
20018764
20018776
20018792
20018821
20018822
20018825
20018826
20018828
20018836
20018840
20018852
20018856
20018881
20018882
20018884
20018888
20018896
20018912
20019016
20019076
20019136
20019525
20019526
20019532
20019649
20019650
20019652
20019656
20019664
20019680
20019905
20019906
20019908
20019912
20020324
20020328
20020432
20020448
20020548
20020672
20020928
20022167
20022173
20022174
20022183
20022189
20022190
20022198
20022204
20022215
20022219
20022221
20022222
20022229
20022230
20022233
20022234
20022236
20022245
20022246
20022249
20022252
20022260
20022264
20022615
20022619
20022622
20022631
20022635
20022637
20022638
20022646
20022650
20022652
20022695
20022699
20022702
20022710
20022714
20022739
20022746
20022755
20022758
20022761
20022762
20022770
20022776
20022839
20022845
20022846
20022871
20022875
20022877
20022878
20022901
20022905
20022908
20022935
20022939
20022941
20022942
20022963
20022965
20022969
20022970
20022972
20022995
20023001
20023002
20023004
20023025
20023032
20023063
20023069
20023070
20023079
20023085
20023086
20023094
20023100
20023111
20023115
20023117
20023118
20023125
20023126
20023129
20023130
20023132
20023141
20023142
20023145
20023148
20023156
20023160
20023175
20023179
20023181
20023182
20023187
20023189
20023190
20023193
20023196
20023203
20023205
20023206
20023209
20023210
20023212
20023217
20023218
20023220
20023224
20023235
20023238
20023241
20023242
20023244
20023249
20023250
20023252
20023256
20023265
20023266
20023268
20023272
20023280
20023639
20023646
20023655
20023661
20023662
20023670
20023676
20023719
20023726
20023734
20023751
20023755
20023758
20023763
20023766
20023779
20023781
20023782
20023786
20023788
20023794
20023796
20023895
20023901
20023902
20023925
20023932
20023975
20023981
20023982
20023989
20023990
20024007
20024011
20024013
20024014
20024019
20024021
20024022
20024028
20024037
20024038
20024041
20024044
20024049
20024052
20024135
20024141
20024142
20024149
20024150
20024156
20024165
20024166
20024172
20024180
20024199
20024205
20024206
20024213
20024214
20024220
20024229
20024230
20024236
20024244
20024259
20024262
20024265
20024266
20024268
20024273
20024274
20024276
20024280
20024289
20024290
20024292
20024296
20024304
20024375
20024382
20024423
20024427
20024429
20024430
20024437
20024438
20024441
20024442
20024487
20024491
20024494
20024499
20024502
20024547
20024550
20024553
20024554
20024561
20024562
20024615
20024622
20024630
20024647
20024651
20024654
20024662
20024666
20024677
20024678
20024681
20024684
20024692
20024696
20024739
20024742
20024746
20024754
20024771
20024774
20024778
20024786
20024801
20024802
20024804
20024808
20024816
20024855
20024861
20024862
20024871
20024877
20024878
20024886
20024892
20024903
20024907
20024909
20024910
20024917
20024918
20024921
20024922
20024924
20024933
20024934
20024937
20024940
20024948
20024952
20024967
20024971
20024973
20024974
20024979
20024981
20024982
20024985
20024988
20024995
20024997
20024998
20025001
20025002
20025004
20025009
20025010
20025012
20025016
20025027
20025030
20025033
20025034
20025036
20025041
20025042
20025044
20025048
20025057
20025058
20025060
20025064
20025072
20025116
20025126
20025158
20025164
20025172
20025176
20025188
20025222
20025225
20025228
20025233
20025236
20025240
20025249
20025250
20025252
20025256
20025264
20025282
20025284
20025288
20025296
20025312
20026268
20026278
20026284
20026309
20026310
20026313
20026314
20026316
20026324
20026328
20026340
20026344
20026695
20026699
20026702
20026726
20026730
20026732
20026790
20026794
20026819
20026826
20026850
20026856
20026919
20026925
20026926
20026951
20026955
20026957
20026958
20026972
20026981
20026985
20026988
20027015
20027019
20027021
20027022
20027033
20027036
20027043
20027045
20027049
20027050
20027052
20027057
20027064
20027075
20027081
20027082
20027084
20027096
20027105
20027112
20027143
20027149
20027150
20027164
20027174
20027180
20027205
20027206
20027209
20027210
20027212
20027220
20027224
20027236
20027240
20027267
20027269
20027270
20027273
20027276
20027281
20027284
20027288
20027297
20027298
20027300
20027304
20027312
20027329
20027330
20027332
20027336
20027344
20027360
20027719
20027726
20027750
20027756
20027814
20027843
20027846
20027874
20027876
20027975
20027981
20027982
20027996
20028005
20028012
20028069
20028070
20028099
20028101
20028102
20028108
20028116
20028129
20028132
20028229
20028230
20028236
20028244
20028260
20028293
20028294
20028300
20028308
20028324
20028353
20028354
20028356
20028360
20028368
20028384
20028517
20028518
20028521
20028522
20028579
20028582
20028641
20028642
20028710
20028742
20028746
20028772
20028776
20028834
20028866
20028896
20028935
20028941
20028942
20028956
20028966
20028972
20028997
20028998
20029001
20029002
20029004
20029012
20029016
20029028
20029032
20029059
20029061
20029062
20029065
20029068
20029073
20029076
20029080
20029089
20029090
20029092
20029096
20029104
20029121
20029122
20029124
20029128
20029136
20029152
20029196
20029252
20029256
20029313
20029316
20029320
20029328
20029344
20029376
20030374
20030405
20030406
20030409
20030412
20030420
20030424
20030436
20030791
20030795
20030797
20030798
20030806
20030810
20030812
20030822
20030886
20030889
20030904
20030915
20030918
20030921
20030922
20030930
20030936
20030946
20031015
20031021
20031022
20031030
20031036
20031047
20031051
20031053
20031054
20031062
20031066
20031068
20031077
20031078
20031081
20031084
20031092
20031096
20031111
20031115
20031117
20031118
20031126
20031129
20031130
20031132
20031139
20031141
20031142
20031145
20031146
20031148
20031153
20031154
20031156
20031160
20031171
20031174
20031177
20031178
20031186
20031192
20031201
20031202
20031204
20031208
20031216
20031239
20031245
20031246
20031254
20031260
20031270
20031301
20031302
20031305
20031308
20031316
20031320
20031332
20031363
20031365
20031366
20031369
20031370
20031372
20031377
20031378
20031380
20031384
20031393
20031394
20031396
20031400
20031408
20031425
20031426
20031428
20031432
20031440
20031456
20031815
20031821
20031822
20031830
20031836
20031846
20031909
20031910
20031916
20031924
20031939
20031941
20031942
20031946
20031948
20031954
20031956
20031970
20031972
20032071
20032077
20032078
20032086
20032092
20032101
20032102
20032108
20032116
20032165
20032166
20032172
20032180
20032195
20032197
20032198
20032202
20032204
20032210
20032212
20032225
20032226
20032228
20032232
20032240
20032325
20032326
20032332
20032340
20032356
20032389
20032390
20032396
20032404
20032420
20032449
20032450
20032452
20032456
20032464
20032480
20032613
20032614
20032617
20032620
20032628
20032632
20032675
20032677
20032678
20032681
20032689
20032690
20032692
20032696
20032737
20032738
20032740
20032744
20032752
20032806
20032837
20032838
20032841
20032844
20032852
20032856
20032868
20032929
20032930
20032932
20032936
20032944
20032961
20032962
20032964
20032968
20032976
20032992
20033031
20033037
20033038
20033046
20033052
20033062
20033093
20033094
20033097
20033100
20033108
20033112
20033124
20033155
20033157
20033158
20033161
20033162
20033164
20033169
20033170
20033172
20033176
20033185
20033186
20033188
20033192
20033200
20033217
20033218
20033220
20033224
20033232
20033248
20033286
20033348
20033409
20033410
20033412
20033416
20033424
20033440
20033472
20034500
20034504
20034886
20034890
20034892
20034984
20035010
20035016
20035110
20035116
20035142
20035146
20035148
20035172
20035176
20035206
20035209
20035210
20035212
20035224
20035233
20035234
20035236
20035240
20035248
20035266
20035272
20035296
20035334
20035340
20035396
20035400
20035457
20035458
20035460
20035464
20035472
20035488
20035520
20035910
20035916
20036034
20036036
20036166
20036172
20036196
20036260
20036290
20036292
20036320
20036420
20036484
20036544
20036708
20036712
20036784
20036832
20036932
20036936
20037024
20037056
20037126
20037132
20037188
20037192
20037249
20037250
20037252
20037256
20037264
20037280
20037312
20037504
20038598
20038604
20038612
20038616
20038628
20038983
20038987
20038989
20038990
20038997
20038998
20039001
20039002
20039004
20039013
20039014
20039017
20039020
20039028
20039032
20039077
20039078
20039081
20039084
20039092
20039096
20039107
20039110
20039113
20039114
20039116
20039121
20039122
20039124
20039128
20039137
20039138
20039140
20039144
20039152
20039207
20039211
20039213
20039214
20039221
20039222
20039225
20039226
20039239
20039243
20039245
20039246
20039253
20039254
20039257
20039258
20039260
20039269
20039270
20039273
20039276
20039284
20039288
20039303
20039307
20039309
20039310
20039317
20039318
20039321
20039322
20039324
20039331
20039333
20039334
20039338
20039340
20039345
20039346
20039348
20039352
20039363
20039366
20039369
20039370
20039372
20039377
20039378
20039380
20039384
20039393
20039394
20039396
20039400
20039408
20039431
20039435
20039437
20039438
20039445
20039446
20039449
20039450
20039452
20039461
20039462
20039465
20039468
20039476
20039480
20039494
20039500
20039508
20039512
20039524
20039555
20039558
20039561
20039562
20039564
20039569
20039570
20039572
20039576
20039585
20039586
20039588
20039592
20039600
20039618
20039620
20039624
20039632
20039648
20040007
20040011
20040013
20040014
20040021
20040022
20040025
20040026
20040028
20040037
20040038
20040041
20040044
20040052
20040056
20040099
20040101
20040102
20040105
20040106
20040108
20040113
20040114
20040116
20040120
20040131
20040134
20040137
20040138
20040140
20040145
20040146
20040148
20040152
20040161
20040162
20040164
20040168
20040176
20040263
20040267
20040269
20040270
20040277
20040278
20040281
20040282
20040284
20040293
20040294
20040297
20040300
20040308
20040312
20040355
20040358
20040361
20040362
20040369
20040370
20040387
20040390
20040393
20040394
20040396
20040401
20040402
20040404
20040408
20040417
20040418
20040420
20040424
20040432
20040518
20040524
20040532
20040536
20040548
20040579
20040582
20040585
20040586
20040588
20040593
20040594
20040596
20040600
20040609
20040610
20040612
20040616
20040624
20040642
20040644
20040648
20040656
20040672
20040806
20040930
20040997
20040998
20041001
20041004
20041012
20041016
20041030
20041036
20041044
20041048
20041060
20041121
20041122
20041124
20041128
20041136
20041154
20041156
20041160
20041168
20041184
20041223
20041227
20041229
20041230
20041237
20041238
20041241
20041242
20041244
20041253
20041254
20041257
20041260
20041268
20041272
20041286
20041292
20041300
20041304
20041316
20041347
20041350
20041353
20041354
20041356
20041361
20041362
20041364
20041368
20041377
20041378
20041380
20041384
20041392
20041410
20041412
20041416
20041424
20041440
20041478
20041484
20041492
20041496
20041508
20041540
20041602
20041604
20041608
20041616
20041632
20041664
20043077
20043078
20043081
20043082
20043084
20043092
20043096
20043108
20043112
20043172
20043176
20043201
20043202
20043204
20043208
20043216
20043232
20043301
20043302
20043305
20043306
20043333
20043334
20043337
20043338
20043340
20043348
20043352
20043364
20043368
20043397
20043398
20043401
20043402
20043404
20043412
20043416
20043425
20043426
20043428
20043432
20043457
20043458
20043460
20043464
20043472
20043488
20043525
20043526
20043529
20043530
20043532
20043540
20043544
20043556
20043560
20043588
20043592
20043649
20043650
20043652
20043656
20043664
20043680
20043712
20044101
20044102
20044105
20044106
20044108
20044116
20044120
20044132
20044136
20044193
20044194
20044196
20044200
20044208
20044225
20044226
20044228
20044232
20044240
20044256
20044357
20044358
20044361
20044362
20044364
20044372
20044376
20044388
20044392
20044449
20044450
20044481
20044482
20044484
20044488
20044496
20044512
20044612
20044616
20044673
20044674
20044676
20044680
20044688
20044704
20044736
20045092
20045096
20045124
20045128
20045216
20045248
20045317
20045318
20045321
20045322
20045324
20045332
20045336
20045348
20045352
20045380
20045384
20045441
20045442
20045444
20045448
20045456
20045472
20045504
20045572
20045576
20045696
20047173
20047174
20047177
20047180
20047188
20047192
20047204
20047268
20047297
20047298
20047300
20047304
20047312
20047328
20047397
20047398
20047401
20047404
20047412
20047416
20047429
20047430
20047433
20047436
20047444
20047448
20047460
20047493
20047494
20047497
20047500
20047508
20047512
20047521
20047522
20047524
20047528
20047536
20047553
20047554
20047556
20047560
20047568
20047584
20047621
20047622
20047625
20047628
20047636
20047640
20047652
20047684
20047745
20047746
20047748
20047752
20047760
20047776
20047808
20048197
20048198
20048201
20048204
20048212
20048216
20048228
20048289
20048290
20048292
20048296
20048304
20048321
20048322
20048324
20048328
20048336
20048352
20048453
20048454
20048457
20048460
20048468
20048472
20048484
20048545
20048546
20048548
20048552
20048560
20048577
20048578
20048580
20048584
20048592
20048608
20048708
20048769
20048770
20048772
20048776
20048784
20048800
20048832
20049120
20049188
20049220
20049312
20049344
20049413
20049414
20049417
20049420
20049428
20049432
20049444
20049476
20049537
20049538
20049540
20049544
20049552
20049568
20049600
20049668
20049792
20051268
20051272
20051392
20051492
20051496
20051524
20051528
20051588
20051592
20051616
20051648
20051716
20051720
20051840
20052292
20052296
20052384
20052416
20052548
20052552
20052640
20052672
20052864
20053508
20053512
20053632
20091804
20091852
20091860
20091864
20092252
20092329
20092344
20092376
20092455
20092461
20092462
20092487
20092491
20092493
20092494
20092508
20092517
20092521
20092524
20092551
20092555
20092557
20092558
20092569
20092572
20092579
20092581
20092585
20092586
20092588
20092593
20092600
20092611
20092617
20092618
20092620
20092632
20092641
20092648
20092700
20092748
20092756
20092760
20092809
20092812
20092817
20092820
20092824
20092833
20092840
20092848
20092872
20092880
20093276
20093388
20093396
20093532
20093644
20093652
20093772
20093780
20093836
20093844
20093896
20093904
20094121
20094129
20094284
20094292
20094296
20094369
20094376
20094384
20094408
20094416
20094492
20094540
20094548
20094552
20094601
20094604
20094609
20094612
20094616
20094625
20094632
20094640
20094664
20094672
20094856
20094864
20100504
20100520
20100678
20100682
20100684
20100708
20100712
20100742
20100745
20100746
20100748
20100760
20100772
20100776
20100802
20100808
20100832
20104011
20104013
20104014
20104021
20104022
20104025
20104026
20104028
20104041
20104044
20104052
20104056
20104092
20104102
20104134
20104140
20104148
20104152
20104164
20104540
20104604
20104614
20104664
20104674
20104747
20104749
20104750
20104779
20104781
20104782
20104796
20104809
20104812
20104839
20104843
20104845
20104846
20104860
20104867
20104869
20104870
20104874
20104876
20104899
20104902
20104905
20104906
20104908
20104920
20104929
20104930
20104932
20104936
20104988
20105036
20105044
20105048
20105094
20105100
20105108
20105122
20105124
20105154
20105156
20105160
20105168
20105184
20105670
20105684
20105698
20105700
20105820
20105894
20105926
20105932
20105940
20105956
20106054
20106060
20106068
20106072
20106084
20106118
20106124
20106132
20106146
20106148
20106178
20106180
20106184
20106192
20106208
20106342
20106406
20106466
20106524
20106534
20106566
20106572
20106580
20106584
20106596
20106630
20106636
20106644
20106658
20106660
20106690
20106692
20106696
20106704
20106720
20106780
20106790
20106822
20106828
20106836
20106840
20106852
20106886
20106892
20106900
20106914
20106916
20106946
20106948
20106952
20106960
20106976
20107076
20107140
20107200
20108101
20108102
20108105
20108106
20108108
20108116
20108120
20108132
20108136
20108180
20108184
20108228
20108232
20108628
20108632
20108692
20108696
20108752
20108837
20108838
20108841
20108842
20108869
20108870
20108873
20108874
20108876
20108884
20108888
20108900
20108904
20108933
20108934
20108937
20108938
20108940
20108948
20108952
20108961
20108962
20108964
20108968
20108993
20108994
20108996
20109000
20109008
20109024
20109076
20109080
20109124
20109128
20109188
20109192
20109200
20109248
20109776
20109908
20109912
20110020
20110024
20110032
20110148
20110152
20110212
20110216
20110224
20110272
20110612
20110616
20110660
20110664
20110724
20110728
20110736
20110784
20110868
20110872
20110916
20110920
20110980
20110984
20110992
20111040
20112201
20112204
20112212
20112216
20112292
20112324
20112804
20112864
20112937
20112940
20112969
20112972
20113029
20113030
20113033
20113036
20113057
20113058
20113060
20113064
20113089
20113090
20113092
20113096
20113120
20113284
20113312
20113344
20114084
20114116
20114244
20114308
20114336
20114368
20114532
20114596
20114656
20114724
20114756
20114820
20114848
20114880
20114980
20115012
20115076
20115104
20115136
20116292
20116296
20117028
20117032
20117060
20117064
20117124
20117128
20117152
20117184
20169287
20169291
20169293
20169294
20169301
20169302
20169305
20169306
20169308
20169317
20169318
20169321
20169324
20169332
20169336
20169382
20169414
20169420
20169428
20169432
20169444
20169542
20169548
20169556
20169560
20169572
20169606
20169612
20169668
20169830
20169894
20169954
20170054
20170060
20170068
20170072
20170084
20170118
20170124
20170132
20170136
20170148
20170178
20170180
20170184
20170192
20170208
20170310
20170316
20170324
20170328
20170340
20170374
20170380
20170388
20170392
20170404
20170434
20170436
20170440
20170448
20170464
20170564
20170628
20170688
20170854
20170978
20171078
20171084
20171202
20171204
20171208
20171216
20171232
20171458
20171460
20171464
20172100
20172224
20172480
20173381
20173382
20173385
20173386
20173388
20173396
20173400
20173412
20173416
20173508
20173512
20173636
20173640
20173700
20173704
20174148
20174152
20174212
20174216
20174272
20174404
20174408
20174468
20174472
20174528
20174596
20174600
20174720
20175009
20175010
20175172
20175176
20175233
20175234
20175236
20175240
20175248
20175264
20175296
20175428
20175432
20175552
20175744
20176132
20176136
20176256
20176388
20176392
20176512
20181572
20181576
20190103
20190109
20190110
20190119
20190125
20190126
20190134
20190140
20190151
20190155
20190157
20190158
20190165
20190166
20190169
20190170
20190172
20190181
20190185
20190188
20190196
20190200
20190555
20190557
20190558
20190571
20190573
20190574
20190586
20190588
20190615
20190619
20190622
20190631
20190635
20190637
20190638
20190646
20190649
20190650
20190652
20190675
20190681
20190682
20190684
20190691
20190697
20190698
20190706
20190712
20190767
20190781
20190782
20190799
20190811
20190813
20190814
20190827
20190829
20190830
20190841
20190844
20190863
20190871
20190875
20190877
20190878
20190887
20190891
20190893
20190894
20190899
20190901
20190905
20190906
20190908
20190919
20190923
20190925
20190926
20190931
20190937
20190938
20190940
20190947
20190949
20190953
20190954
20190956
20190961
20190968
20191005
20191006
20191021
20191022
20191036
20191051
20191053
20191054
20191065
20191066
20191068
20191081
20191084
20191096
20191111
20191115
20191117
20191118
20191123
20191125
20191126
20191129
20191132
20191139
20191141
20191145
20191146
20191148
20191153
20191154
20191156
20191160
20191171
20191177
20191178
20191180
20191185
20191186
20191188
20191192
20191201
20191208
20191216
20191687
20191691
20191693
20191694
20191699
20191701
20191702
20191708
20191715
20191717
20191722
20191724
20191730
20191732
20191911
20191917
20191918
20191925
20191926
20191943
20191947
20191949
20191950
20191955
20191957
20191958
20191964
20191973
20191977
20191980
20191985
20191988
20192135
20192141
20192142
20192149
20192150
20192156
20192165
20192172
20192180
20192195
20192201
20192202
20192204
20192209
20192210
20192212
20192216
20192225
20192232
20192240
20192287
20192311
20192317
20192318
20192335
20192343
20192347
20192349
20192350
20192359
20192363
20192365
20192366
20192371
20192373
20192374
20192377
20192378
20192399
20192407
20192411
20192414
20192423
20192427
20192429
20192430
20192435
20192437
20192438
20192441
20192455
20192459
20192461
20192462
20192467
20192469
20192470
20192473
20192474
20192476
20192483
20192489
20192490
20192497
20192498
20192535
20192542
20192551
20192557
20192558
20192566
20192572
20192583
20192587
20192589
20192590
20192595
20192597
20192598
20192601
20192602
20192604
20192611
20192613
20192617
20192620
20192625
20192626
20192628
20192632
20192647
20192651
20192654
20192659
20192662
20192675
20192677
20192681
20192682
20192684
20192689
20192690
20192692
20192696
20192707
20192713
20192714
20192716
20192721
20192722
20192724
20192728
20192737
20192744
20192752
20192791
20192797
20192798
20192807
20192813
20192814
20192822
20192828
20192839
20192843
20192845
20192846
20192851
20192853
20192854
20192857
20192858
20192860
20192867
20192869
20192873
20192876
20192881
20192882
20192884
20192888
20192903
20192907
20192909
20192910
20192915
20192917
20192918
20192921
20192924
20192931
20192933
20192937
20192938
20192940
20192945
20192946
20192948
20192952
20192963
20192969
20192970
20192972
20192977
20192978
20192980
20192984
20192993
20193000
20193008
20193052
20193091
20193100
20193105
20193106
20193108
20193112
20193121
20193136
20193161
20193164
20193169
20193172
20193176
20193185
20193192
20193200
20193224
20193232
20194199
20194205
20194206
20194215
20194221
20194222
20194230
20194236
20194247
20194251
20194253
20194254
20194261
20194262
20194265
20194266
20194277
20194278
20194281
20194284
20194292
20194296
20194651
20194653
20194654
20194682
20194684
20194711
20194715
20194717
20194718
20194727
20194731
20194733
20194734
20194742
20194745
20194746
20194748
20194771
20194777
20194778
20194787
20194790
20194793
20194794
20194802
20194808
20194877
20194878
20194907
20194909
20194910
20194937
20194940
20194959
20194967
20194971
20194973
20194974
20194983
20194987
20194989
20194990
20194995
20194997
20195001
20195002
20195004
20195015
20195019
20195021
20195022
20195027
20195033
20195034
20195043
20195045
20195046
20195049
20195050
20195052
20195057
20195064
20195101
20195102
20195132
20195161
20195162
20195192
20195207
20195211
20195213
20195214
20195219
20195221
20195222
20195225
20195235
20195237
20195238
20195241
20195242
20195244
20195249
20195250
20195252
20195256
20195267
20195270
20195273
20195274
20195281
20195282
20195297
20195298
20195300
20195304
20195312
20195783
20195787
20195789
20195790
20195795
20195797
20195798
20195811
20195813
20195814
20195818
20195820
20195826
20195828
20196007
20196013
20196014
20196021
20196022
20196039
20196043
20196045
20196046
20196051
20196053
20196054
20196069
20196070
20196073
20196076
20196081
20196084
20196231
20196237
20196238
20196245
20196246
20196261
20196262
20196268
20196276
20196291
20196294
20196297
20196298
20196305
20196306
20196321
20196322
20196324
20196328
20196336
20196383
20196407
20196413
20196414
20196439
20196443
20196445
20196446
20196459
20196461
20196462
20196467
20196469
20196470
20196473
20196474
20196495
20196503
20196507
20196509
20196510
20196519
20196523
20196525
20196526
20196531
20196533
20196534
20196537
20196551
20196555
20196557
20196558
20196563
20196565
20196566
20196569
20196570
20196579
20196582
20196585
20196586
20196593
20196594
20196631
20196637
20196638
20196653
20196654
20196662
20196668
20196683
20196685
20196686
20196691
20196693
20196694
20196697
20196698
20196713
20196716
20196721
20196722
20196724
20196728
20196743
20196747
20196749
20196750
20196755
20196757
20196758
20196761
20196771
20196773
20196774
20196777
20196778
20196780
20196786
20196788
20196792
20196803
20196806
20196809
20196810
20196817
20196818
20196833
20196834
20196836
20196840
20196848
20196887
20196893
20196894
20196909
20196910
20196918
20196924
20196939
20196941
20196942
20196947
20196949
20196950
20196953
20196954
20196969
20196972
20196977
20196978
20196980
20196984
20196999
20197003
20197005
20197006
20197011
20197013
20197014
20197017
20197027
20197029
20197030
20197033
20197034
20197036
20197041
20197042
20197044
20197048
20197059
20197062
20197065
20197066
20197073
20197074
20197089
20197090
20197092
20197096
20197104
20197201
20197202
20197232
20197254
20197257
20197265
20197281
20197282
20197284
20197288
20197296
20197314
20197344
20198294
20198300
20198310
20198316
20198342
20198346
20198348
20198356
20198360
20198372
20198376
20198746
20198748
20198762
20198764
20198806
20198809
20198810
20198812
20198822
20198825
20198826
20198828
20198840
20198866
20198872
20198882
20198888
20198957
20198958
20198972
20198987
20198989
20198990
20199002
20199004
20199017
20199020
20199032
20199047
20199051
20199053
20199054
20199062
20199065
20199066
20199068
20199075
20199077
20199078
20199081
20199082
20199084
20199090
20199092
20199096
20199107
20199110
20199113
20199114
20199116
20199122
20199128
20199137
20199138
20199140
20199144
20199152
20199196
20199212
20199242
20199244
20199256
20199272
20199302
20199305
20199306
20199308
20199314
20199316
20199320
20199330
20199332
20199336
20199362
20199368
20199376
20199392
20199878
20199882
20199884
20199890
20199892
20199906
20199908
20200102
20200108
20200116
20200134
20200138
20200140
20200146
20200148
20200164
20200168
20200176
20200326
20200332
20200340
20200356
20200386
20200392
20200400
20200416
20200471
20200477
20200478
20200502
20200508
20200531
20200533
20200534
20200537
20200538
20200540
20200547
20200550
20200554
20200556
20200561
20200562
20200564
20200568
20200595
20200597
20200598
20200601
20200602
20200604
20200614
20200617
20200618
20200620
20200626
20200628
20200632
20200643
20200646
20200650
20200657
20200658
20200660
20200664
20200674
20200680
20200688
20200726
20200732
20200742
20200748
20200771
20200774
20200778
20200780
20200785
20200786
20200788
20200792
20200801
20200802
20200804
20200808
20200816
20200838
20200841
20200842
20200844
20200850
20200852
20200856
20200866
20200868
20200872
20200898
20200904
20200912
20200928
20200982
20200988
20200998
20201004
20201027
20201030
20201034
20201036
20201041
20201042
20201044
20201048
20201057
20201058
20201060
20201064
20201072
20201094
20201097
20201098
20201100
20201105
20201106
20201108
20201112
20201121
20201122
20201124
20201128
20201136
20201154
20201160
20201168
20201184
20201282
20201296
20201312
20201352
20202271
20202301
20202302
20202333
20202334
20202364
20202391
20202395
20202397
20202398
20202407
20202411
20202413
20202414
20202422
20202426
20202428
20202439
20202443
20202445
20202446
20202453
20202454
20202457
20202458
20202460
20202469
20202470
20202473
20202476
20202484
20202488
20202843
20202845
20202846
20202874
20202876
20202903
20202907
20202909
20202910
20202919
20202923
20202925
20202926
20202934
20202938
20202940
20202963
20202969
20202970
20202972
20202979
20202982
20202985
20202986
20202994
20203000
20203067
20203069
20203070
20203099
20203101
20203102
20203129
20203132
20203151
20203159
20203163
20203165
20203166
20203175
20203179
20203181
20203182
20203187
20203189
20203194
20203196
20203207
20203211
20203213
20203219
20203225
20203226
20203228
20203235
20203237
20203238
20203241
20203242
20203244
20203249
20203256
20203291
20203293
20203294
20203322
20203324
20203353
20203354
20203356
20203384
20203399
20203403
20203405
20203406
20203411
20203413
20203414
20203420
20203427
20203429
20203430
20203434
20203436
20203442
20203444
20203459
20203462
20203465
20203466
20203468
20203473
20203474
20203476
20203480
20203489
20203490
20203492
20203496
20203504
20203863
20203869
20203870
20203885
20203886
20203894
20203900
20203975
20203979
20203981
20203982
20203987
20203989
20203990
20203996
20204003
20204005
20204006
20204010
20204012
20204018
20204020
20204087
20204093
20204094
20204119
20204125
20204126
20204149
20204156
20204199
20204203
20204205
20204206
20204211
20204213
20204214
20204231
20204235
20204237
20204243
20204245
20204246
20204252
20204261
20204262
20204265
20204268
20204273
20204276
20204311
20204317
20204318
20204333
20204334
20204342
20204348
20204365
20204366
20204373
20204374
20204380
20204396
20204404
20204423
20204427
20204429
20204430
20204435
20204437
20204438
20204444
20204451
20204453
20204454
20204458
20204460
20204466
20204468
20204483
20204486
20204489
20204490
20204492
20204497
20204498
20204500
20204504
20204513
20204514
20204516
20204520
20204528
20204575
20204599
20204603
20204605
20204606
20204631
20204635
20204637
20204638
20204651
20204653
20204654
20204659
20204661
20204662
20204665
20204666
20204695
20204699
20204701
20204702
20204711
20204715
20204717
20204718
20204723
20204725
20204726
20204755
20204757
20204758
20204761
20204762
20204764
20204771
20204774
20204777
20204778
20204785
20204786
20204823
20204827
20204829
20204830
20204843
20204845
20204846
20204851
20204854
20204858
20204860
20204875
20204877
20204878
20204883
20204885
20204886
20204889
20204890
20204892
20204905
20204908
20204913
20204914
20204916
20204920
20204935
20204939
20204941
20204942
20204947
20204949
20204950
20204956
20204963
20204965
20204966
20204970
20204972
20204978
20204980
20204995
20204998
20205001
20205002
20205004
20205009
20205010
20205012
20205016
20205025
20205026
20205028
20205032
20205040
20205079
20205083
20205085
20205086
20205099
20205101
20205102
20205107
20205110
20205114
20205116
20205131
20205133
20205139
20205141
20205142
20205145
20205146
20205148
20205161
20205164
20205169
20205170
20205172
20205176
20205191
20205195
20205197
20205203
20205205
20205206
20205212
20205219
20205221
20205222
20205226
20205228
20205234
20205236
20205251
20205257
20205265
20205266
20205268
20205272
20205281
20205282
20205284
20205288
20205296
20205331
20205340
20205362
20205388
20205393
20205394
20205396
20205400
20205424
20205446
20205452
20205460
20205474
20205476
20205506
20205508
20205512
20205520
20205536
20206396
20206428
20206485
20206486
20206489
20206490
20206492
20206501
20206502
20206505
20206506
20206516
20206520
20206533
20206534
20206537
20206538
20206540
20206548
20206552
20206564
20206568
20206937
20206938
20206940
20206953
20206954
20206968
20206997
20206998
20207001
20207002
20207004
20207013
20207014
20207017
20207018
20207028
20207032
20207057
20207058
20207060
20207064
20207073
20207074
20207088
20207149
20207150
20207161
20207162
20207181
20207182
20207193
20207194
20207196
20207212
20207224
20207239
20207243
20207245
20207246
20207253
20207254
20207257
20207258
20207260
20207267
20207269
20207270
20207273
20207274
20207276
20207281
20207282
20207284
20207288
20207299
20207301
20207302
20207305
20207306
20207308
20207313
20207314
20207316
20207320
20207329
20207330
20207332
20207336
20207344
20207385
20207386
20207388
20207401
20207402
20207416
20207433
20207434
20207436
20207448
20207464
20207493
20207494
20207497
20207498
20207500
20207505
20207506
20207508
20207512
20207521
20207522
20207524
20207528
20207536
20207553
20207554
20207556
20207560
20207568
20207584
20207957
20207958
20207964
20207973
20207974
20207988
20208069
20208070
20208073
20208074
20208076
20208081
20208082
20208084
20208088
20208097
20208098
20208100
20208104
20208112
20208181
20208182
20208213
20208214
20208220
20208244
20208293
20208294
20208297
20208298
20208305
20208306
20208325
20208326
20208329
20208330
20208332
20208337
20208338
20208340
20208344
20208356
20208360
20208368
20208405
20208406
20208412
20208421
20208422
20208436
20208453
20208454
20208460
20208468
20208484
20208517
20208518
20208521
20208522
20208524
20208529
20208530
20208532
20208536
20208545
20208546
20208548
20208552
20208560
20208577
20208578
20208580
20208584
20208592
20208608
20208691
20208693
20208694
20208697
20208698
20208723
20208725
20208726
20208730
20208739
20208741
20208742
20208745
20208746
20208753
20208754
20208787
20208789
20208790
20208793
20208794
20208796
20208805
20208806
20208809
20208810
20208817
20208818
20208849
20208850
20208852
20208856
20208865
20208866
20208915
20208917
20208918
20208921
20208922
20208924
20208931
20208933
20208934
20208937
20208938
20208945
20208946
20208948
20208952
20208963
20208965
20208966
20208969
20208970
20208972
20208977
20208978
20208980
20208984
20208993
20208994
20208996
20209000
20209008
20209029
20209030
20209033
20209034
20209036
20209041
20209042
20209044
20209048
20209057
20209058
20209060
20209064
20209072
20209089
20209090
20209092
20209096
20209104
20209120
20209171
20209173
20209174
20209177
20209178
20209180
20209187
20209189
20209190
20209193
20209194
20209201
20209202
20209204
20209208
20209219
20209221
20209222
20209225
20209226
20209228
20209233
20209234
20209236
20209240
20209249
20209250
20209252
20209256
20209264
20209285
20209286
20209289
20209290
20209292
20209297
20209298
20209300
20209304
20209313
20209314
20209316
20209320
20209328
20209345
20209346
20209348
20209352
20209360
20209376
20209425
20209426
20209428
20209432
20209441
20209442
20209456
20209473
20209474
20209476
20209480
20209488
20209504
20209540
20209544
20209552
20209600
20210492
20210581
20210585
20210588
20210597
20210598
20210601
20210604
20210612
20210616
20210629
20210630
20210633
20210636
20210644
20210648
20210660
20211033
20211036
20211064
20211093
20211097
20211100
20211109
20211110
20211113
20211116
20211124
20211128
20211153
20211160
20211169
20211170
20211172
20211176
20211184
20211257
20211260
20211289
20211292
20211335
20211339
20211341
20211342
20211349
20211353
20211356
20211363
20211365
20211366
20211369
20211370
20211372
20211377
20211384
20211395
20211397
20211398
20211401
20211402
20211404
20211409
20211416
20211425
20211426
20211428
20211432
20211481
20211484
20211512
20211544
20211589
20211590
20211593
20211596
20211601
20211604
20211617
20211618
20211620
20211624
20211632
20211649
20211650
20211652
20211656
20211664
20211680
20212053
20212060
20212076
20212084
20212165
20212166
20212169
20212172
20212177
20212180
20212193
20212194
20212196
20212200
20212208
20212277
20212284
20212309
20212316
20212389
20212390
20212393
20212396
20212401
20212404
20212421
20212422
20212425
20212428
20212433
20212436
20212452
20212501
20212508
20212524
20212532
20212556
20212564
20212613
20212614
20212617
20212620
20212625
20212628
20212641
20212642
20212644
20212648
20212656
20212673
20212674
20212676
20212680
20212688
20212704
20212787
20212789
20212793
20212796
20212841
20212844
20212849
20212850
20212852
20212856
20212883
20212885
20212886
20212901
20212902
20212905
20212908
20212913
20212916
20212945
20212946
20212948
20212952
20212961
20212962
20212964
20212968
20212976
20213011
20213013
20213017
20213020
20213033
20213036
20213041
20213042
20213044
20213048
20213065
20213068
20213073
20213074
20213076
20213080
20213104
20213125
20213126
20213129
20213132
20213137
20213140
20213153
20213154
20213156
20213160
20213168
20213185
20213186
20213188
20213192
20213200
20213216
20213267
20213269
20213273
20213276
20213289
20213292
20213297
20213298
20213300
20213304
20213321
20213324
20213329
20213330
20213332
20213336
20213360
20213381
20213382
20213385
20213388
20213393
20213396
20213409
20213410
20213412
20213416
20213424
20213441
20213442
20213444
20213448
20213456
20213472
20213521
20213552
20213584
20213636
20213664
20213696
20214676
20214680
20214692
20214696
20214724
20214728
20215128
20215144
20215188
20215192
20215204
20215208
20215248
20215264
20215352
20215384
20215429
20215430
20215433
20215434
20215436
20215444
20215448
20215457
20215458
20215460
20215464
20215472
20215489
20215490
20215492
20215496
20215504
20215520
20215576
20215592
20215624
20215684
20215688
20215696
20215712
20215744
20216148
20216164
20216260
20216264
20216272
20216288
20216372
20216404
20216484
20216488
20216496
20216516
20216520
20216528
20216596
20216612
20216644
20216708
20216712
20216720
20216736
20216768
20216881
20216882
20216884
20216888
20216929
20216930
20216932
20216936
20216944
20216996
20217000
20217008
20217040
20217056
20217105
20217106
20217108
20217112
20217121
20217122
20217124
20217128
20217136
20217153
20217154
20217156
20217160
20217168
20217184
20217220
20217224
20217232
20217248
20217280
20217361
20217362
20217364
20217368
20217377
20217378
20217380
20217384
20217392
20217409
20217410
20217412
20217416
20217424
20217440
20217476
20217480
20217488
20217504
20217536
20217616
20217632
20217664
20222873
20222876
20222889
20222904
20222924
20222932
20222936
20223324
20223401
20223416
20223448
20223527
20223531
20223533
20223534
20223545
20223559
20223563
20223565
20223566
20223580
20223589
20223593
20223596
20223623
20223627
20223629
20223630
20223641
20223644
20223651
20223653
20223657
20223658
20223660
20223665
20223672
20223683
20223689
20223690
20223692
20223704
20223713
20223720
20223769
20223772
20223785
20223800
20223820
20223828
20223832
20223881
20223884
20223889
20223892
20223896
20223905
20223912
20223920
20223944
20223952
20224348
20224460
20224468
20224569
20224604
20224681
20224689
20224716
20224724
20224793
20224796
20224809
20224824
20224844
20224852
20224856
20224905
20224908
20224913
20224916
20224920
20224929
20224936
20224944
20224968
20224976
20225081
20225193
20225201
20225321
20225336
20225356
20225364
20225368
20225441
20225448
20225456
20225480
20225488
20225561
20225564
20225577
20225592
20225612
20225620
20225624
20225673
20225676
20225681
20225684
20225688
20225697
20225704
20225712
20225736
20225744
20225816
20225928
20225936
20226969
20226982
20227000
20227044
20227481
20227494
20227497
20227512
20227554
20227627
20227629
20227630
20227641
20227659
20227661
20227662
20227689
20227692
20227719
20227723
20227725
20227726
20227737
20227747
20227749
20227750
20227753
20227754
20227756
20227761
20227768
20227779
20227785
20227786
20227809
20227810
20227812
20227816
20227865
20227881
20227896
20227974
20227977
20227985
20228001
20228002
20228004
20228008
20228016
20228034
20228064
20228454
20228550
20228578
20228580
20228665
20228774
20228777
20228785
20228806
20228836
20228889
20228902
20228905
20228920
20228934
20228964
20228998
20229001
20229009
20229025
20229026
20229028
20229032
20229040
20229058
20229088
20229177
20229286
20229297
20229346
20229401
20229414
20229417
20229432
20229446
20229476
20229510
20229513
20229521
20229537
20229538
20229540
20229544
20229552
20229570
20229600
20229657
20229670
20229673
20229688
20229702
20229732
20229766
20229769
20229777
20229793
20229794
20229796
20229800
20229808
20229826
20229856
20230048
20231064
20231576
20231592
20231718
20231721
20231722
20231724
20231736
20231750
20231754
20231756
20231780
20231784
20231814
20231817
20231818
20231820
20231832
20231841
20231842
20231844
20231848
20231856
20231874
20231880
20231904
20231960
20231976
20232072
20232080
20232096
20232760
20232872
20232880
20232984
20233000
20233096
20233104
20233120
20233272
20233392
20233496
20233512
20233608
20233616
20233632
20233752
20233768
20233864
20233872
20233888
20235164
20235220
20235224
20235612
20235676
20235686
20235736
20235746
20235819
20235821
20235822
20235851
20235853
20235868
20235881
20235884
20235911
20235915
20235917
20235932
20235939
20235941
20235942
20235946
20235948
20235971
20235977
20235992
20236001
20236002
20236004
20236008
20236060
20236108
20236116
20236120
20236166
20236172
20236180
20236194
20236196
20236226
20236228
20236232
20236240
20236256
20236636
20236646
20236742
20236748
20236756
20236770
20236772
20236892
20236966
20237012
20237028
20237084
20237094
20237126
20237132
20237140
20237144
20237156
20237190
20237196
20237204
20237218
20237220
20237250
20237252
20237256
20237264
20237280
20237596
20237606
20237638
20237644
20237652
20237656
20237668
20237702
20237708
20237716
20237730
20237732
20237762
20237764
20237768
20237776
20237792
20237852
20237862
20237908
20237912
20237924
20237972
20237986
20237988
20238032
20238048
20238148
20238212
20238272
20239700
20239704
20239764
20239768
20239824
20239909
20239910
20239913
20239914
20239941
20239942
20239945
20239946
20239948
20239956
20239960
20239972
20239976
20240005
20240006
20240009
20240010
20240012
20240020
20240024
20240033
20240034
20240036
20240040
20240065
20240066
20240068
20240072
20240080
20240096
20240148
20240152
20240196
20240200
20240260
20240264
20240272
20240320
20240724
20240728
20240836
20240840
20240848
20240980
20240984
20241092
20241096
20241104
20241172
20241176
20241220
20241224
20241284
20241288
20241296
20241344
20241684
20241688
20241732
20241736
20241796
20241800
20241808
20241856
20241940
20241944
20241988
20241992
20242052
20242056
20242064
20242112
20243876
20243936
20244009
20244012
20244041
20244101
20244105
20244129
20244130
20244132
20244136
20244161
20244192
20244356
20244384
20244416
20244836
20244932
20244960
20245156
20245188
20245284
20245316
20245380
20245408
20245440
20245796
20245828
20245892
20245920
20245952
20246052
20246084
20246148
20246176
20246208
20248100
20248104
20248132
20248136
20248196
20248200
20248224
20248256
20250847
20250871
20250875
20250877
20250878
20251095
20251099
20251101
20251102
20251111
20251115
20251117
20251118
20251126
20251130
20251132
20251319
20251325
20251326
20251351
20251355
20251357
20251358
20251381
20251385
20251388
20251543
20251549
20251550
20251559
20251565
20251566
20251574
20251580
20251591
20251595
20251597
20251598
20251605
20251606
20251609
20251610
20251612
20251621
20251622
20251625
20251628
20251636
20251640
20251743
20251771
20251773
20251774
20251807
20251831
20251835
20251837
20251838
20251863
20251867
20251869
20251870
20251891
20251897
20251898
20251995
20251997
20251998
20252011
20252013
20252014
20252026
20252028
20252055
20252059
20252062
20252071
20252075
20252077
20252078
20252086
20252089
20252090
20252092
20252115
20252121
20252122
20252124
20252131
20252134
20252137
20252138
20252146
20252152
20252221
20252222
20252251
20252253
20252254
20252281
20252284
20252311
20252315
20252317
20252318
20252339
20252341
20252345
20252346
20252348
20252371
20252377
20252378
20252380
20252401
20252408
20252445
20252446
20252461
20252462
20252476
20252491
20252493
20252494
20252505
20252506
20252508
20252521
20252524
20252536
20252551
20252555
20252557
20252558
20252563
20252565
20252566
20252569
20252572
20252579
20252581
20252582
20252585
20252586
20252588
20252594
20252596
20252600
20252611
20252614
20252617
20252618
20252620
20252625
20252626
20252628
20252632
20252641
20252642
20252644
20252648
20252879
20252887
20252891
20252893
20252894
20252903
20252907
20252909
20252910
20252915
20252917
20252918
20253127
20253131
20253133
20253134
20253139
20253141
20253142
20253148
20253155
20253157
20253158
20253162
20253164
20253170
20253172
20253351
20253357
20253358
20253365
20253366
20253383
20253387
20253389
20253390
20253395
20253397
20253398
20253404
20253413
20253414
20253417
20253420
20253425
20253428
20253575
20253581
20253582
20253589
20253590
20253596
20253605
20253606
20253612
20253620
20253635
20253638
20253641
20253642
20253644
20253649
20253650
20253652
20253656
20253665
20253666
20253668
20253672
20253727
20253751
20253757
20253758
20253775
20253783
20253787
20253789
20253790
20253799
20253803
20253805
20253806
20253811
20253813
20253814
20253817
20253818
20253839
20253847
20253851
20253854
20253863
20253867
20253869
20253870
20253875
20253877
20253878
20253881
20253895
20253899
20253901
20253902
20253907
20253909
20253910
20253913
20253914
20253916
20253923
20253926
20253929
20253930
20253937
20253938
20253975
20253982
20253991
20253997
20253998
20254006
20254012
20254023
20254027
20254029
20254030
20254035
20254037
20254038
20254041
20254042
20254044
20254053
20254054
20254057
20254060
20254065
20254066
20254068
20254072
20254087
20254091
20254094
20254099
20254102
20254115
20254117
20254118
20254121
20254122
20254124
20254130
20254132
20254136
20254147
20254150
20254153
20254154
20254156
20254161
20254162
20254164
20254168
20254177
20254178
20254180
20254184
20254231
20254237
20254238
20254247
20254253
20254254
20254262
20254268
20254279
20254283
20254285
20254286
20254291
20254293
20254294
20254297
20254298
20254300
20254309
20254310
20254313
20254316
20254321
20254322
20254324
20254328
20254343
20254347
20254349
20254350
20254355
20254357
20254358
20254361
20254364
20254371
20254373
20254374
20254377
20254378
20254380
20254386
20254388
20254392
20254403
20254406
20254409
20254410
20254412
20254417
20254418
20254420
20254424
20254433
20254434
20254436
20254440
20254492
20254502
20254534
20254540
20254545
20254546
20254548
20254552
20254564
20254598
20254601
20254604
20254612
20254616
20254626
20254628
20254632
20254658
20254660
20254664
20254927
20254935
20254939
20254941
20254942
20254951
20254955
20254957
20254958
20255175
20255179
20255181
20255182
20255196
20255206
20255210
20255212
20255399
20255405
20255406
20255431
20255435
20255437
20255438
20255452
20255461
20255465
20255468
20255623
20255629
20255630
20255644
20255654
20255660
20255685
20255686
20255689
20255690
20255692
20255700
20255704
20255716
20255720
20255823
20255835
20255837
20255838
20255851
20255853
20255854
20255887
20255895
20255899
20255902
20255911
20255915
20255917
20255918
20255943
20255947
20255949
20255950
20255955
20255961
20255962
20255964
20255971
20255977
20255978
20256075
20256077
20256078
20256092
20256106
20256108
20256135
20256139
20256142
20256166
20256170
20256172
20256195
20256201
20256202
20256204
20256216
20256226
20256232
20256301
20256302
20256331
20256333
20256334
20256348
20256361
20256364
20256391
20256395
20256397
20256398
20256409
20256412
20256419
20256421
20256425
20256426
20256428
20256440
20256451
20256457
20256458
20256460
20256472
20256481
20256488
20256525
20256526
20256540
20256556
20256585
20256586
20256588
20256600
20256616
20256643
20256645
20256646
20256649
20256652
20256660
20256664
20256674
20256676
20256680
20256705
20256706
20256708
20256712
20256720
20256736
20256967
20256971
20256973
20256974
20256979
20256981
20256982
20256988
20256995
20256997
20256998
20257219
20257221
20257222
20257228
20257236
20257250
20257252
20257445
20257446
20257475
20257477
20257478
20257484
20257492
20257505
20257508
20257669
20257670
20257676
20257684
20257700
20257729
20257730
20257732
20257736
20257744
20257760
20257807
20257815
20257822
20257831
20257837
20257838
20257863
20257867
20257869
20257870
20257875
20257877
20257878
20257881
20257882
20257884
20257891
20257893
20257894
20257897
20257898
20257905
20257906
20257927
20257931
20257934
20257939
20257942
20257955
20257957
20257958
20257961
20257987
20257989
20257990
20257993
20257994
20257996
20258001
20258002
20258004
20258008
20258017
20258018
20258055
20258062
20258086
20258092
20258115
20258117
20258118
20258121
20258122
20258124
20258129
20258130
20258132
20258136
20258145
20258146
20258148
20258152
20258160
20258179
20258182
20258210
20258212
20258241
20258242
20258244
20258248
20258256
20258272
20258311
20258317
20258318
20258332
20258342
20258348
20258371
20258373
20258374
20258377
20258378
20258380
20258385
20258386
20258388
20258392
20258401
20258402
20258404
20258408
20258416
20258435
20258437
20258438
20258441
20258444
20258452
20258456
20258466
20258468
20258472
20258497
20258498
20258500
20258504
20258512
20258528
20258572
20258625
20258626
20258628
20258632
20258640
20258656
20258692
20258696
20258752
20259023
20259031
20259035
20259037
20259038
20259047
20259051
20259053
20259054
20259062
20259066
20259068
20259271
20259275
20259277
20259278
20259286
20259290
20259292
20259302
20259495
20259501
20259502
20259510
20259516
20259527
20259531
20259533
20259534
20259542
20259546
20259548
20259557
20259558
20259561
20259564
20259572
20259576
20259719
20259725
20259726
20259734
20259740
20259750
20259781
20259782
20259785
20259788
20259796
20259800
20259812
20259919
20259931
20259933
20259934
20259947
20259949
20259950
20259962
20259964
20259983
20259991
20259995
20259997
20259998
20260007
20260011
20260013
20260014
20260022
20260026
20260028
20260039
20260043
20260045
20260046
20260051
20260054
20260057
20260058
20260060
20260067
20260070
20260073
20260074
20260082
20260088
20260171
20260173
20260174
20260186
20260188
20260231
20260235
20260237
20260238
20260246
20260250
20260252
20260262
20260291
20260294
20260297
20260298
20260306
20260312
20260322
20260397
20260398
20260412
20260427
20260429
20260430
20260442
20260444
20260457
20260460
20260472
20260487
20260491
20260493
20260494
20260502
20260505
20260506
20260508
20260515
20260517
20260518
20260521
20260522
20260524
20260530
20260532
20260536
20260547
20260550
20260553
20260554
20260562
20260568
20260577
20260578
20260580
20260584
20260592
20260621
20260622
20260636
20260681
20260684
20260696
20260739
20260741
20260742
20260745
20260746
20260748
20260754
20260756
20260770
20260772
20260801
20260802
20260804
20260808
20260816
20260832
20261063
20261067
20261069
20261070
20261075
20261077
20261078
20261082
20261084
20261091
20261093
20261094
20261098
20261100
20261106
20261108
20261315
20261317
20261318
20261322
20261324
20261330
20261332
20261346
20261348
20261541
20261542
20261548
20261556
20261571
20261573
20261574
20261578
20261580
20261586
20261588
20261601
20261602
20261604
20261608
20261616
20261765
20261766
20261772
20261780
20261796
20261825
20261826
20261828
20261832
20261840
20261856
20261903
20261911
20261917
20261918
20261927
20261933
20261934
20261942
20261948
20261959
20261963
20261965
20261966
20261971
20261973
20261974
20261977
20261978
20261980
20261989
20261990
20261993
20261996
20262001
20262002
20262004
20262008
20262023
20262027
20262029
20262030
20262035
20262037
20262038
20262042
20262044
20262051
20262053
20262054
20262058
20262060
20262066
20262068
20262083
20262085
20262086
20262089
20262090
20262092
20262097
20262098
20262100
20262104
20262113
20262114
20262116
20262120
20262128
20262151
20262157
20262158
20262166
20262172
20262182
20262213
20262214
20262217
20262220
20262225
20262226
20262228
20262232
20262244
20262256
20262275
20262277
20262278
20262282
20262284
20262290
20262292
20262306
20262308
20262337
20262338
20262340
20262344
20262352
20262368
20262407
20262413
20262414
20262422
20262428
20262438
20262469
20262470
20262473
20262476
20262481
20262482
20262484
20262488
20262500
20262512
20262531
20262533
20262534
20262537
20262538
20262540
20262546
20262548
20262552
20262562
20262564
20262568
20262593
20262594
20262596
20262600
20262608
20262624
20262662
20262724
20262736
20262786
20262788
20262792
20262848
20263111
20263115
20263117
20263118
20263126
20263130
20263132
20263142
20263146
20263148
20263366
20263370
20263372
20263590
20263596
20263622
20263626
20263628
20263652
20263656
20263814
20263820
20263876
20263880
20264011
20264013
20264014
20264026
20264028
20264042
20264044
20264071
20264075
20264077
20264078
20264086
20264090
20264092
20264102
20264106
20264108
20264131
20264134
20264137
20264138
20264140
20264146
20264152
20264162
20264168
20264266
20264268
20264326
20264330
20264332
20264386
20264392
20264492
20264522
20264524
20264552
20264582
20264586
20264588
20264610
20264612
20264642
20264648
20264672
20264716
20264776
20264834
20264836
20264896
20265155
20265157
20265158
20265162
20265164
20265170
20265172
20265186
20265188
20265410
20265412
20265636
20265666
20265668
20265696
20265860
20265920
20265991
20265997
20265998
20266006
20266012
20266022
20266028
20266051
20266053
20266054
20266057
20266058
20266060
20266065
20266066
20266068
20266072
20266081
20266082
20266084
20266088
20266096
20266115
20266117
20266118
20266122
20266124
20266130
20266132
20266146
20266148
20266177
20266178
20266180
20266184
20266192
20266208
20266246
20266252
20266305
20266306
20266308
20266312
20266320
20266336
20266370
20266372
20266432
20266502
20266508
20266561
20266562
20266564
20266568
20266576
20266592
20266626
20266628
20266632
20266688
20266816
20267103
20267119
20267133
20267134
20267215
20267223
20267227
20267229
20267230
20267239
20267243
20267245
20267246
20267253
20267254
20267257
20267258
20267343
20267357
20267358
20267373
20267374
20267388
20267463
20267467
20267469
20267470
20267477
20267478
20267481
20267482
20267484
20267493
20267494
20267497
20267500
20267508
20267512
20267567
20267581
20267582
20267599
20267613
20267614
20267629
20267630
20267644
20267687
20267691
20267693
20267694
20267701
20267702
20267705
20267706
20267719
20267723
20267725
20267726
20267733
20267734
20267737
20267738
20267740
20267749
20267750
20267753
20267756
20267764
20267768
20267791
20267805
20267806
20267821
20267822
20267836
20267853
20267854
20267868
20267884
20267911
20267915
20267917
20267918
20267925
20267926
20267929
20267930
20267932
20267941
20267942
20267945
20267948
20267956
20267960
20267974
20267980
20267988
20267992
20268004
20268111
20268123
20268125
20268126
20268139
20268141
20268142
20268153
20268154
20268175
20268183
20268187
20268189
20268190
20268199
20268203
20268205
20268206
20268213
20268214
20268217
20268218
20268231
20268235
20268237
20268238
20268243
20268245
20268246
20268249
20268250
20268252
20268259
20268262
20268265
20268266
20268273
20268274
20268363
20268365
20268366
20268377
20268378
20268380
20268393
20268396
20268408
20268423
20268427
20268429
20268430
20268437
20268438
20268441
20268442
20268444
20268453
20268454
20268457
20268460
20268468
20268472
20268483
20268486
20268489
20268490
20268492
20268497
20268498
20268500
20268504
20268513
20268514
20268516
20268520
20268528
20268587
20268589
20268590
20268601
20268602
20268619
20268621
20268622
20268633
20268634
20268636
20268649
20268652
20268664
20268679
20268683
20268685
20268686
20268693
20268694
20268697
20268698
20268700
20268707
20268709
20268710
20268714
20268716
20268721
20268722
20268724
20268728
20268739
20268742
20268745
20268746
20268748
20268753
20268754
20268756
20268760
20268769
20268770
20268772
20268776
20268784
20268811
20268813
20268814
20268825
20268826
20268828
20268841
20268844
20268856
20268876
20268888
20268931
20268934
20268937
20268938
20268940
20268945
20268946
20268948
20268952
20268961
20268962
20268964
20268968
20268976
20268994
20268996
20269000
20269008
20269024
20269135
20269143
20269149
20269150
20269159
20269165
20269166
20269173
20269174
20269255
20269259
20269261
20269262
20269267
20269269
20269270
20269273
20269274
20269276
20269283
20269286
20269289
20269290
20269297
20269298
20269383
20269389
20269390
20269397
20269398
20269404
20269413
20269420
20269428
20269507
20269510
20269513
20269514
20269516
20269521
20269522
20269524
20269528
20269537
20269538
20269540
20269544
20269552
20269607
20269613
20269614
20269621
20269622
20269639
20269645
20269646
20269653
20269654
20269660
20269669
20269676
20269684
20269731
20269734
20269737
20269738
20269745
20269746
20269763
20269766
20269769
20269770
20269772
20269777
20269778
20269780
20269784
20269793
20269794
20269796
20269800
20269808
20269831
20269837
20269838
20269845
20269846
20269852
20269861
20269868
20269876
20269900
20269908
20269955
20269958
20269961
20269962
20269964
20269969
20269970
20269972
20269976
20269985
20269986
20269988
20269992
20270000
20270018
20270020
20270024
20270032
20270048
20270095
20270103
20270107
20270109
20270110
20270119
20270123
20270125
20270126
20270131
20270133
20270134
20270137
20270138
20270151
20270155
20270157
20270158
20270163
20270165
20270166
20270169
20270170
20270172
20270182
20270193
20270194
20270215
20270219
20270221
20270222
20270227
20270229
20270230
20270233
20270234
20270236
20270243
20270246
20270249
20270250
20270257
20270258
20270275
20270278
20270281
20270282
20270289
20270290
20270292
20270296
20270306
20270343
20270347
20270349
20270350
20270355
20270357
20270358
20270361
20270362
20270364
20270373
20270374
20270377
20270380
20270385
20270386
20270388
20270392
20270406
20270412
20270417
20270418
20270420
20270424
20270436
20270448
20270467
20270470
20270473
20270474
20270476
20270481
20270482
20270484
20270488
20270497
20270498
20270500
20270504
20270512
20270530
20270532
20270536
20270544
20270560
20270599
20270603
20270605
20270606
20270611
20270613
20270614
20270617
20270618
20270620
20270629
20270630
20270633
20270636
20270641
20270642
20270644
20270648
20270662
20270668
20270673
20270674
20270676
20270680
20270704
20270723
20270726
20270729
20270730
20270732
20270737
20270738
20270740
20270744
20270753
20270754
20270756
20270760
20270768
20270786
20270788
20270792
20270800
20270816
20270854
20270860
20270865
20270866
20270868
20270872
20270884
20270896
20270916
20270928
20270978
20270980
20270984
20270992
20271008
20271183
20271197
20271198
20271213
20271214
20271303
20271307
20271309
20271310
20271317
20271318
20271321
20271322
20271324
20271333
20271334
20271337
20271338
20271437
20271438
20271452
20271468
20271557
20271558
20271561
20271562
20271564
20271572
20271576
20271588
20271592
20271661
20271662
20271693
20271694
20271708
20271724
20271781
20271782
20271785
20271786
20271813
20271814
20271817
20271818
20271820
20271828
20271832
20271844
20271848
20271885
20271886
20271900
20271916
20271948
20272005
20272006
20272009
20272010
20272012
20272020
20272024
20272036
20272040
20272068
20272072
20272203
20272205
20272206
20272217
20272218
20272220
20272233
20272234
20272263
20272267
20272269
20272270
20272277
20272278
20272281
20272282
20272284
20272293
20272294
20272297
20272298
20272323
20272325
20272326
20272329
20272330
20272332
20272337
20272338
20272340
20272344
20272353
20272354
20272457
20272458
20272460
20272472
20272488
20272517
20272518
20272521
20272522
20272524
20272532
20272536
20272548
20272552
20272577
20272578
20272580
20272584
20272592
20272608
20272681
20272682
20272713
20272714
20272716
20272728
20272744
20272773
20272774
20272777
20272778
20272780
20272788
20272792
20272801
20272802
20272804
20272808
20272833
20272834
20272836
20272840
20272848
20272864
20272905
20272906
20272908
20272920
20272936
20272968
20273025
20273026
20273028
20273032
20273040
20273056
20273088
20273223
20273229
20273230
20273237
20273238
20273244
20273253
20273254
20273347
20273349
20273350
20273353
20273354
20273356
20273361
20273362
20273364
20273368
20273377
20273378
20273477
20273478
20273484
20273492
20273508
20273601
20273602
20273604
20273608
20273616
20273632
20273701
20273702
20273733
20273734
20273740
20273748
20273764
20273825
20273826
20273857
20273858
20273860
20273864
20273872
20273888
20273925
20273926
20273932
20273940
20273956
20273988
20274049
20274050
20274052
20274056
20274064
20274080
20274112
20274183
20274187
20274189
20274190
20274195
20274197
20274198
20274201
20274202
20274204
20274211
20274213
20274214
20274217
20274218
20274225
20274226
20274243
20274245
20274246
20274249
20274250
20274252
20274257
20274258
20274260
20274264
20274273
20274274
20274307
20274309
20274310
20274313
20274314
20274316
20274321
20274322
20274324
20274328
20274337
20274338
20274369
20274370
20274372
20274376
20274384
20274435
20274437
20274438
20274441
20274442
20274444
20274449
20274450
20274452
20274456
20274465
20274466
20274468
20274472
20274480
20274497
20274498
20274500
20274504
20274512
20274528
20274561
20274562
20274564
20274568
20274576
20274592
20274624
20274691
20274693
20274694
20274697
20274698
20274700
20274705
20274706
20274708
20274712
20274721
20274722
20274724
20274728
20274736
20274753
20274754
20274756
20274760
20274768
20274784
20274817
20274818
20274820
20274824
20274832
20274848
20274880
20274945
20274946
20274948
20274952
20274960
20274976
20275008
20275072
20275279
20275293
20275294
20275309
20275310
20275324
20275399
20275403
20275405
20275406
20275413
20275414
20275417
20275418
20275420
20275429
20275430
20275433
20275436
20275444
20275448
20275533
20275534
20275548
20275564
20275653
20275654
20275657
20275660
20275668
20275672
20275684
20275757
20275758
20275772
20275789
20275790
20275804
20275820
20275877
20275878
20275881
20275884
20275892
20275896
20275909
20275910
20275913
20275916
20275924
20275928
20275940
20275981
20275982
20275996
20276012
20276044
20276101
20276102
20276105
20276108
20276116
20276120
20276132
20276164
20276299
20276301
20276302
20276313
20276314
20276316
20276329
20276332
20276344
20276359
20276363
20276365
20276366
20276373
20276374
20276377
20276378
20276380
20276389
20276390
20276393
20276396
20276404
20276408
20276419
20276421
20276422
20276425
20276426
20276428
20276433
20276434
20276436
20276440
20276449
20276450
20276452
20276456
20276464
20276553
20276556
20276568
20276613
20276614
20276617
20276620
20276628
20276632
20276644
20276673
20276674
20276676
20276680
20276688
20276704
20276777
20276780
20276792
20276809
20276812
20276824
20276869
20276870
20276873
20276876
20276884
20276888
20276897
20276898
20276900
20276904
20276912
20276929
20276930
20276932
20276936
20276944
20276960
20277001
20277004
20277016
20277121
20277122
20277124
20277128
20277136
20277152
20277184
20277319
20277325
20277326
20277333
20277334
20277340
20277349
20277356
20277364
20277443
20277445
20277446
20277449
20277450
20277452
20277457
20277458
20277460
20277464
20277473
20277474
20277476
20277480
20277488
20277573
20277580
20277588
20277697
20277698
20277700
20277704
20277712
20277728
20277797
20277804
20277812
20277829
20277836
20277844
20277921
20277922
20277924
20277928
20277936
20277953
20277954
20277956
20277960
20277968
20277984
20278021
20278028
20278036
20278145
20278146
20278148
20278152
20278160
20278176
20278208
20278279
20278283
20278285
20278286
20278291
20278293
20278294
20278297
20278298
20278300
20278309
20278313
20278316
20278321
20278322
20278324
20278328
20278341
20278345
20278348
20278353
20278354
20278356
20278360
20278384
20278403
20278405
20278406
20278409
20278410
20278412
20278417
20278418
20278420
20278424
20278433
20278434
20278436
20278440
20278448
20278465
20278466
20278468
20278472
20278480
20278496
20278533
20278534
20278537
20278540
20278545
20278546
20278548
20278552
20278564
20278576
20278596
20278608
20278657
20278658
20278660
20278664
20278672
20278688
20278720
20278789
20278793
20278796
20278801
20278802
20278804
20278808
20278832
20278864
20278913
20278914
20278916
20278920
20278928
20278944
20278976
20279056
20279168
20279373
20279374
20279388
20279404
20279493
20279494
20279497
20279498
20279500
20279508
20279512
20279524
20279528
20279628
20279748
20279752
20279852
20279884
20279972
20279976
20280004
20280008
20280076
20280196
20280200
20280393
20280394
20280396
20280408
20280424
20280453
20280454
20280457
20280458
20280460
20280468
20280472
20280484
20280488
20280513
20280514
20280520
20280528
20280544
20280648
20280708
20280712
20280768
20280872
20280904
20280964
20280968
20280992
20281024
20281096
20281216
20281413
20281414
20281420
20281428
20281444
20281537
20281538
20281540
20281544
20281552
20281568
20281668
20281792
20281892
20281924
20282016
20282048
20282116
20282240
20282371
20282373
20282374
20282377
20282378
20282380
20282385
20282386
20282388
20282392
20282401
20282402
20282404
20282408
20282416
20282433
20282434
20282436
20282440
20282448
20282464
20282497
20282498
20282500
20282504
20282512
20282528
20282560
20282625
20282626
20282628
20282632
20282640
20282656
20282688
20282752
20282881
20282882
20282884
20282888
20282896
20282912
20282944
20283008
20283487
20283511
20283515
20283517
20283518
20283607
20283611
20283613
20283614
20283735
20283739
20283741
20283742
20283751
20283755
20283757
20283758
20283766
20283770
20283772
20283868
20283878
20283959
20283963
20283965
20283966
20283991
20283995
20283997
20283998
20284021
20284025
20284028
20284089
20284124
20284183
20284187
20284189
20284190
20284199
20284203
20284205
20284206
20284214
20284217
20284218
20284220
20284231
20284235
20284237
20284238
20284245
20284246
20284249
20284250
20284252
20284261
20284262
20284265
20284268
20284276
20284280
20284313
20284316
20284326
20284329
20284344
20284358
20284364
20284372
20284376
20284388
20284503
20284507
20284509
20284510
20284567
20284571
20284574
20284601
20284627
20284633
20284634
20284636
20284764
20284774
20284838
20284841
20284856
20284888
20284898
20284985
20285020
20285081
20285084
20285105
20285112
20285144
20285209
20285212
20285222
20285225
20285240
20285254
20285260
20285268
20285272
20285284
20285318
20285321
20285324
20285329
20285332
20285336
20285345
20285346
20285348
20285352
20285360
20285378
20285380
20285384
20285392
20285408
20285527
20285531
20285533
20285534
20285639
20285643
20285645
20285646
20285651
20285653
20285654
20285660
20285670
20285788
20285798
20285894
20285900
20285908
20285922
20285924
20286009
20286044
20286118
20286121
20286129
20286150
20286156
20286164
20286180
20286233
20286236
20286246
20286249
20286264
20286278
20286284
20286292
20286296
20286308
20286342
20286345
20286348
20286353
20286356
20286360
20286369
20286370
20286372
20286376
20286384
20286402
20286404
20286408
20286416
20286432
20286487
20286491
20286494
20286521
20286535
20286539
20286541
20286542
20286549
20286550
20286553
20286554
20286556
20286566
20286599
20286603
20286606
20286611
20286614
20286630
20286633
20286641
20286659
20286665
20286666
20286673
20286674
20286676
20286680
20286690
20286758
20286761
20286776
20286790
20286796
20286804
20286808
20286820
20286854
20286881
20286882
20286884
20286888
20286896
20286914
20286916
20286920
20286928
20286944
20287001
20287004
20287014
20287017
20287032
20287046
20287052
20287060
20287064
20287076
20287110
20287113
20287116
20287121
20287124
20287128
20287137
20287138
20287140
20287144
20287152
20287170
20287176
20287184
20287200
20287256
20287300
20287364
20287368
20287376
20287392
20287424
20287567
20287575
20287579
20287581
20287582
20287591
20287595
20287597
20287598
20287687
20287691
20287693
20287694
20287708
20287815
20287819
20287821
20287822
20287836
20287846
20287850
20287852
20287948
20288039
20288043
20288045
20288046
20288057
20288071
20288075
20288077
20288078
20288092
20288101
20288105
20288108
20288169
20288204
20288263
20288267
20288269
20288270
20288281
20288284
20288294
20288297
20288298
20288300
20288312
20288325
20288326
20288329
20288330
20288332
20288340
20288344
20288356
20288360
20288393
20288396
20288408
20288424
20288452
20288456
20288583
20288587
20288589
20288590
20288604
20288647
20288651
20288654
20288681
20288707
20288713
20288714
20288716
20288728
20288844
20288936
20288968
20289065
20289100
20289161
20289164
20289176
20289185
20289192
20289224
20289289
20289292
20289304
20289320
20289348
20289352
20289409
20289412
20289416
20289424
20289440
20289472
20289607
20289611
20289613
20289614
20289628
20289731
20289733
20289734
20289740
20289748
20289868
20289988
20290089
20290124
20290209
20290244
20290313
20290316
20290328
20290344
20290372
20290376
20290433
20290436
20290440
20290448
20290464
20290496
20290567
20290571
20290574
20290601
20290629
20290630
20290633
20290634
20290636
20290644
20290648
20290691
20290694
20290721
20290753
20290754
20290756
20290760
20290768
20290856
20290884
20290888
20290976
20291008
20291081
20291084
20291096
20291112
20291140
20291144
20291201
20291204
20291208
20291216
20291232
20291264
20291336
20291456
20291663
20291671
20291675
20291677
20291678
20291687
20291691
20291693
20291694
20291702
20291706
20291708
20291783
20291787
20291789
20291790
20291798
20291802
20291804
20291814
20291911
20291915
20291917
20291918
20291926
20291930
20291932
20291942
20292038
20292135
20292139
20292141
20292142
20292150
20292153
20292154
20292156
20292167
20292171
20292173
20292174
20292182
20292186
20292188
20292197
20292198
20292201
20292204
20292212
20292216
20292262
20292265
20292280
20292294
20292324
20292359
20292363
20292365
20292366
20292374
20292377
20292378
20292380
20292390
20292393
20292408
20292421
20292422
20292425
20292428
20292436
20292440
20292452
20292486
20292489
20292504
20292548
20292679
20292683
20292685
20292686
20292694
20292698
20292700
20292710
20292743
20292747
20292749
20292750
20292758
20292761
20292762
20292764
20292774
20292777
20292792
20292803
20292806
20292809
20292810
20292818
20292824
20292834
20292934
20292998
20293001
20293016
20293058
20293158
20293161
20293176
20293190
20293220
20293254
20293257
20293272
20293281
20293282
20293284
20293288
20293296
20293314
20293344
20293382
20293385
20293400
20293444
20293505
20293506
20293508
20293512
20293520
20293536
20293568
20293703
20293707
20293709
20293710
20293718
20293722
20293724
20293734
20293827
20293829
20293830
20293834
20293836
20293842
20293844
20293858
20293860
20293958
20294082
20294084
20294182
20294185
20294200
20294214
20294244
20294305
20294306
20294308
20294312
20294320
20294338
20294340
20294368
20294406
20294409
20294424
20294468
20294529
20294530
20294532
20294536
20294544
20294560
20294592
20294663
20294667
20294669
20294670
20294678
20294681
20294682
20294684
20294694
20294697
20294712
20294725
20294726
20294729
20294732
20294740
20294744
20294756
20294787
20294789
20294790
20294793
20294794
20294796
20294801
20294802
20294804
20294808
20294817
20294818
20294820
20294824
20294832
20294849
20294850
20294852
20294856
20294864
20294880
20294918
20294921
20294936
20294980
20295041
20295042
20295044
20295048
20295056
20295072
20295104
20295174
20295177
20295192
20295236
20295297
20295298
20295300
20295304
20295312
20295328
20295360
20295552
20295751
20295755
20295757
20295758
20295766
20295770
20295772
20295782
20295786
20295788
20295878
20295882
20295884
20296006
20296010
20296012
20296230
20296233
20296234
20296236
20296248
20296262
20296266
20296268
20296292
20296296
20296360
20296454
20296457
20296458
20296460
20296472
20296488
20296516
20296520
20296584
20296774
20296778
20296780
20296838
20296841
20296842
20296844
20296856
20296872
20296898
20296904
20297096
20297256
20297352
20297376
20297480
20297600
20297798
20297802
20297804
20297922
20297924
20298280
20298400
20298504
20298624
20298758
20298761
20298762
20298764
20298776
20298792
20298820
20298824
20298881
20298882
20298884
20298888
20298896
20298912
20298944
20299016
20299136
20299272
20299392
20299855
20299863
20299867
20299869
20299870
20299879
20299883
20299885
20299886
20299893
20299894
20299897
20299898
20299975
20299979
20299981
20299982
20299989
20299990
20299993
20299994
20299996
20300006
20300103
20300107
20300109
20300110
20300117
20300118
20300121
20300122
20300124
20300133
20300134
20300137
20300140
20300148
20300152
20300230
20300236
20300244
20300248
20300260
20300327
20300331
20300333
20300334
20300341
20300342
20300345
20300346
20300359
20300363
20300365
20300366
20300373
20300374
20300377
20300378
20300380
20300389
20300390
20300393
20300396
20300404
20300408
20300454
20300486
20300500
20300504
20300516
20300551
20300555
20300557
20300558
20300565
20300566
20300569
20300570
20300572
20300581
20300582
20300585
20300588
20300596
20300600
20300614
20300620
20300628
20300632
20300644
20300678
20300684
20300692
20300696
20300708
20300740
20300871
20300875
20300877
20300878
20300885
20300886
20300889
20300890
20300892
20300902
20300935
20300939
20300941
20300942
20300949
20300950
20300953
20300954
20300956
20300966
20300995
20301001
20301002
20301009
20301010
20301012
20301016
20301026
20301126
20301132
20301140
20301144
20301156
20301190
20301196
20301204
20301208
20301220
20301250
20301252
20301256
20301264
20301280
20301350
20301382
20301396
20301400
20301412
20301446
20301460
20301464
20301474
20301476
20301506
20301520
20301536
20301574
20301580
20301588
20301592
20301604
20301636
20301698
20301700
20301704
20301712
20301728
20301760
20301895
20301899
20301901
20301902
20301909
20301910
20301913
20301914
20301916
20301926
20302019
20302025
20302026
20302033
20302034
20302036
20302040
20302050
20302150
20302156
20302164
20302168
20302180
20302274
20302276
20302280
20302288
20302304
20302374
20302406
20302412
20302420
20302424
20302436
20302498
20302530
20302536
20302544
20302560
20302598
20302604
20302612
20302616
20302628
20302660
20302722
20302724
20302728
20302736
20302752
20302784
20302855
20302859
20302861
20302862
20302869
20302870
20302873
20302874
20302876
20302886
20302932
20302936
20302979
20302985
20302986
20302993
20302994
20302996
20303000
20303010
20303056
20303110
20303116
20303124
20303128
20303140
20303172
20303234
20303236
20303240
20303248
20303264
20303296
20303366
20303380
20303384
20303396
20303490
20303504
20303520
20303620
20303744
20303943
20303947
20303949
20303950
20303957
20303958
20303961
20303962
20303964
20303973
20303974
20303977
20303978
20304069
20304070
20304073
20304074
20304076
20304084
20304088
20304197
20304198
20304201
20304202
20304204
20304212
20304216
20304228
20304232
20304324
20304328
20304421
20304422
20304425
20304426
20304453
20304454
20304457
20304458
20304460
20304468
20304472
20304484
20304488
20304580
20304584
20304645
20304646
20304649
20304650
20304652
20304660
20304664
20304676
20304680
20304708
20304712
20304772
20304776
20304965
20304966
20304969
20304970
20304972
20304980
20304984
20305029
20305030
20305033
20305034
20305036
20305044
20305048
20305089
20305090
20305096
20305104
20305220
20305224
20305284
20305288
20305344
20305476
20305480
20305540
20305544
20305600
20305668
20305672
20305792
20305989
20305990
20305993
20305994
20305996
20306004
20306008
20306113
20306114
20306116
20306120
20306128
20306244
20306248
20306368
20306500
20306504
20306624
20306692
20306696
20306816
20306949
20306950
20306953
20306954
20306956
20306964
20306968
20307012
20307016
20307073
20307074
20307076
20307080
20307088
20307136
20307204
20307208
20307328
20307460
20307464
20307584
20308039
20308043
20308045
20308046
20308053
20308054
20308057
20308058
20308060
20308069
20308070
20308073
20308076
20308084
20308088
20308165
20308166
20308169
20308172
20308180
20308184
20308196
20308293
20308294
20308297
20308300
20308308
20308312
20308324
20308420
20308517
20308518
20308521
20308524
20308532
20308536
20308549
20308550
20308553
20308556
20308564
20308568
20308580
20308644
20308676
20308741
20308742
20308745
20308748
20308756
20308760
20308772
20308804
20308868
20309061
20309062
20309065
20309068
20309076
20309080
20309092
20309125
20309126
20309129
20309132
20309140
20309144
20309156
20309185
20309186
20309192
20309200
20309216
20309316
20309380
20309440
20309540
20309572
20309636
20309664
20309696
20309764
20309888
20310085
20310086
20310089
20310092
20310100
20310104
20310116
20310209
20310210
20310212
20310216
20310224
20310240
20310340
20310464
20310564
20310596
20310688
20310720
20310788
20310912
20311045
20311046
20311049
20311052
20311060
20311064
20311076
20311108
20311169
20311170
20311172
20311176
20311184
20311200
20311232
20311300
20311424
20311556
20311680
20312133
20312134
20312137
20312138
20312140
20312148
20312152
20312164
20312168
20312264
20312388
20312392
20312612
20312616
20312644
20312648
20312836
20312840
20313160
20313224
20314180
20314184
20314304
20315140
20315144
20315264
20320732
20321180
20321228
20321236
20321240
20321447
20321451
20321453
20321454
20321507
20321513
20321514
20321628
20321692
20321752
20321884
20321927
20321931
20321933
20321934
20321948
20321955
20321957
20321962
20321964
20321987
20321993
20321994
20321996
20322008
20322017
20322024
20322076
20322124
20322136
20322188
20322196
20322248
20322256
20322764
20322772
20323020
20323028
20323212
20323220
20323272
20323280
20323427
20323441
20323442
20323612
20323651
20323660
20323665
20323666
20323668
20323672
20323681
20323696
20323724
20323732
20323784
20323792
20323868
20323907
20323916
20323921
20323922
20323924
20323928
20323937
20323952
20323980
20323988
20324040
20324048
20324838
20325286
20325318
20325348
20325543
20325547
20325549
20325550
20325603
20325606
20325609
20325610
20325798
20325858
20326023
20326027
20326029
20326030
20326051
20326053
20326054
20326058
20326060
20326083
20326086
20326089
20326090
20326113
20326114
20326116
20326120
20326278
20326308
20326338
20326368
20326630
20326854
20326882
20326884
20327078
20327110
20327140
20327302
20327332
20327362
20327392
20327537
20327538
20327590
20327650
20327761
20327762
20327792
20327814
20327844
20327874
20327904
20328017
20328018
20328048
20328070
20328098
20328100
20328130
20328160
20329638
20329642
20329644
20329698
20329704
20330118
20330122
20330124
20330148
20330178
20330184
20330208
20331618
20331632
20331842
20331856
20331872
20332098
20332112
20332128
20332893
20332894
20332924
20333020
20333030
20333341
20333342
20333372
20333404
20333468
20333478
20333510
20333516
20333524
20333528
20333540
20333735
20333739
20333741
20333742
20333795
20333798
20333801
20333802
20333916
20333980
20333990
20334040
20334050
20334172
20334215
20334219
20334221
20334222
20334236
20334243
20334245
20334246
20334250
20334252
20334275
20334278
20334281
20334282
20334284
20334296
20334305
20334306
20334308
20334312
20334364
20334424
20334470
20334476
20334484
20334498
20334500
20334530
20334532
20334536
20334544
20334822
20334940
20335046
20335052
20335060
20335074
20335076
20335196
20335270
20335302
20335308
20335316
20335332
20335388
20335436
20335444
20335494
20335500
20335508
20335522
20335524
20335554
20335556
20335560
20335568
20335667
20335729
20335730
20335782
20335842
20335891
20335900
20335922
20335948
20335953
20335954
20335956
20335960
20335984
20336006
20336012
20336020
20336034
20336036
20336066
20336068
20336072
20336080
20336147
20336156
20336178
20336204
20336209
20336210
20336212
20336216
20336240
20336262
20336268
20336276
20336290
20336292
20336322
20336324
20336328
20336336
20336516
20336988
20337108
20337112
20337436
20337556
20337560
20337604
20337608
20337829
20337830
20337833
20337834
20337889
20337890
20338008
20338068
20338072
20338128
20338264
20338309
20338310
20338313
20338314
20338316
20338324
20338328
20338337
20338338
20338340
20338344
20338369
20338370
20338372
20338376
20338384
20338400
20338456
20338564
20338568
20338576
20338624
20339028
20339140
20339144
20339152
20339284
20339396
20339400
20339408
20339476
20339524
20339588
20339592
20339600
20339648
20339761
20339762
20339809
20339810
20339985
20339986
20339988
20339992
20340001
20340002
20340016
20340033
20340034
20340036
20340040
20340048
20340064
20340100
20340104
20340112
20340160
20340241
20340242
20340244
20340248
20340257
20340258
20340272
20340289
20340290
20340292
20340296
20340304
20340320
20340356
20340360
20340368
20340416
20340496
20340544
20341084
20341220
20341532
20341668
20341700
20341925
20341926
20341929
20341932
20341985
20341986
20341988
20341992
20342180
20342240
20342405
20342406
20342409
20342412
20342433
20342434
20342436
20342440
20342465
20342466
20342468
20342472
20342496
20342660
20342688
20342720
20343012
20343236
20343264
20343460
20343492
20343684
20343712
20343744
20343857
20343920
20343972
20344032
20344081
20344112
20344144
20344196
20344224
20344256
20344337
20344368
20344400
20344452
20344480
20344512
20346020
20346024
20346080
20346500
20346504
20346528
20346560
20347952
20348000
20348176
20348192
20348224
20348432
20348448
20348480
20353372
20353817
20353820
20353833
20353848
20353868
20353876
20353880
20353944
20354217
20354456
20354601
20354636
20354697
20354700
20354712
20354721
20354728
20354760
20354840
20354952
20354960
20355864
20355976
20355984
20356376
20356488
20356496
20356632
20356744
20356752
20357913
20357929
20357944
20358310
20358313
20358370
20358697
20358790
20358793
20358817
20358818
20358820
20358824
20358850
20358880
20359072
20360096
20360608
20360864
20362008
20362024
20362408
20362792
20362888
20362912
20365660
20366108
20366156
20366164
20366168
20366276
20366502
20366562
20366924
20366982
20366988
20367010
20367012
20367042
20367044
20367048
20367072
20367236
20367296
20367812
20368068
20368196
20368260
20368320
20368708
20368772
20368832
20368964
20369028
20369088
20369748
20369752
20370196
20370200
20370244
20370248
20371012
20371016
20371076
20371080
20371136
20374692
20374752
20375172
20375200
20375232
20382172
20382182
20382428
20382620
20382630
20382662
20382668
20382676
20382680
20382692
20383068
20383132
20383142
20383192
20383202
20383324
20383388
20383448
20383516
20383564
20383576
20383622
20383628
20383636
20383652
20383682
20383684
20383688
20383974
20384198
20384204
20384212
20384226
20384228
20384422
20384454
20384460
20384468
20384484
20384646
20384652
20384660
20384676
20384706
20384708
20384712
20384881
20384882
20384934
20384994
20385052
20385100
20385105
20385106
20385108
20385112
20385158
20385164
20385172
20385188
20385218
20385220
20385224
20385308
20385356
20385361
20385362
20385364
20385368
20385414
20385420
20385428
20385444
20385474
20385476
20385480
20385668
20386252
20386508
20386700
20386756
20386760
20387148
20387212
20387272
20387404
20387468
20387528
20387596
20387656
20387716
20387776
20388292
20388548
20388740
20388800
20388961
20388962
20389132
20389185
20389186
20389188
20389192
20389252
20389312
20389388
20389441
20389442
20389444
20389448
20389508
20389568
20390118
20390342
20390566
20390598
20390628
20390790
20390852
20391078
20391138
20391302
20391362
20391558
20391588
20391618
20391648
20391812
20391872
20392162
20392164
20392386
20392388
20392612
20392642
20392644
20392672
20392836
20392896
20393072
20393124
20393184
20393296
20393348
20393408
20393552
20393604
20393664
20397152
20397376
20397632
20398189
20398190
20398310
20398413
20398414
20398428
20398444
20398534
20398540
20398548
20398552
20398564
20398637
20398638
20398669
20398670
20398684
20398700
20398758
20398790
20398796
20398804
20398808
20398820
20398861
20398862
20398876
20398892
20398924
20398982
20398988
20398996
20399000
20399012
20399044
20399270
20399330
20399436
20399448
20399494
20399500
20399508
20399512
20399524
20399554
20399556
20399560
20399568
20399692
20399704
20399750
20399756
20399764
20399768
20399778
20399780
20399810
20399812
20399816
20399824
20399884
20399896
20400002
20400004
20400008
20400016
20400354
20400460
20400468
20400578
20400580
20400584
20400592
20400716
20400724
20400802
20400834
20400836
20400840
20400848
20400908
20400916
20401026
20401028
20401032
20401040
20401201
20401202
20401314
20401420
20401425
20401426
20401428
20401432
20401538
20401540
20401544
20401552
20401676
20401681
20401682
20401684
20401688
20401794
20401796
20401800
20401808
20402508
20402628
20402632
20402764
20402884
20402888
20402956
20403076
20403080
20403528
20403588
20403592
20403648
20403784
20403844
20403848
20403904
20403976
20404096
20404548
20404672
20404804
20404928
20404996
20405120
20405281
20405282
20405505
20405506
20405508
20405512
20405520
20405536
20405568
20405632
20405761
20405762
20405764
20405768
20405776
20405792
20405824
20405888
20406380
20406500
20406604
20406724
20406828
20406860
20406948
20406980
20407052
20407172
20407460
20407520
20407684
20407744
20407940
20407968
20408000
20408192
20408544
20408768
20408992
20409024
20409216
20409392
20409504
20409616
20409728
20409872
20409984
20413472
20414812
20414822
20415033
20415068
20415257
20415260
20415270
20415273
20415288
20415302
20415308
20415316
20415320
20415332
20415384
20415428
20415896
20416152
20416280
20416324
20416388
20416392
20416400
20416416
20416448
20416964
20417220
20417304
20417348
20417412
20417416
20417424
20417440
20417472
20417816
20417860
20417924
20417928
20417936
20417952
20417984
20418072
20418116
20418180
20418184
20418192
20418208
20418240
20418432
20418892
20419113
20419148
20419337
20419340
20419352
20419368
20419396
20419400
20419464
20419976
20420232
20420360
20420480
20421384
20421504
20421896
20422016
20422152
20422272
20422758
20422982
20423206
20423209
20423224
20423238
20423268
20423430
20423433
20423448
20423492
20424352
20424576
20425376
20425600
20425888
20426112
20426368
20427304
20427528
20430950
20431174
20431180
20431188
20431192
20431204
20431300
20431398
20431430
20431436
20431444
20431448
20431460
20431556
20431622
20431628
20431636
20431640
20431652
20431684
20431748
20432196
20432260
20432320
20432452
20432516
20432576
20432644
20432768
20433220
20433344
20433476
20433600
20433668
20433792
20434180
20434304
20434436
20434560
20435268
20435272
20435524
20435528
20435716
20435720
20439140
20439364
20439588
20439812
20713948
20714151
20714155
20714157
20714158
20714169
20714183
20714187
20714189
20714190
20714204
20714213
20714217
20714220
20714393
20714396
20714409
20714424
20714444
20714452
20714456
20714835
20714844
20714851
20714866
20714921
20714936
20714968
20715047
20715053
20715054
20715079
20715083
20715085
20715086
20715091
20715100
20715107
20715109
20715113
20715116
20715121
20715143
20715147
20715149
20715150
20715161
20715164
20715171
20715173
20715177
20715178
20715180
20715185
20715192
20715203
20715209
20715210
20715212
20715224
20715233
20715240
20715292
20715331
20715340
20715345
20715346
20715348
20715352
20715361
20715401
20715404
20715409
20715412
20715416
20715425
20715432
20715464
20715472
20715607
20715611
20715613
20715614
20715635
20715719
20715723
20715725
20715726
20715731
20715733
20715734
20715740
20715859
20715868
20715875
20715890
20715980
20715988
20716115
20716124
20716145
20716201
20716209
20716236
20716244
20716316
20716355
20716364
20716369
20716370
20716372
20716376
20716385
20716425
20716428
20716433
20716436
20716440
20716449
20716456
20716488
20716496
20716567
20716574
20716615
20716619
20716621
20716622
20716627
20716629
20716630
20716633
20716634
20716636
20716643
20716657
20716658
20716679
20716683
20716686
20716691
20716694
20716713
20716721
20716739
20716745
20716746
20716748
20716753
20716754
20716756
20716760
20716867
20716876
20716881
20716882
20716884
20716888
20716897
20716961
20716968
20717000
20717008
20717084
20717123
20717132
20717137
20717138
20717140
20717144
20717153
20717193
20717196
20717201
20717204
20717208
20717217
20717224
20717256
20717264
20717448
20722342
20722345
20722346
20722348
20722374
20722378
20722380
20722404
20722408
20723026
20723042
20723096
20723112
20723267
20723270
20723274
20723276
20723282
20723297
20723298
20723300
20723304
20723312
20723334
20723337
20723338
20723340
20723352
20723364
20723368
20723394
20723400
20723424
20723522
20723536
20723552
20723795
20723798
20723802
20723804
20723910
20723914
20723916
20723922
20723924
20724803
20724806
20724810
20724812
20724818
20724820
20724824
20724930
20724936
20724944
20726236
20726246
20726439
20726443
20726445
20726446
20726471
20726475
20726477
20726492
20726501
20726502
20726505
20726508
20726684
20726694
20726726
20726732
20726740
20726744
20726756
20727123
20727132
20727154
20727196
20727206
20727256
20727266
20727339
20727341
20727342
20727347
20727371
20727373
20727379
20727388
20727401
20727404
20727409
20727431
20727435
20727437
20727452
20727459
20727461
20727462
20727466
20727468
20727491
20727497
20727512
20727521
20727522
20727524
20727528
20727571
20727580
20727602
20727628
20727633
20727634
20727636
20727640
20727686
20727692
20727700
20727714
20727716
20727746
20727748
20727752
20727760
20727895
20727899
20727901
20727902
20727923
20728007
20728011
20728013
20728019
20728021
20728022
20728028
20728038
20728147
20728156
20728163
20728166
20728178
20728262
20728268
20728276
20728290
20728292
20728371
20728403
20728412
20728433
20728486
20728532
20728548
20728595
20728604
20728611
20728614
20728626
20728643
20728646
20728652
20728657
20728658
20728660
20728664
20728673
20728674
20728676
20728710
20728716
20728724
20728738
20728740
20728770
20728772
20728776
20728784
20728855
20728859
20728861
20728862
20728883
20728903
20728907
20728909
20728915
20728917
20728918
20728921
20728922
20728924
20728931
20728934
20728945
20728946
20728967
20728971
20728973
20728979
20728981
20728982
20728988
20728998
20729027
20729033
20729041
20729042
20729044
20729048
20729058
20729107
20729116
20729123
20729126
20729138
20729155
20729158
20729164
20729169
20729170
20729172
20729176
20729185
20729186
20729188
20729222
20729228
20729236
20729250
20729252
20729282
20729284
20729288
20729296
20729363
20729372
20729379
20729382
20729394
20729411
20729425
20729426
20729428
20729432
20729441
20729442
20729444
20729492
20729506
20729508
20729552
20729634
20729666
20729668
20729732
20730324
20730328
20730533
20730534
20730537
20730538
20730565
20730566
20730569
20730570
20730572
20730580
20730584
20730596
20730600
20730772
20730776
20730820
20730824
20731217
20731218
20731220
20731224
20731233
20731234
20731248
20731284
20731288
20731344
20731427
20731429
20731430
20731433
20731434
20731441
20731442
20731459
20731461
20731462
20731465
20731466
20731468
20731473
20731474
20731476
20731480
20731489
20731490
20731492
20731496
20731504
20731525
20731526
20731529
20731530
20731532
20731540
20731544
20731553
20731554
20731556
20731560
20731585
20731586
20731588
20731592
20731600
20731616
20731665
20731666
20731668
20731672
20731681
20731682
20731696
20731713
20731714
20731716
20731720
20731728
20731744
20731780
20731784
20731792
20731840
20731987
20731989
20731990
20731993
20731994
20731996
20732017
20732018
20732101
20732102
20732105
20732106
20732108
20732113
20732114
20732116
20732120
20732241
20732242
20732244
20732248
20732257
20732258
20732272
20732356
20732360
20732368
20732465
20732466
20732497
20732498
20732500
20732504
20732528
20732612
20732616
20732624
20732689
20732690
20732692
20732696
20732705
20732706
20732720
20732737
20732738
20732740
20732744
20732752
20732768
20732804
20732808
20732816
20732864
20732947
20732949
20732950
20732953
20732954
20732956
20732977
20732978
20732995
20732997
20732998
20733001
20733002
20733004
20733009
20733010
20733012
20733016
20733025
20733026
20733061
20733062
20733065
20733066
20733068
20733073
20733074
20733076
20733080
20733121
20733122
20733124
20733128
20733136
20733201
20733202
20733204
20733208
20733217
20733218
20733232
20733249
20733250
20733252
20733256
20733264
20733280
20733316
20733320
20733328
20733376
20733457
20733458
20733460
20733464
20733473
20733474
20733488
20733505
20733506
20733508
20733512
20733520
20733536
20733572
20733576
20733584
20733632
20733712
20733760
20734436
20734629
20734630
20734633
20734636
20734661
20734665
20734692
20734884
20734916
20735313
20735344
20735396
20735456
20735529
20735532
20735537
20735561
20735569
20735621
20735625
20735649
20735650
20735652
20735656
20735681
20735712
20735761
20735792
20735824
20735876
20735904
20735936
20736083
20736085
20736089
20736092
20736113
20736197
20736201
20736209
20736212
20736228
20736337
20736353
20736354
20736356
20736368
20736452
20736480
20736561
20736593
20736676
20736785
20736801
20736802
20736804
20736816
20736833
20736834
20736836
20736848
20736864
20736900
20736928
20736960
20737043
20737045
20737049
20737052
20737073
20737091
20737093
20737097
20737105
20737106
20737108
20737112
20737121
20737122
20737124
20737136
20737157
20737161
20737169
20737172
20737188
20737217
20737232
20737248
20737297
20737313
20737314
20737316
20737328
20737345
20737346
20737348
20737360
20737376
20737412
20737440
20737472
20737553
20737569
20737570
20737572
20737584
20737601
20737602
20737616
20737632
20737696
20737824
20737856
20738724
20738728
20738756
20738760
20739408
20739424
20739617
20739618
20739620
20739624
20739632
20739649
20739650
20739652
20739656
20739664
20739680
20739716
20739720
20739744
20739776
20739856
20739872
20739904
20740177
20740178
20740180
20740184
20740208
20740292
20740296
20740304
20740432
20740448
20740656
20740688
20740880
20740896
20740928
20741137
20741138
20741140
20741144
20741168
20741185
20741186
20741188
20741192
20741200
20741216
20741252
20741256
20741264
20741312
20741392
20741408
20741440
20741648
20741664
20741696
20746921
20746956
20747160
20747817
20747852
20747913
20747916
20747928
20747937
20747944
20747976
20748056
20748168
20748176
20748380
20748492
20748500
20749080
20749192
20749200
20749388
20749396
20749400
20749512
20749520
20749848
20749960
20749968
20751014
20751017
20751076
20751910
20751913
20751972
20752009
20752033
20752034
20752036
20752040
20752096
20752288
20753312
20753433
20753545
20753553
20753824
20754080
20755112
20756008
20756104
20756128
20757528
20757640
20757648
20759206
20759268
20759492
20760102
20760164
20760226
20760228
20760288
20760388
20760452
20760512
20760668
20760788
20761028
20761412
20761476
20761536
20761628
20761684
20761688
20761748
20761808
20761924
20761988
20762048
20763332
20763336
20764228
20764232
20764292
20764296
20764352
20764756
20764760
20764868
20764872
20764880
20765716
20765720
20765764
20765768
20765828
20765832
20765840
20765888
20767396
20768292
20768416
20791495
20791499
20791501
20791509
20791510
20791513
20791514
20791516
20791526
20791750
20791756
20791764
20791768
20791780
20791974
20792020
20792024
20792036
20792198
20792204
20792260
20792391
20792395
20792397
20792403
20792405
20792406
20792409
20792410
20792412
20792419
20792422
20792433
20792434
20792455
20792459
20792461
20792469
20792470
20792473
20792474
20792476
20792486
20792515
20792521
20792529
20792530
20792532
20792536
20792546
20792643
20792646
20792652
20792657
20792658
20792660
20792664
20792673
20792674
20792676
20792710
20792716
20792724
20792728
20792740
20792770
20792772
20792776
20792784
20792899
20792913
20792914
20792916
20792920
20792929
20792930
20792932
20792980
20792984
20792996
20793040
20793154
20793156
20793220
20793415
20793419
20793421
20793427
20793429
20793430
20793433
20793434
20793436
20793446
20793539
20793545
20793553
20793554
20793556
20793560
20793570
20793670
20793676
20793794
20793796
20793800
20794435
20794450
20794452
20794456
20794576
20794692
20795589
20795590
20795593
20795594
20795596
20795604
20795608
20795844
20795848
20796100
20796104
20796292
20796296
20796483
20796485
20796486
20796489
20796490
20796492
20796497
20796498
20796500
20796504
20796513
20796514
20796549
20796550
20796553
20796554
20796556
20796564
20796568
20796609
20796610
20796616
20796624
20796737
20796738
20796740
20796744
20796752
20796768
20796804
20796808
20796864
20796961
20796962
20796993
20796994
20796996
20797000
20797008
20797024
20797060
20797064
20797120
20797185
20797186
20797188
20797192
20797200
20797216
20797248
20797312
20797507
20797509
20797510
20797513
20797514
20797516
20797521
20797522
20797524
20797528
20797537
20797538
20797633
20797634
20797636
20797640
20797648
20797761
20797762
20797764
20797768
20797776
20797792
20797888
20797985
20797986
20798017
20798018
20798020
20798024
20798032
20798048
20798144
20798209
20798210
20798212
20798216
20798224
20798240
20798272
20798336
20798467
20798469
20798470
20798473
20798474
20798476
20798481
20798482
20798484
20798488
20798497
20798498
20798529
20798530
20798532
20798536
20798544
20798593
20798594
20798596
20798600
20798608
20798656
20798721
20798722
20798724
20798728
20798736
20798752
20798784
20798848
20798977
20798978
20798980
20798984
20798992
20799008
20799040
20799104
20803784
20804673
20804674
20804680
20804688
20804704
20804928
20805184
20805697
20805698
20805700
20805704
20805824
20806720
20807900
20808600
20808644
20808796
20808920
20809368
20809496
20809540
20809604
20809608
20809616
20809632
20809664
20809820
20809940
20810180
20810520
20810564
20810628
20810632
20810640
20810656
20810688
20810836
20810840
20810960
20811076
20811168
20811200
20811288
20811408
20811424
20811648
20811980
20812680
20812876
20813000
20813448
20813576
20813696
20813900
20814020
20814600
20814720
20814916
20814920
20815040
20815368
20815488
20816070
20816966
20817030
20817033
20817048
20817090
20817568
20817792
20817990
20818114
20818116
20818592
20818816
20818950
20818953
20818968
20819012
20819073
20819074
20819076
20819080
20819088
20819104
20819136
20819328
20819584
20823048
20823168
20824276
20824280
20824516
20824964
20825172
20825176
20825236
20825240
20825296
20825412
20825476
20825536
20825860
20825984
20826196
20826200
20826320
20826436
20826560
20826884
20827008
20827156
20827160
20827280
20827396
20827520
20828360
20829256
20830276
20830280
20830400
20831236
20831240
20831360
20834372
20834496
20835332
20835456
20878984
20890308
20891204
20891268
20891328
22103387
22103390
22103403
22103405
22103406
22103418
22103420
22103507
22103514
22103523
22103526
22103529
22103530
22103538
22103544
22103611
22103613
22103614
22103643
22103646
22103673
22103676
22103703
22103707
22103710
22103731
22103733
22103738
22103740
22103763
22103770
22103793
22103800
22103835
22103838
22103851
22103853
22103854
22103866
22103868
22103883
22103886
22103898
22103913
22103916
22103928
22103943
22103947
22103950
22103955
22103958
22103971
22103973
22103974
22103978
22103980
22103986
22103988
22104003
22104006
22104010
22104018
22104033
22104034
22104036
22104040
22104048
22104407
22104414
22104429
22104430
22104438
22104444
22104519
22104523
22104526
22104531
22104534
22104547
22104549
22104550
22104554
22104556
22104562
22104564
22104663
22104670
22104693
22104700
22104743
22104747
22104749
22104750
22104755
22104757
22104758
22104775
22104779
22104787
22104790
22104805
22104806
22104809
22104812
22104817
22104820
22104910
22104918
22104940
22104948
22104967
22104971
22104974
22104979
22104982
22104995
22104997
22104998
22105002
22105004
22105010
22105012
22105027
22105030
22105034
22105042
22105057
22105058
22105060
22105064
22105072
22105419
22105422
22105427
22105430
22105434
22105449
22105452
22105457
22105458
22105460
22105464
22105539
22105542
22105546
22105554
22105569
22105570
22105572
22105576
22105584
22105623
22105627
22105630
22105643
22105645
22105646
22105651
22105654
22105658
22105660
22105675
22105683
22105686
22105690
22105705
22105708
22105713
22105714
22105716
22105720
22105735
22105739
22105747
22105750
22105763
22105765
22105766
22105770
22105772
22105778
22105780
22105795
22105810
22105825
22105826
22105828
22105832
22105840
22105875
22105906
22105938
22105968
22105990
22106018
22106020
22106050
22106080
22107498
22107500
22107587
22107594
22107618
22107624
22107691
22107693
22107694
22107723
22107726
22107753
22107756
22107783
22107787
22107790
22107811
22107813
22107818
22107820
22107843
22107850
22107873
22107880
22107915
22107918
22107946
22107948
22107978
22108008
22108035
22108038
22108066
22108068
22108098
22108128
22108487
22108494
22108518
22108524
22108611
22108614
22108642
22108644
22108773
22108780
22108835
22108837
22108838
22108867
22108870
22108897
22108900
22108998
22109028
22109059
22109062
22109090
22109092
22109122
22109152
22109507
22109510
22109514
22109522
22109537
22109538
22109540
22109544
22109552
22109634
22109664
22109703
22109707
22109710
22109715
22109731
22109734
22109738
22109740
22109746
22109763
22109766
22109770
22109778
22109793
22109794
22109796
22109800
22109808
22109827
22109830
22109858
22109860
22109890
22109920
22109955
22109986
22110018
22110048
22111654
22111683
22111686
22111689
22111690
22111698
22111704
22111714
22111787
22111789
22111790
22111802
22111804
22111819
22111821
22111822
22111834
22111836
22111849
22111852
22111864
22111879
22111883
22111885
22111886
22111894
22111898
22111900
22111907
22111909
22111910
22111914
22111916
22111922
22111924
22111939
22111942
22111945
22111946
22111954
22111960
22111969
22111970
22111972
22111976
22111984
22112011
22112013
22112014
22112026
22112028
22112073
22112076
22112088
22112131
22112133
22112134
22112138
22112140
22112146
22112148
22112162
22112164
22112193
22112194
22112196
22112200
22112208
22112224
22112589
22112590
22112598
22112604
22112675
22112677
22112678
22112682
22112684
22112690
22112692
22112707
22112709
22112710
22112714
22112716
22112722
22112724
22112738
22112740
22112876
22112884
22112931
22112933
22112934
22112938
22112940
22112946
22112948
22112963
22112965
22112966
22112978
22112980
22112993
22112994
22112996
22113000
22113008
22113100
22113108
22113155
22113157
22113158
22113162
22113164
22113170
22113172
22113186
22113188
22113217
22113218
22113220
22113224
22113232
22113248
22113586
22113609
22113612
22113617
22113618
22113620
22113624
22113648
22113698
22113700
22113729
22113730
22113732
22113736
22113744
22113760
22113803
22113805
22113806
22113811
22113814
22113818
22113820
22113842
22113865
22113868
22113873
22113874
22113876
22113880
22113904
22113923
22113925
22113926
22113930
22113932
22113938
22113940
22113954
22113956
22113985
22113986
22113988
22113992
22114000
22114016
22114066
22114128
22114178
22114180
22114240
22115778
22115784
22115882
22115884
22115914
22115916
22115944
22115974
22115978
22115980
22116002
22116004
22116034
22116040
22116064
22116106
22116108
22116168
22116226
22116228
22116288
22116678
22116684
22116770
22116772
22116802
22116804
22116964
22117026
22117028
22117088
22117188
22117250
22117252
22117312
22117666
22117697
22117698
22117700
22117704
22117712
22117728
22117824
22117891
22117894
22117898
22117900
22117906
22117922
22117953
22117954
22117956
22117960
22117968
22117984
22118018
22118020
22118080
22118146
22118208
22128038
22128098
22128167
22128171
22128174
22128182
22128186
22128199
22128203
22128205
22128206
22128214
22128218
22128220
22128229
22128230
22128233
22128236
22128244
22128248
22128263
22128267
22128270
22128278
22128282
22128291
22128294
22128298
22128306
22128323
22128326
22128329
22128330
22128338
22128344
22128353
22128354
22128356
22128360
22128368
22128391
22128395
22128398
22128406
22128410
22128422
22128453
22128454
22128457
22128460
22128468
22128472
22128484
22128515
22128518
22128522
22128530
22128546
22128577
22128578
22128580
22128584
22128592
22128608
22128998
22129062
22129122
22129124
22129253
22129254
22129257
22129260
22129268
22129272
22129318
22129377
22129378
22129380
22129384
22129392
22129477
22129478
22129481
22129484
22129492
22129496
22129508
22129542
22129601
22129602
22129604
22129608
22129616
22129632
22129958
22130020
22130082
22130144
22130183
22130187
22130190
22130198
22130202
22130214
22130245
22130246
22130249
22130252
22130260
22130264
22130276
22130307
22130310
22130314
22130322
22130338
22130369
22130370
22130372
22130376
22130384
22130400
22130438
22130500
22130562
22130624
22132262
22132266
22132294
22132298
22132300
22132324
22132328
22132358
22132362
22132386
22132418
22132424
22132448
22132486
22132490
22132548
22132552
22132610
22132672
22133348
22133352
22133472
22133572
22133576
22133696
22134278
22134282
22134340
22134344
22134402
22134464
22136290
22136371
22136377
22136378
22136403
22136410
22136433
22136440
22136467
22136474
22136497
22136504
22136595
22136602
22136611
22136614
22136617
22136618
22136626
22136632
22136643
22136646
22136650
22136658
22136673
22136674
22136676
22136680
22136688
22136707
22136710
22136714
22136722
22136737
22136738
22136740
22136744
22136752
22136770
22136800
22137171
22137178
22137187
22137190
22137193
22137194
22137202
22137208
22137283
22137286
22137290
22137298
22137313
22137314
22137316
22137320
22137328
22137457
22137464
22137569
22137570
22137572
22137576
22137584
22137667
22137670
22137674
22137682
22137697
22137698
22137700
22137704
22137712
22137731
22137734
22137738
22137746
22137761
22137762
22137764
22137768
22137776
22137794
22137824
22138179
22138182
22138186
22138194
22138209
22138210
22138212
22138216
22138224
22138306
22138336
22138387
22138394
22138403
22138406
22138409
22138410
22138418
22138424
22138435
22138450
22138465
22138466
22138468
22138472
22138480
22138499
22138514
22138529
22138530
22138532
22138536
22138544
22138592
22138658
22138690
22138720
22138754
22138784
22140451
22140457
22140458
22140483
22140490
22140513
22140520
22140547
22140554
22140577
22140584
22140675
22140682
22140706
22140712
22140738
22140768
22140802
22140832
22141251
22141258
22141282
22141288
22141378
22141408
22141664
22141762
22141792
22141826
22141856
22142274
22142304
22142467
22142474
22142498
22142504
22142530
22142560
22142594
22142624
22144547
22144550
22144553
22144554
22144562
22144568
22144579
22144582
22144585
22144586
22144594
22144600
22144609
22144610
22144612
22144616
22144624
22144643
22144646
22144649
22144650
22144658
22144664
22144673
22144674
22144676
22144680
22144688
22144706
22144736
22144771
22144774
22144777
22144778
22144786
22144792
22144802
22144833
22144834
22144836
22144840
22144848
22144864
22144897
22144898
22144900
22144904
22144912
22144928
22144960
22145347
22145350
22145353
22145354
22145362
22145368
22145378
22145442
22145444
22145473
22145474
22145476
22145480
22145488
22145504
22145760
22145857
22145858
22145860
22145864
22145872
22145888
22145921
22145922
22145924
22145928
22145936
22145952
22145984
22146338
22146369
22146370
22146372
22146376
22146384
22146400
22146464
22146496
22146563
22146566
22146569
22146570
22146578
22146584
22146594
22146625
22146626
22146628
22146632
22146640
22146656
22146689
22146690
22146692
22146696
22146704
22146720
22146752
22146818
22146880
22146944
22148642
22148648
22148674
22148680
22148704
22148738
22148744
22148768
22148866
22148872
22148928
22148992
22149442
22149448
22149568
22149952
22150016
22150464
22150658
22150664
22150720
22150784
22172508
22172572
22172620
22172628
22172632
22173020
22173084
22173144
22173468
22173528
22173580
22173588
22173640
22173648
22174300
22174412
22174420
22174540
22174548
22174604
22174612
22174664
22174672
22174771
22174819
22174833
22174834
22174995
22175004
22175011
22175026
22175043
22175052
22175057
22175058
22175060
22175064
22175073
22175088
22175116
22175124
22175176
22175184
22175251
22175260
22175267
22175282
22175299
22175308
22175313
22175314
22175316
22175320
22175329
22175344
22175372
22175380
22175432
22175440
22175568
22176678
22176710
22176740
22177250
22177670
22177698
22177700
22177730
22177760
22178470
22178502
22178532
22178694
22178722
22178724
22178754
22178784
22178867
22178929
22178930
22178982
22179042
22179091
22179122
22179153
22179154
22179184
22179206
22179234
22179236
22179266
22179296
22179347
22179378
22179409
22179410
22179440
22179462
22179490
22179492
22179522
22179552
22182962
22183010
22183024
22183186
22183202
22183234
22183248
22183264
22183442
22183458
22183490
22183504
22183520
22188871
22188875
22188878
22188886
22188890
22188901
22188905
22188908
22188916
22188920
22189865
22189880
22189985
22189992
22190000
22191657
22191672
22191777
22191784
22191792
22192971
22192973
22192974
22192981
22192982
22192985
22192986
22193001
22193004
22193012
22193016
22193062
22193094
22193124
22193634
22193945
22193961
22193976
22194054
22194057
22194065
22194081
22194082
22194084
22194088
22194096
22194114
22194144
22194854
22194886
22194916
22195014
22195044
22195078
22195108
22195138
22195168
22195302
22195366
22195426
22195494
22195526
22195556
22195590
22195618
22195650
22195680
22195737
22195750
22195753
22195768
22195782
22195812
22195846
22195849
22195857
22195873
22195874
22195876
22195880
22195888
22195906
22195936
22196128
22197062
22197066
22197068
22197076
22197080
22197092
22197096
22198040
22198056
22198152
22198160
22198176
22199832
22199848
22199944
22199952
22199968
22205257
22205258
22205260
22205265
22205266
22205268
22205272
22205288
22205296
22205336
22205384
22205392
22206232
22206280
22206288
22206344
22206352
22207064
22207176
22207184
22207304
22207312
22207368
22207376
22207768
22207816
22207824
22207880
22207888
22208024
22208072
22208080
22208136
22208144
22209353
22209354
22209361
22209362
22209384
22209392
22209442
22209474
22209504
22210434
22210464
22211234
22211266
22211296
22211394
22211424
22211458
22211488
22211682
22211746
22211874
22211906
22211936
22211970
22212000
22212130
22212162
22212192
22212226
22212256
22213448
22213456
22233820
22233933
22233934
22233948
22233964
22234012
22234022
22234054
22234060
22234068
22234072
22234084
22234460
22234524
22234534
22234584
22234594
22234716
22234780
22234840
22234908
22234956
22234968
22235014
22235020
22235028
22235042
22235044
22235074
22235076
22235080
22235088
22235104
22235366
22235484
22235527
22235531
22235533
22235534
22235539
22235541
22235542
22235548
22235555
22235557
22235558
22235562
22235564
22235570
22235572
22235590
22235596
22235604
22235618
22235620
22235740
22235814
22235846
22235852
22235860
22235876
22235980
22235988
22236038
22236044
22236052
22236066
22236068
22236098
22236100
22236104
22236112
22236128
22236211
22236273
22236274
22236326
22236386
22236435
22236444
22236466
22236492
22236497
22236498
22236500
22236504
22236528
22236550
22236556
22236564
22236578
22236580
22236610
22236612
22236616
22236624
22236640
22236691
22236700
22236722
22236748
22236753
22236754
22236756
22236760
22236784
22236806
22236812
22236820
22236834
22236836
22236866
22236868
22236872
22236880
22236896
22237008
22237060
22237120
22237900
22238028
22238092
22238148
22238152
22238540
22238604
22238664
22238796
22238860
22238920
22238988
22239048
22239108
22239168
22239564
22239619
22239621
22239622
22239628
22239636
22239650
22239652
22239684
22239820
22239940
22240068
22240132
22240192
22240291
22240353
22240354
22240515
22240524
22240546
22240577
22240578
22240580
22240584
22240592
22240608
22240644
22240704
22240771
22240780
22240802
22240833
22240834
22240836
22240840
22240848
22240864
22240900
22240960
22241088
22241958
22241990
22242020
22242124
22242182
22242244
22242470
22242530
22242694
22242754
22242950
22242978
22242980
22243010
22243040
22243202
22243204
22243264
22243554
22243556
22243715
22243717
22243718
22243722
22243724
22243730
22243732
22243746
22243748
22243778
22243780
22244002
22244004
22244034
22244036
22244064
22244226
22244228
22244288
22244402
22244464
22244514
22244516
22244576
22244626
22244688
22244738
22244740
22244800
22244882
22244944
22244994
22244996
22245056
22247810
22247812
22248482
22248544
22248706
22248768
22248962
22249024
22250311
22250315
22250318
22250326
22250330
22250341
22250342
22250345
22250348
22250356
22250360
22250406
22250438
22250468
22250854
22250978
22251065
22251185
22251192
22251302
22251305
22251320
22251334
22251364
22251398
22251425
22251426
22251428
22251432
22251440
22251458
22251488
22251750
22251878
22251974
22252002
22252004
22252198
22252230
22252260
22252358
22252388
22252422
22252452
22252482
22252512
22252646
22252770
22252870
22252900
22252994
22253024
22253094
22253097
22253112
22253126
22253156
22253190
22253217
22253218
22253220
22253224
22253232
22253250
22253280
22253472
22254406
22254410
22254436
22254440
22255145
22255265
22255272
22255400
22255520
22257192
22257312
22258342
22258374
22258404
22258501
22258502
22258505
22258508
22258516
22258520
22258532
22258566
22258628
22258790
22258854
22258914
22259014
22259078
22259138
22259238
22259241
22259256
22259270
22259300
22259334
22259337
22259352
22259361
22259362
22259364
22259368
22259376
22259394
22259424
22259462
22259465
22259480
22259524
22259585
22259586
22259588
22259592
22259600
22259616
22259648
22259814
22259938
22259940
22260038
22260102
22260162
22260164
22260294
22260324
22260388
22260418
22260420
22260448
22260548
22260612
22260672
22260774
22260836
22260898
22260960
22260998
22261060
22261122
22261184
22261254
22261257
22261272
22261316
22261377
22261378
22261380
22261384
22261392
22261408
22261440
22261632
22262596
22262600
22263336
22263432
22263456
22263560
22263680
22265352
22265472
22266584
22266691
22266694
22266697
22266698
22266700
22266705
22266706
22266708
22266712
22266721
22266722
22266724
22266728
22266736
22266776
22266786
22266818
22266820
22266824
22266832
22266848
22267224
22267234
22267288
22267298
22267480
22267544
22267672
22267682
22267714
22267716
22267720
22267728
22267744
22267778
22267780
22267784
22267792
22267808
22267840
22268130
22268248
22268258
22268291
22268294
22268297
22268298
22268300
22268305
22268306
22268308
22268312
22268321
22268322
22268324
22268328
22268336
22268354
22268356
22268360
22268368
22268384
22268504
22268578
22268610
22268612
22268616
22268624
22268640
22268738
22268740
22268744
22268752
22268768
22268802
22268804
22268808
22268816
22268832
22268864
22269026
22269090
22269208
22269218
22269250
22269252
22269256
22269264
22269280
22269314
22269316
22269320
22269328
22269344
22269376
22269464
22269474
22269506
22269508
22269512
22269520
22269536
22269570
22269572
22269576
22269584
22269600
22269632
22269760
22269824
22270664
22270785
22270786
22270788
22270792
22270800
22270816
22270856
22270912
22271304
22271368
22271560
22271624
22271752
22271808
22271872
22272328
22272385
22272386
22272388
22272392
22272400
22272416
22272448
22272584
22272704
22272832
22272896
22273288
22273344
22273408
22273544
22273600
22273664
22274722
22274754
22274784
22274881
22274882
22274884
22274888
22274896
22274912
22274946
22275008
22275170
22275234
22275394
22275458
22275618
22275650
22275680
22275714
22275744
22275842
22275904
22275968
22276194
22276320
22276418
22276481
22276482
22276484
22276488
22276496
22276512
22276544
22276674
22276704
22276768
22276800
22276928
22276992
22277154
22277216
22277280
22277378
22277440
22277504
22277634
22277696
22277760
22304348
22304391
22304395
22304397
22304398
22304412
22304419
22304421
22304426
22304428
22304451
22304457
22304458
22304460
22304472
22304481
22304488
22304540
22304600
22304652
22304660
22304712
22304720
22305107
22305123
22305138
22305331
22305363
22305372
22305393
22305484
22305492
22305555
22305564
22305571
22305586
22305603
22305612
22305617
22305618
22305620
22305624
22305633
22305648
22305676
22305684
22305736
22305744
22306067
22306083
22306098
22306115
22306130
22306145
22306160
22306323
22306332
22306339
22306354
22306371
22306380
22306385
22306386
22306388
22306392
22306401
22306416
22306444
22306452
22306504
22306512
22306640
22308262
22308322
22308487
22308491
22308493
22308515
22308517
22308518
22308522
22308524
22308547
22308553
22308577
22308578
22308580
22308584
22308742
22308770
22308772
22308802
22308832
22309203
22309318
22309346
22309348
22309427
22309489
22309542
22309604
22309713
22309766
22309794
22309796
22309826
22309856
22310163
22310194
22310225
22310226
22310256
22310278
22310306
22310308
22310338
22310368
22310419
22310450
22310481
22310482
22310512
22310562
22310564
22310624
22312582
22312586
22312588
22312610
22312612
22312642
22312648
22312672
22313298
22313314
22313584
22313794
22313808
22313824
22314258
22314274
22314306
22314320
22314336
22314514
22314530
22314562
22314576
22314592
22320679
22320683
22320686
22320711
22320715
22320717
22320718
22320732
22320741
22320745
22320748
22320775
22320779
22320782
22320803
22320810
22320835
22320841
22320842
22320844
22320856
22320865
22320872
22320972
22320980
22320984
22321096
22321104
22321868
22321876
22321996
22322004
22322008
22322120
22322128
22322764
22322772
22322776
22322888
22322896
22324646
22324664
22324706
22324779
22324781
22324782
22324793
22324811
22324813
22324841
22324844
22324871
22324875
22324877
22324889
22324899
22324901
22324902
22324905
22324906
22324908
22324913
22324920
22324931
22324937
22324961
22324962
22324964
22324968
22325017
22325033
22325048
22325126
22325129
22325137
22325153
22325154
22325156
22325160
22325168
22325186
22325216
22325606
22325702
22325730
22325732
22325926
22325937
22325988
22326041
22326054
22326057
22326072
22326086
22326116
22326150
22326153
22326161
22326177
22326178
22326180
22326184
22326192
22326210
22326240
22326553
22326566
22326569
22326584
22326598
22326628
22326662
22326665
22326673
22326689
22326690
22326692
22326696
22326704
22326722
22326752
22326809
22326822
22326825
22326840
22326884
22326921
22326929
22326945
22326946
22326948
22326952
22326960
22327008
22327200
22328870
22328873
22328874
22328876
22328888
22328902
22328906
22328908
22328932
22328936
22328966
22328969
22328970
22328972
22328984
22328993
22328994
22328996
22329000
22329008
22329026
22329032
22329056
22329112
22329128
22329224
22329232
22329248
22330032
22330136
22330152
22330248
22330256
22330272
22330648
22330664
22330760
22330768
22330784
22330904
22330920
22331016
22331024
22331040
22337065
22337066
22337097
22337098
22337100
22337112
22337128
22337155
22337161
22337162
22337164
22337185
22337192
22337224
22337304
22337352
22337360
22337416
22337424
22338256
22338328
22338376
22338384
22338440
22338448
22339144
22339152
22341161
22341162
22341193
22341224
22341251
22341257
22341281
22341282
22341284
22341288
22341344
22341506
22341536
22341986
22342082
22342112
22342434
22342466
22342496
22342530
22342560
22342946
22342978
22343008
22343042
22343072
22343202
22343264
22343328
22345256
22345288
22345346
22345352
22345376
22364255
22364283
22364285
22364286
22364375
22364379
22364382
22364507
22364510
22364523
22364525
22364526
22364538
22364540
22364646
22364733
22364734
22364763
22364765
22364766
22364793
22364796
22364892
22364957
22364958
22364973
22364974
22364988
22365003
22365005
22365006
22365017
22365018
22365020
22365033
22365036
22365048
22365084
22365094
22365126
22365132
22365140
22365144
22365156
22365275
22365278
22365395
22365402
22365606
22365666
22365788
22365912
22365980
22366028
22366040
22366086
22366092
22366100
22366114
22366116
22366146
22366148
22366152
22366160
22366176
22366295
22366299
22366302
22366323
22366407
22366411
22366419
22366422
22366438
22366547
22366578
22366662
22366690
22366692
22366803
22366812
22366833
22366886
22366932
22366948
22367004
22367052
22367057
22367058
22367060
22367064
22367088
22367110
22367116
22367124
22367138
22367140
22367170
22367172
22367176
22367184
22367200
22367283
22367307
22367315
22367318
22367322
22367345
22367346
22367398
22367427
22367442
22367458
22367507
22367538
22367570
22367600
22367622
22367650
22367652
22367682
22367712
22367763
22367794
22367825
22367826
22367828
22367832
22367856
22367906
22367908
22367952
22367968
22368080
22368132
22368335
22368347
22368350
22368363
22368365
22368366
22368455
22368459
22368462
22368587
22368590
22368618
22368620
22368813
22368814
22368843
22368845
22368846
22368860
22368873
22368876
22368972
22369037
22369038
22369052
22369068
22369097
22369098
22369100
22369112
22369128
22369164
22369220
22369224
22369355
22369358
22369475
22369482
22369868
22369992
22370060
22370120
22370180
22370240
22370375
22370379
22370382
22370387
22370403
22370499
22370502
22370627
22370658
22370883
22370892
22370913
22371012
22371084
22371137
22371138
22371140
22371144
22371152
22371168
22371204
22371264
22371363
22371395
22371398
22371402
22371410
22371425
22371426
22371522
22371587
22371618
22371650
22371680
22371843
22371874
22371905
22371906
22371908
22371912
22371920
22371936
22372032
22372160
22372431
22372443
22372445
22372446
22372459
22372461
22372462
22372474
22372476
22372551
22372555
22372557
22372558
22372566
22372570
22372572
22372582
22372683
22372685
22372686
22372698
22372700
22372806
22372909
22372910
22372924
22372939
22372941
22372942
22372954
22372956
22372969
22372972
22372984
22373030
22373062
22373092
22373133
22373134
22373148
22373193
22373196
22373208
22373254
22373316
22373451
22373453
22373454
22373466
22373468
22373511
22373515
22373517
22373518
22373526
22373530
22373532
22373542
22373571
22373574
22373577
22373578
22373586
22373592
22373602
22373766
22373826
22374022
22374050
22374052
22374082
22374112
22374274
22374276
22374336
22374475
22374477
22374478
22374483
22374486
22374490
22374492
22374514
22374595
22374597
22374598
22374602
22374604
22374610
22374612
22374626
22374628
22374738
22374850
22374852
22374994
22375024
22375074
22375076
22375106
22375108
22375136
22375248
22375298
22375300
22375360
22375435
22375437
22375438
22375443
22375446
22375450
22375452
22375474
22375497
22375500
22375505
22375506
22375508
22375512
22375536
22375555
22375557
22375558
22375562
22375564
22375570
22375572
22375586
22375588
22375617
22375618
22375620
22375624
22375632
22375648
22375698
22375760
22375810
22375812
22375872
22375954
22376016
22376066
22376068
22376128
22376523
22376525
22376526
22376538
22376540
22376554
22376556
22376646
22376650
22376652
22376778
22376780
22377004
22377034
22377036
22377064
22377228
22377288
22377546
22377548
22377606
22377610
22377612
22377666
22377672
22378563
22378566
22378570
22378572
22378578
22378594
22378690
22378692
22378818
22379074
22379104
22379328
22379523
22379526
22379530
22379532
22379538
22379554
22379585
22379586
22379588
22379592
22379600
22379616
22379650
22379652
22379712
22379778
22379840
22380034
22380096
22380663
22380667
22380669
22380670
22380903
22380907
22380909
22380910
22380918
22380922
22380924
22381030
22381111
22381115
22381118
22381143
22381147
22381149
22381150
22381173
22381177
22381180
22381276
22381335
22381339
22381342
22381351
22381355
22381358
22381366
22381370
22381383
22381387
22381389
22381390
22381397
22381398
22381401
22381402
22381404
22381413
22381414
22381417
22381420
22381428
22381432
22381478
22381510
22381516
22381524
22381528
22381540
22381926
22381990
22382050
22382172
22382296
22382374
22382406
22382412
22382420
22382424
22382436
22382470
22382498
22382530
22382532
22382536
22382544
22382560
22382822
22382950
22383074
22383076
22383196
22383270
22383316
22383332
22383398
22383430
22383436
22383444
22383448
22383460
22383494
22383522
22383554
22383556
22383560
22383568
22383584
22383718
22383782
22383842
22383910
22383972
22384034
22384096
22384166
22384212
22384216
22384228
22384290
22384336
22384352
22384452
22384743
22384747
22384749
22384750
22384998
22385002
22385004
22385191
22385195
22385198
22385223
22385227
22385229
22385230
22385244
22385253
22385257
22385260
22385356
22385415
22385419
22385422
22385446
22385450
22385477
22385478
22385481
22385482
22385484
22385492
22385496
22385508
22385512
22385604
22385608
22386252
22386376
22386500
22386504
22386624
22387276
22387396
22387524
22387528
22387648
22388292
22388296
22388416
22388815
22388823
22388827
22388829
22388830
22388839
22388843
22388845
22388846
22388854
22388858
22388860
22388935
22388939
22388941
22388942
22388950
22388954
22388956
22388966
22389063
22389067
22389069
22389070
22389078
22389082
22389084
22389094
22389190
22389287
22389291
22389293
22389294
22389302
22389305
22389306
22389308
22389319
22389323
22389325
22389326
22389334
22389338
22389340
22389349
22389350
22389353
22389356
22389364
22389368
22389414
22389417
22389432
22389446
22389476
22389511
22389515
22389517
22389518
22389526
22389529
22389530
22389532
22389542
22389545
22389560
22389573
22389574
22389577
22389580
22389588
22389592
22389604
22389638
22389641
22389656
22389700
22389831
22389835
22389837
22389838
22389846
22389850
22389852
22389862
22389895
22389899
22389901
22389902
22389910
22389913
22389914
22389916
22389926
22389929
22389944
22389955
22389958
22389961
22389962
22389970
22389976
22389986
22390086
22390150
22390153
22390168
22390210
22390310
22390313
22390328
22390342
22390372
22390406
22390409
22390424
22390433
22390434
22390436
22390440
22390448
22390466
22390496
22390534
22390537
22390552
22390596
22390657
22390658
22390660
22390664
22390672
22390688
22390720
22390855
22390859
22390861
22390862
22390870
22390874
22390876
22390886
22390979
22390981
22390982
22390986
22390988
22390994
22390996
22391010
22391012
22391110
22391234
22391236
22391334
22391337
22391352
22391366
22391396
22391457
22391458
22391460
22391464
22391472
22391490
22391492
22391520
22391558
22391561
22391576
22391620
22391681
22391682
22391684
22391688
22391696
22391712
22391744
22391815
22391819
22391821
22391822
22391830
22391833
22391834
22391836
22391846
22391849
22391864
22391877
22391878
22391881
22391884
22391892
22391896
22391908
22391939
22391941
22391942
22391945
22391946
22391948
22391953
22391954
22391956
22391960
22391969
22391970
22391972
22391976
22391984
22392001
22392002
22392004
22392008
22392016
22392032
22392070
22392073
22392088
22392132
22392193
22392194
22392196
22392200
22392208
22392224
22392256
22392326
22392329
22392344
22392388
22392449
22392450
22392452
22392456
22392464
22392480
22392512
22392704
22392903
22392907
22392909
22392910
22392918
22392922
22392924
22392934
22392938
22392940
22393030
22393034
22393036
22393158
22393162
22393164
22393382
22393385
22393386
22393388
22393400
22393414
22393418
22393420
22393444
22393448
22393512
22393606
22393609
22393610
22393612
22393624
22393640
22393668
22393672
22393736
22393926
22393930
22393932
22393990
22393993
22393994
22393996
22394008
22394024
22394050
22394056
22394248
22394408
22394504
22394528
22394632
22394752
22394950
22394954
22394956
22395074
22395076
22395432
22395552
22395656
22395776
22395910
22395913
22395914
22395916
22395928
22395944
22395972
22395976
22396033
22396034
22396036
22396040
22396048
22396064
22396096
22396168
22396288
22396424
22396544
22397015
22397019
22397022
22397043
22397049
22397050
22397139
22397146
22397267
22397274
22397283
22397286
22397289
22397290
22397298
22397304
22397410
22397491
22397497
22397498
22397523
22397529
22397530
22397532
22397553
22397560
22397656
22397715
22397721
22397722
22397724
22397731
22397734
22397737
22397738
22397746
22397752
22397763
22397766
22397769
22397770
22397772
22397777
22397778
22397780
22397784
22397793
22397794
22397796
22397800
22397808
22397858
22397890
22397892
22397896
22397904
22397920
22398035
22398042
22398306
22398370
22398552
22398754
22398786
22398788
22398792
22398800
22398816
22398850
22398852
22398880
22398912
22399059
22399066
22399171
22399186
22399202
22399330
22399426
22399456
22399576
22399650
22399696
22399712
22399778
22399810
22399812
22399816
22399824
22399840
22399874
22399904
22399936
22400067
22400082
22400098
22400162
22400290
22400322
22400352
22400386
22400416
22400546
22400592
22400608
22400672
22400832
22401095
22401099
22401102
22401107
22401114
22401123
22401129
22401130
22401219
22401226
22401347
22401354
22401378
22401384
22401571
22401577
22401578
22401603
22401609
22401610
22401612
22401624
22401633
22401640
22401736
22401795
22401801
22401802
22401826
22401832
22401857
22401858
22401860
22401864
22401872
22401888
22401984
22402115
22402122
22402632
22402880
22403139
22403146
22403266
22403656
22403776
22403904
22404162
22404672
22405191
22405195
22405197
22405198
22405203
22405206
22405209
22405210
22405212
22405219
22405222
22405225
22405226
22405234
22405240
22405315
22405318
22405321
22405322
22405330
22405336
22405346
22405443
22405446
22405449
22405450
22405458
22405464
22405474
22405570
22405667
22405670
22405673
22405674
22405682
22405688
22405699
22405702
22405705
22405706
22405714
22405720
22405729
22405732
22405736
22405744
22405794
22405826
22405856
22405891
22405894
22405897
22405898
22405906
22405912
22405922
22405953
22405954
22405956
22405960
22405968
22405984
22406018
22406080
22406211
22406214
22406217
22406218
22406226
22406232
22406242
22406275
22406278
22406281
22406282
22406290
22406296
22406306
22406338
22406466
22406530
22406690
22406722
22406752
22406786
22406816
22406914
22406976
22407040
22407235
22407238
22407241
22407242
22407250
22407256
22407266
22407361
22407362
22407364
22407368
22407376
22407392
22407490
22407616
22407714
22407746
22407776
22407840
22407872
22407938
22408000
22408064
22408195
22408198
22408201
22408202
22408210
22408216
22408226
22408257
22408258
22408260
22408264
22408272
22408288
22408321
22408322
22408324
22408328
22408336
22408352
22408384
22408450
22408512
22408576
22408706
22408768
22408832
22409286
22409289
22409290
22409298
22409304
22409320
22409410
22409416
22409538
22409544
22409768
22409800
22409986
22409992
22410312
22410370
22411330
22411336
22411456
22412290
22412296
22412416
22434588
22434648
22435468
22435528
22436688
22437200
22437456
22439558
22439586
22439588
22439618
22439648
22450985
22451000
22451020
22451028
22451032
22451753
22451788
22451873
22451880
22451912
22455065
22455081
22455096
22455849
22455942
22455945
22455969
22455970
22455972
22455976
22456002
22456032
22456224
22457248
22457760
22458016
22459160
22459176
22459944
22460040
22460064
22467352
22467400
22467408
22468168
22468232
22472322
22472352
22495580
22495836
22496028
22496076
22496088
22496196
22497156
22497732
22497988
22498180
22498692
22498948
22499660
22499916
22500108
22500168
22502208
22502720
22502976
22511964
22511974
22512185
22512220
22512422
22512425
22512440
22512454
22512460
22512468
22512472
22512484
22512580
22513476
22514372
22514500
22515012
22515268
22516265
22516300
22516520
22516548
22516552
22519910
22520134
22520358
22520361
22520376
22520390
22520420
22520582
22520585
22520600
22520644
22521504
22521728
22522528
22522752
22523040
22523264
22523520
22524456
22524680
22528344
22528354
22528600
22528792
22528802
22528834
22528836
22528840
22528848
22528864
22528960
22529856
22529920
22530496
22530752
22530880
22530944
22531392
22531456
22531648
22531712
22532424
22532680
22532872
22536514
22566227
22566243
22566258
22566691
22566706
22566723
22566738
22566753
22566768
22567715
22567730
22567747
22567762
22567777
22567792
22568007
22568011
22568014
22568019
22568022
22568026
22568035
22568049
22568050
22568131
22568138
22568146
22568259
22568274
22568289
22568304
22568483
22568498
22568515
22568530
22568545
22568560
22569894
22569926
22569956
22570323
22570354
22570466
22570771
22570802
22570833
22570834
22570864
22570886
22570914
22570916
22570946
22570976
22571795
22571811
22571814
22571826
22571843
22571846
22571857
22571858
22571873
22571874
22571876
22571888
22571910
22571938
22571940
22571970
22572000
22572083
22572103
22572107
22572115
22572118
22572122
22572131
22572134
22572145
22572146
22572198
22572227
22572242
22572258
22572323
22572326
22572338
22572355
22572358
22572369
22572370
22572385
22572386
22572388
22572400
22572450
22572452
22572482
22572512
22572563
22572579
22572582
22572594
22572611
22572625
22572626
22572641
22572642
22572644
22572656
22572706
22572708
22572768
22572834
22572866
22572896
22574418
22574866
22574882
22574914
22574928
22574944
22575890
22575906
22575938
22575952
22575968
22576178
22576195
22576198
22576202
22576210
22576226
22576240
22576322
22576418
22576450
22576464
22576480
22576658
22576674
22576706
22576720
22576736
22586278
22586310
22586340
22587174
22587206
22587236
22587298
22587330
22587360
22588198
22588230
22588260
22588322
22588354
22588384
22588518
22588582
22588642
22588710
22588772
22588834
22588896
22588966
22589028
22589090
22589152
22600771
22600778
22600786
22602658
22602690
22602720
22603554
22603586
22603616
22603650
22603680
22604578
22604610
22604640
22604674
22604704
22604867
22604882
22604898
22604962
22605090
22605122
22605152
22605216
22605346
22605408
22605472
22608962
22626790
22627238
22627270
22627300
22627443
22627667
22627683
22627686
22627698
22627810
22627891
22627923
22627953
22628131
22628134
22628146
22628163
22628166
22628178
22628193
22628194
22628196
22628208
22628258
22628260
22628290
22628320
22628691
22628707
22628710
22628722
22628806
22628834
22628836
22628915
22628947
22628977
22629030
22629092
22629155
22629158
22629170
22629187
22629190
22629202
22629217
22629218
22629220
22629232
22629282
22629284
22629314
22629344
22629447
22629451
22629459
22629462
22629466
22629475
22629478
22629489
22629490
22629571
22629586
22629602
22629699
22629702
22629714
22629729
22629730
22629732
22629744
22629826
22629856
22629923
22629926
22629938
22629955
22629970
22629985
22629986
22629988
22630000
22630050
22630052
22630112
22630178
22630210
22630240
22631747
22631778
22631971
22632003
22632033
22632226
22632258
22632288
22632771
22632802
22632995
22633027
22633057
22633250
22633282
22633312
22633539
22633542
22633546
22633554
22633569
22633570
22633666
22633794
22633824
22634018
22634050
22634080
22635174
22635206
22635236
22635398
22635460
22635634
22635843
22635846
22635858
22635874
22635970
22636067
22636070
22636082
22636099
22636102
22636114
22636129
22636132
22636144
22636166
22636194
22636196
22636226
22636256
22636291
22636294
22636306
22636322
22636353
22636354
22636356
22636368
22636418
22636420
22636480
22636835
22636838
22636850
22636867
22636870
22636882
22636898
22636962
22636994
22637091
22637094
22637106
22637123
22637126
22637138
22637153
22637154
22637156
22637168
22637218
22637220
22637250
22637252
22637280
22637315
22637318
22637330
22637346
22637377
22637378
22637380
22637392
22637408
22637442
22637444
22637504
22637603
22637606
22637618
22637635
22637638
22637650
22637665
22637666
22637668
22637680
22637730
22637762
22637792
22637858
22637889
22637890
22637892
22637904
22637920
22638083
22638086
22638098
22638114
22638145
22638146
22638148
22638160
22638176
22638210
22638212
22638272
22638338
22638400
22639938
22640162
22640194
22640224
22640386
22640448
22640930
22640962
22641186
22641218
22641248
22641410
22641472
22641698
22641730
22641760
22642178
22642240
22651558
22651590
22651620
22651844
22652454
22652486
22652516
22652578
22652610
22652640
22652740
22652864
22653222
22653346
22653478
22653510
22653540
22653602
22653634
22653636
22653664
22653764
22653888
22653990
22654052
22654114
22654532
22654656
22660002
22660034
22660064
22660450
22660898
22660930
22660960
22661024
22661474
22661570
22661794
22661856
22661922
22661954
22661984
22662048
22662211
22662226
22662242
22662466
22662690
22662752
22662816
22666306
22667938
22667970
22668000
22668162
22668224
22668610
22668834
22668866
22668896
22668930
22668960
22669058
22669120
22669184
22669602
22669634
22669858
22669890
22669920
22669984
22670016
22670082
22670144
22670208
22670370
22670402
22670432
22670850
22670912
22670976
22696103
22696107
22696109
22696110
22696348
22696652
22697059
22697507
22697539
22697548
22697569
22697612
22697672
22697808
22698035
22698259
22698268
22698275
22698290
22698380
22698388
22698832
22699344
22699600
22700199
22700203
22700205
22700206
22700262
22700454
22700710
22700742
22700772
22701222
22701282
22701702
22701730
22701732
22701762
22701792
22702131
22702246
22702355
22702371
22702374
22702386
22702434
22702470
22702498
22702500
22702882
22702914
22702944
22703202
22703394
22703426
22703456
22703650
22703682
22703712
22704294
22704298
22704300
22705250
22705698
22705730
22705760
22706226
22706450
22706466
22713001
22713897
22714017
22714024
22716583
22716587
22716590
22716646
22716838
22717094
22717097
22717126
22717156
22717542
22717606
22717666
22717990
22717993
22718022
22718052
22718086
22718113
22718114
22718116
22718120
22718146
22718176
22718368
22718630
22718758
22718882
22719392
22720160
22720678
22720682
22721192
22722088
22722208
22728867
22728873
22728874
22729112
22729416
22730312
22730376
22731032
22731144
22731152
22732963
22732966
22732969
22732970
22733026
22733218
22733474
22733506
22733536
22733922
22733986
22734370
22734402
22734432
22734466
22734496
22735010
22735138
22735234
22735264
22737058
22737064
22757788
22757798
22758340
22759236
22759300
22759475
22759590
22759699
22759708
22759715
22759718
22759730
22759778
22759814
22759820
22759828
22759842
22759844
22759876
22760132
22760226
22760258
22760260
22760324
22760546
22760738
22760770
22760772
22760836
22760994
22761026
22761028
22761092
22761868
22763328
22763555
22763779
22763788
22763810
22763908
22764352
22764864
22765120
22765734
22765958
22767651
22767654
22767666
22767714
22767778
22767780
22767875
22767878
22767890
22767906
22767938
22768002
22768004
22768162
22768194
22768224
22768386
22768448
22768674
22768736
22768898
22768960
22769154
22769216
22771746
22771970
22782118
22783648
22784038
22784162
22784672
22790552
22790562
22791104
22792000
22792064
22792354
22792472
22792482
22792578
22792580
22792584
22792592
22792608
22792640
22792896
22793024
22793088
22793536
22793600
22793792
22793856
22794632
22798498
22798722
22800418
22800544
22800642
22828579
22828611
22828620
22828641
22828744
22828880
22829904
22830147
22830162
22830672
22832802
22832804
22832864
22833506
22833954
22833986
22834016
22834195
22834243
22834257
22834258
22834274
22834466
22834498
22834528
22834722
22834784
22836770
22836802
22836832
22838290
22838338
22838352
22845004
22845128
22849062
22849065
22849124
22849161
22849185
22849186
22849188
22849192
22849248
22849440
22850464
22850585
22850697
22850705
22850976
22851232
22853160
22853256
22853280
22854680
22854792
22854800
22861384
22865442
22865504
22865568
22889412
22889555
22890308
22890579
22890850
22891298
22891330
22891332
22891587
22891602
22891618
22891810
22891842
22892066
22893635
22894400
22894659
22895424
22895682
22896192
22896838
22897746
22897798
22897858
22898755
22898758
22898770
22898786
22898882
22898884
22899010
22899234
22899266
22899296
22899458
22899520
22899715
22899718
22899730
22899746
22899777
22899778
22899780
22899792
22899808
22899842
22899844
22899904
22899970
22900032
22900226
22900288
22902850
22903810
22905796
22906692
22907716
22913222
22914118
22914182
22914185
22914200
22914242
22914720
22914944
22915142
22915266
22915268
22915744
22915968
22916102
22916105
22916120
22916164
22916225
22916226
22916228
22916232
22916240
22916256
22916288
22916480
22916736
22920320
22922176
22923072
22924096
22930562
22931522
22932482
22932608
22980256
23143995
23143997
23143998
23144027
23144029
23144030
23144057
23144060
23144087
23144091
23144093
23144094
23144115
23144117
23144121
23144122
23144124
23144147
23144153
23144154
23144177
23144184
23144219
23144221
23144222
23144235
23144237
23144238
23144249
23144250
23144252
23144267
23144269
23144270
23144281
23144282
23144297
23144300
23144312
23144327
23144331
23144333
23144334
23144339
23144341
23144342
23144345
23144355
23144357
23144358
23144361
23144362
23144364
23144369
23144370
23144372
23144376
23144387
23144390
23144393
23144394
23144401
23144402
23144417
23144418
23144420
23144424
23144903
23144907
23144909
23144910
23144915
23144917
23144918
23144931
23144933
23144934
23144938
23144940
23144946
23144948
23145411
23145414
23145417
23145418
23145425
23145426
23145441
23145442
23145444
23145448
23145771
23145774
23145779
23145782
23145786
23145803
23145805
23145806
23145811
23145813
23145814
23145817
23145818
23145833
23145836
23145841
23145842
23145844
23145848
23145891
23145894
23145898
23145906
23145923
23145926
23145929
23145930
23145937
23145938
23145953
23145954
23145956
23145960
23146007
23146011
23146013
23146014
23146027
23146029
23146030
23146035
23146038
23146041
23146042
23146044
23146059
23146061
23146062
23146067
23146069
23146070
23146073
23146074
23146089
23146092
23146097
23146098
23146100
23146104
23146119
23146123
23146125
23146126
23146131
23146133
23146134
23146137
23146147
23146149
23146150
23146153
23146154
23146156
23146161
23146162
23146164
23146168
23146179
23146182
23146185
23146186
23146193
23146194
23146209
23146210
23146212
23146216
23146259
23146265
23146281
23146289
23146290
23146296
23146321
23146322
23146374
23146377
23146385
23146401
23146402
23146404
23146408
23146434
23148089
23148107
23148109
23148110
23148137
23148140
23148185
23148195
23148197
23148201
23148202
23148204
23148209
23148216
23148227
23148233
23148234
23148257
23148264
23148299
23148301
23148302
23148313
23148329
23148330
23148332
23148344
23148361
23148362
23148392
23148419
23148421
23148422
23148425
23148433
23148449
23148450
23148452
23148456
23148464
23148481
23148482
23148512
23148995
23148997
23148998
23149026
23149028
23149505
23149506
23149536
23149859
23149862
23149866
23149874
23149891
23149893
23149894
23149897
23149898
23149905
23149906
23149921
23149922
23149924
23149928
23149936
23149986
23150017
23150018
23150048
23150087
23150091
23150093
23150094
23150099
23150105
23150115
23150118
23150121
23150122
23150124
23150129
23150130
23150136
23150147
23150149
23150150
23150153
23150154
23150161
23150162
23150177
23150178
23150180
23150184
23150192
23150211
23150213
23150214
23150217
23150225
23150241
23150242
23150244
23150248
23150256
23150273
23150274
23150304
23150339
23150345
23150353
23150369
23150370
23150376
23150384
23150401
23150402
23150432
23150465
23150496
23152219
23152249
23152252
23152307
23152309
23152369
23152411
23152413
23152414
23152427
23152429
23152430
23152442
23152444
23152459
23152461
23152473
23152474
23152476
23152489
23152492
23152504
23152519
23152523
23152525
23152531
23152533
23152534
23152540
23152547
23152549
23152550
23152554
23152556
23152562
23152564
23152579
23152585
23152593
23152594
23152596
23152600
23152609
23152610
23152612
23152616
23152624
23152983
23153005
23153006
23153014
23153020
23153063
23153067
23153075
23153077
23153078
23153123
23153125
23153126
23153138
23153485
23153493
23153494
23153500
23153516
23153524
23153543
23153547
23153549
23153555
23153557
23153558
23153564
23153571
23153573
23153574
23153578
23153580
23153586
23153588
23153603
23153609
23153617
23153618
23153620
23153624
23153633
23153634
23153636
23153640
23153648
23154451
23154482
23154513
23154514
23154544
23154594
23154656
23156329
23156332
23156387
23156389
23156449
23156491
23156493
23156494
23156508
23156522
23156524
23156553
23156554
23156556
23156568
23156584
23156611
23156613
23156614
23156620
23156628
23156642
23156644
23156673
23156674
23156676
23156680
23156688
23156704
23157063
23157094
23157100
23157155
23157157
23157158
23157170
23157218
23157573
23157574
23157580
23157588
23157604
23157635
23157637
23157638
23157644
23157652
23157666
23157668
23157697
23157698
23157700
23157704
23157712
23157728
23158531
23158562
23158593
23158594
23158608
23158624
23160497
23160504
23160529
23160536
23160601
23160604
23160617
23160620
23160632
23160649
23160652
23160664
23160709
23160710
23160713
23160716
23160721
23160724
23160737
23160738
23160740
23160744
23160752
23160769
23160770
23160772
23160776
23160784
23160800
23161173
23161180
23161196
23161204
23161251
23161253
23161254
23161258
23161260
23161266
23161268
23161285
23161286
23161289
23161292
23161297
23161300
23161313
23161314
23161316
23161320
23161328
23161676
23161684
23161733
23161734
23161737
23161740
23161745
23161748
23161761
23161762
23161764
23161768
23161776
23161793
23161794
23161796
23161800
23161808
23161824
23162153
23162156
23162161
23162162
23162164
23162168
23162185
23162188
23162193
23162194
23162196
23162200
23162224
23162273
23162274
23162276
23162280
23162288
23162305
23162306
23162308
23162312
23162320
23162336
23162387
23162389
23162393
23162396
23162409
23162412
23162417
23162418
23162420
23162424
23162441
23162444
23162449
23162450
23162452
23162456
23162480
23162501
23162502
23162505
23162508
23162513
23162516
23162529
23162530
23162532
23162536
23162544
23162561
23162562
23162564
23162568
23162576
23162592
23162641
23162672
23162704
23162756
23162784
23162816
23164577
23164584
23164681
23164684
23164712
23164744
23164801
23164804
23164832
23164864
23165253
23165260
23165284
23165348
23165377
23165380
23165408
23165764
23165825
23165828
23165856
23165888
23166241
23166242
23166244
23166248
23166256
23166273
23166274
23166276
23166280
23166288
23166304
23166368
23166400
23166467
23166469
23166473
23166476
23166481
23166497
23166498
23166500
23166504
23166512
23166529
23166530
23166532
23166536
23166544
23166560
23166593
23166596
23166624
23166656
23166721
23166752
23166784
23176881
23176979
23176981
23176985
23176986
23176988
23176995
23176997
23176998
23177001
23177002
23177004
23177009
23177010
23177012
23177016
23177027
23177029
23177030
23177034
23177036
23177041
23177042
23177044
23177048
23177057
23177058
23177060
23177064
23177072
23177091
23177093
23177094
23177097
23177098
23177100
23177105
23177106
23177108
23177112
23177121
23177122
23177124
23177128
23177136
23177153
23177154
23177156
23177160
23177168
23177184
23177555
23177557
23177571
23177573
23177574
23177578
23177580
23177586
23177588
23177638
23177698
23178051
23178053
23178054
23178058
23178060
23178065
23178066
23178068
23178072
23178081
23178082
23178084
23178088
23178096
23178117
23178118
23178124
23178132
23178148
23178177
23178178
23178180
23178184
23178192
23178208
23179025
23179041
23179042
23179044
23179048
23179056
23179074
23179104
23179168
23181059
23181061
23181065
23181066
23181068
23181073
23181080
23181089
23181090
23181092
23181096
23181104
23181121
23181122
23181124
23181128
23181152
23181185
23181186
23181188
23181192
23181200
23181216
23181248
23181635
23181637
23181666
23181668
23182145
23182146
23182148
23182152
23182176
23182212
23182272
23183105
23183136
23193361
23193368
23193377
23193378
23193380
23193384
23193392
23193409
23193410
23193412
23193416
23193424
23193440
23193473
23193474
23193476
23193480
23193488
23193504
23193536
23193937
23193953
23193954
23193956
23193960
23193968
23194017
23194018
23194032
23194080
23194433
23194434
23194436
23194440
23194448
23194464
23194497
23194498
23194500
23194504
23194512
23194528
23194560
23195424
23195456
23197441
23197448
23197472
23197504
23197568
23198017
23198048
23198112
23198528
23198592
23213849
23213880
23213961
23213969
23213985
23213992
23214000
23215155
23215203
23215217
23215218
23215273
23215281
23215379
23215395
23215401
23215409
23215410
23215416
23215427
23215441
23215442
23215457
23215472
23215521
23215528
23215536
23215635
23215641
23215651
23215657
23215665
23215666
23215672
23215683
23215697
23215698
23215713
23215728
23215753
23215761
23215777
23215784
23215792
23215889
23215905
23215920
23221084
23221148
23221196
23221204
23221208
23222044
23222104
23222156
23222164
23222216
23222224
23223116
23223124
23223180
23223188
23223240
23223248
23223395
23223409
23223410
23223571
23223580
23223587
23223602
23223619
23223628
23223633
23223634
23223636
23223640
23223649
23223664
23223692
23223700
23223752
23223760
23223827
23223836
23223843
23223858
23223875
23223884
23223889
23223890
23223892
23223896
23223905
23223920
23223948
23223956
23224008
23224016
23224144
23231585
23231600
23231761
23231777
23231792
23231809
23231824
23232017
23232033
23232048
23232065
23232080
23237453
23237454
23237461
23237462
23237468
23237484
23237492
23237532
23237580
23237588
23237592
23238425
23238428
23238441
23238456
23238476
23238484
23238488
23238537
23238540
23238545
23238548
23238552
23238561
23238568
23238576
23238600
23238608
23239500
23239508
23239512
23239564
23239572
23239624
23239632
23239977
23239992
23240012
23240020
23240024
23240097
23240104
23240112
23240136
23240144
23240217
23240220
23240233
23240248
23240268
23240276
23240280
23240329
23240332
23240337
23240340
23240344
23240353
23240360
23240368
23240392
23240400
23240472
23240584
23240592
23245644
23245652
23246609
23246616
23246632
23246640
23246721
23246728
23246736
23248161
23248168
23248176
23248401
23248408
23248417
23248424
23248432
23248513
23248520
23248528
23253833
23253834
23253836
23253841
23253842
23253844
23253848
23253864
23253872
23253912
23253960
23253968
23254808
23254856
23254864
23254920
23254928
23255880
23255888
23255944
23255952
23256344
23256392
23256400
23256456
23256464
23256600
23256648
23256656
23256712
23256720
23262024
23262032
23274438
23274468
23274681
23274918
23274921
23274936
23274978
23275065
23275161
23275185
23275192
23275289
23275305
23275320
23275398
23275401
23275409
23275425
23275426
23275428
23275432
23275458
23275974
23276002
23276004
23276230
23276260
23276482
23276595
23276601
23276657
23276658
23276710
23276713
23276721
23276770
23276819
23276841
23276849
23276850
23276856
23276881
23276882
23276934
23276961
23276962
23276964
23276968
23276994
23277075
23277081
23277097
23277105
23277106
23277112
23277137
23277138
23277190
23277193
23277201
23277217
23277218
23277220
23277224
23277250
23277329
23278761
23279016
23279145
23279241
23279265
23279272
23279369
23279400
23279489
23279520
23280675
23280681
23280689
23280737
23280738
23280801
23280899
23280929
23280930
23280936
23280944
23280961
23280962
23280992
23281056
23281155
23281161
23281169
23281185
23281186
23281192
23281200
23281217
23281218
23281248
23281281
23281312
23281409
23281440
23282509
23282510
23282524
23282540
23282588
23282598
23282630
23282636
23282644
23282648
23282660
23283036
23283100
23283110
23283160
23283170
23283292
23283356
23283416
23283484
23283532
23283544
23283590
23283596
23283604
23283618
23283620
23283650
23283652
23283656
23283664
23283680
23284060
23284103
23284109
23284110
23284117
23284118
23284124
23284133
23284134
23284140
23284148
23284166
23284172
23284180
23284194
23284196
23284316
23284390
23284436
23284452
23284556
23284564
23284614
23284620
23284628
23284642
23284644
23284674
23284676
23284680
23284688
23284704
23284787
23284849
23284850
23284902
23284962
23285011
23285020
23285042
23285068
23285073
23285074
23285076
23285080
23285104
23285126
23285132
23285140
23285154
23285156
23285186
23285188
23285192
23285200
23285216
23285267
23285276
23285298
23285329
23285330
23285332
23285336
23285360
23285396
23285410
23285412
23285456
23285472
23285584
23285636
23285696
23286604
23286668
23286724
23286728
23287116
23287180
23287240
23287372
23287436
23287496
23287564
23287624
23287684
23287744
23288140
23288197
23288198
23288204
23288212
23288228
23288260
23288396
23288516
23288644
23288708
23288768
23288867
23288929
23288930
23289091
23289100
23289122
23289153
23289154
23289156
23289160
23289168
23289184
23289220
23289280
23289347
23289356
23289378
23289409
23289410
23289412
23289416
23289424
23289440
23289476
23289536
23289664
23290700
23290788
23290820
23291300
23291360
23291780
23291808
23291840
23292293
23292294
23292300
23292308
23292324
23292356
23292384
23292580
23292612
23292804
23292864
23292977
23293040
23293092
23293152
23293201
23293232
23293264
23293316
23293344
23293376
23293457
23293488
23293520
23293572
23293600
23293632
23296388
23297057
23297120
23297281
23297312
23297344
23297537
23297568
23297600
23298887
23298893
23298894
23298901
23298902
23298908
23298917
23298918
23298924
23298932
23298972
23298982
23299014
23299020
23299028
23299032
23299044
23299257
23299420
23299430
23299494
23299497
23299512
23299544
23299554
23299641
23299676
23299737
23299740
23299761
23299768
23299800
23299865
23299868
23299878
23299881
23299896
23299910
23299916
23299924
23299928
23299940
23299974
23299977
23299980
23299985
23299988
23299992
23300001
23300002
23300004
23300008
23300034
23300036
23300040
23300444
23300454
23300487
23300494
23300502
23300518
23300550
23300556
23300564
23300578
23300580
23300700
23300774
23300820
23300836
23300934
23300940
23300948
23300952
23300964
23300998
23301004
23301012
23301028
23301058
23301060
23301064
23301177
23301222
23301286
23301289
23301297
23301346
23301414
23301417
23301432
23301446
23301452
23301460
23301464
23301476
23301510
23301537
23301538
23301540
23301544
23301570
23301572
23301576
23301657
23301660
23301670
23301673
23301688
23301716
23301720
23301732
23301769
23301777
23301780
23301784
23301793
23301794
23301796
23301800
23301912
23301956
23302020
23302024
23302981
23302982
23302988
23302996
23303012
23303052
23303108
23303112
23303337
23303500
23303592
23303624
23303721
23303756
23303817
23303820
23303832
23303841
23303848
23303880
23303945
23303948
23303960
23303976
23304004
23304008
23304065
23304068
23304072
23304080
23304096
23304128
23304524
23304582
23304644
23304780
23304900
23305028
23305032
23305092
23305152
23305257
23305377
23305512
23305540
23305544
23305632
23305664
23305737
23305740
23305752
23305768
23305796
23305800
23305857
23305860
23305864
23305872
23305888
23305920
23305992
23306112
23307077
23307078
23307084
23307092
23307108
23307172
23307202
23307204
23307232
23307441
23307448
23307618
23307620
23307681
23307682
23307684
23307688
23307696
23307744
23307825
23307832
23307921
23307928
23308049
23308056
23308065
23308066
23308068
23308072
23308080
23308098
23308100
23308128
23308161
23308162
23308164
23308168
23308176
23308192
23308224
23308644
23308678
23308708
23308738
23308740
23308964
23308994
23308996
23309024
23309124
23309188
23309248
23309361
23309368
23309410
23309412
23309473
23309474
23309476
23309480
23309488
23309536
23309601
23309602
23309604
23309608
23309616
23309634
23309636
23309664
23309698
23309728
23309760
23309841
23309848
23309857
23309858
23309860
23309864
23309872
23309890
23309892
23309920
23309953
23309954
23309956
23309960
23309968
23309984
23310016
23310112
23310208
23311172
23311521
23311528
23311776
23311905
23311912
23312001
23312008
23312129
23312136
23312160
23312256
23313441
23313448
23313568
23313696
23313921
23313928
23313952
23314048
23315267
23315270
23315273
23315274
23315276
23315281
23315282
23315284
23315288
23315297
23315298
23315300
23315304
23315312
23315352
23315362
23315394
23315396
23315400
23315408
23315424
23315800
23315810
23315864
23315874
23316056
23316120
23316248
23316258
23316290
23316292
23316296
23316304
23316320
23316354
23316356
23316360
23316368
23316384
23316416
23316824
23316834
23316867
23316870
23316873
23316874
23316876
23316881
23316882
23316884
23316888
23316897
23316898
23316900
23316904
23316912
23316930
23316932
23316936
23316944
23316960
23317080
23317154
23317200
23317216
23317314
23317316
23317320
23317328
23317344
23317378
23317380
23317384
23317392
23317408
23317440
23317602
23317666
23317784
23317794
23317826
23317828
23317832
23317840
23317856
23317890
23317892
23317896
23317904
23317920
23317952
23318040
23318050
23318096
23318112
23318160
23318176
23318336
23318400
23319361
23319362
23319364
23319368
23319376
23319392
23319432
23319488
23319880
23319944
23320136
23320200
23320328
23320384
23320448
23320904
23320961
23320962
23320964
23320968
23320976
23320992
23321024
23321160
23321280
23321408
23321472
23321864
23321920
23321984
23322120
23322176
23322240
23323457
23323458
23323460
23323464
23323472
23323488
23323552
23323584
23324000
23324064
23324448
23324480
23324544
23325024
23325057
23325058
23325060
23325064
23325072
23325088
23325120
23325344
23325376
23325504
23325568
23325792
23325856
23325984
23326016
23326080
23326240
23326272
23326336
23344697
23344775
23344779
23344781
23344793
23344803
23344805
23344809
23344810
23344812
23344817
23344824
23344835
23344841
23344865
23344872
23344921
23344952
23345033
23345041
23345057
23345064
23345072
23345491
23345507
23345522
23346001
23346002
23346032
23346057
23346065
23346081
23346088
23346096
23346451
23346457
23346467
23346473
23346481
23346482
23346488
23346499
23346513
23346514
23346529
23346544
23346569
23346577
23346593
23346600
23346608
23346707
23346713
23346723
23346729
23346737
23346738
23346744
23346755
23346769
23346770
23346785
23346800
23346825
23346833
23346849
23346856
23346864
23346961
23346977
23346992
23352995
23352997
23353057
23353116
23353176
23353228
23353236
23353288
23353296
23353683
23353714
23354140
23354188
23354193
23354194
23354196
23354200
23354224
23354252
23354260
23354312
23354320
23355216
23361157
23361161
23361185
23361192
23361217
23361904
23362384
23362833
23362849
23362864
23362881
23362896
23363089
23363105
23363120
23363137
23363152
23377449
23377450
23377452
23377457
23377464
23377512
23377569
23377681
23377688
23377704
23377712
23377793
23377800
23377808
23378705
23378712
23378721
23378728
23378736
23378817
23378824
23378832
23393832
23404639
23404669
23404670
23404759
23404763
23404765
23404766
23404893
23404894
23404924
23405030
23405117
23405118
23405149
23405150
23405180
23405241
23405341
23405342
23405372
23405465
23405478
23405481
23405496
23405510
23405540
23405659
23405661
23405662
23405719
23405723
23405725
23405726
23405753
23405779
23405785
23405786
23405977
23405990
23405993
23406008
23406050
23406137
23406233
23406257
23406264
23406361
23406377
23406392
23406470
23406473
23406481
23406497
23406498
23406500
23406504
23406530
23406679
23406683
23406685
23406686
23406791
23406795
23406797
23406798
23406803
23406805
23406806
23406822
23407046
23407074
23407076
23407270
23407273
23407281
23407302
23407332
23407494
23407497
23407505
23407521
23407522
23407524
23407528
23407554
23407639
23407643
23407645
23407646
23407667
23407673
23407691
23407693
23407694
23407699
23407701
23407702
23407705
23407706
23407729
23407730
23407751
23407755
23407757
23407758
23407763
23407765
23407766
23407769
23407782
23407785
23407793
23407811
23407814
23407817
23407818
23407825
23407826
23407842
23407891
23407897
23407913
23407921
23407922
23407928
23407953
23407954
23408006
23408009
23408017
23408033
23408034
23408036
23408040
23408066
23408147
23408153
23408169
23408177
23408178
23408184
23408209
23408210
23408262
23408265
23408273
23408289
23408290
23408292
23408296
23408322
23408401
23408719
23408733
23408734
23408749
23408750
23408839
23408843
23408845
23408846
23408973
23408974
23409004
23409197
23409198
23409229
23409230
23409260
23409321
23409421
23409422
23409452
23409545
23409576
23409739
23409741
23409742
23409799
23409803
23409805
23409806
23409817
23409833
23409859
23409865
23409866
23410057
23410088
23410217
23410313
23410337
23410344
23410441
23410472
23410561
23410592
23410759
23410763
23410765
23410766
23410883
23410885
23410886
23411361
23411585
23411616
23411719
23411723
23411725
23411726
23411731
23411737
23411747
23411753
23411761
23411779
23411781
23411782
23411785
23411786
23411793
23411794
23411809
23411810
23411843
23411845
23411846
23411849
23411857
23411873
23411905
23411906
23411971
23411977
23411985
23412001
23412002
23412008
23412016
23412033
23412034
23412064
23412097
23412128
23412227
23412233
23412241
23412257
23412258
23412264
23412272
23412289
23412290
23412320
23412353
23412384
23412481
23412512
23412831
23412859
23412861
23412862
23413083
23413085
23413086
23413114
23413116
23413212
23413222
23413309
23413310
23413339
23413341
23413369
23413372
23413533
23413534
23413564
23413593
23413594
23413596
23413624
23413660
23413670
23413716
23413720
23413732
23414108
23414182
23414232
23414242
23414556
23414616
23414676
23414690
23414692
23414736
23414752
23415123
23415154
23415266
23415580
23415633
23415634
23415636
23415640
23415664
23415700
23415714
23415716
23415760
23415776
23416656
23416911
23416923
23416939
23416941
23416942
23417163
23417165
23417166
23417180
23417194
23417196
23417292
23417389
23417390
23417419
23417421
23417449
23417452
23417613
23417614
23417628
23417644
23417673
23417674
23417676
23417688
23417704
23417740
23417796
23417800
23418188
23418312
23418636
23418696
23418756
23418816
23419203
23419234
23419660
23419713
23419714
23419716
23419720
23419728
23419744
23419780
23419840
23420736
23421019
23421021
23421022
23421049
23421052
23421141
23421145
23421148
23421273
23421276
23421304
23421412
23421500
23421529
23421532
23421724
23421784
23421860
23421892
23422041
23422044
23422101
23422105
23422108
23422161
23422168
23422372
23422432
23422852
23422880
23422912
23423059
23423061
23423065
23423068
23423089
23423173
23423174
23423177
23423180
23423185
23423188
23423204
23423313
23423344
23423428
23423456
23423569
23423652
23423684
23423824
23423876
23423904
23423936
23424019
23424021
23424025
23424028
23424049
23424073
23424076
23424081
23424082
23424084
23424088
23424112
23424133
23424134
23424137
23424140
23424145
23424148
23424164
23424193
23424194
23424196
23424200
23424208
23424224
23424273
23424304
23424336
23424388
23424416
23424448
23424529
23424560
23424592
23424644
23424672
23424704
23425099
23425101
23425102
23425113
23425116
23425129
23425132
23425221
23425225
23425228
23425353
23425356
23425384
23425580
23425609
23425612
23425804
23425864
23426121
23426124
23426181
23426185
23426188
23426241
23426248
23427139
23427141
23427145
23427148
23427153
23427169
23427265
23427268
23427393
23427424
23427649
23427904
23428099
23428101
23428105
23428108
23428113
23428129
23428161
23428162
23428164
23428168
23428176
23428192
23428225
23428228
23428288
23428353
23428384
23428416
23428609
23428640
23428672
23437399
23437403
23437427
23437429
23437434
23437436
23437651
23437653
23437658
23437660
23437667
23437669
23437670
23437674
23437676
23437682
23437684
23437794
23437796
23437875
23437877
23437881
23437882
23437884
23437907
23437909
23437914
23437916
23437937
23437944
23438001
23438008
23438099
23438101
23438105
23438106
23438108
23438115
23438117
23438118
23438121
23438122
23438124
23438129
23438130
23438132
23438136
23438147
23438149
23438150
23438154
23438156
23438161
23438162
23438164
23438168
23438177
23438178
23438180
23438184
23438192
23438225
23438232
23438241
23438242
23438244
23438248
23438256
23438274
23438276
23438304
23438690
23438692
23438737
23438744
23438753
23438754
23438756
23438760
23438768
23438816
23438897
23438904
23439121
23439128
23439137
23439138
23439140
23439144
23439152
23439170
23439172
23439200
23439233
23439234
23439236
23439240
23439248
23439264
23439296
23439714
23439716
23440145
23440152
23440161
23440162
23440164
23440168
23440176
23440194
23440196
23440224
23440257
23440258
23440260
23440264
23440272
23440288
23440320
23441184
23441479
23441483
23441491
23441493
23441507
23441509
23441514
23441516
23441731
23441733
23441738
23441740
23441762
23441764
23441955
23441957
23441961
23441962
23441964
23441969
23441976
23441987
23441989
23441994
23441996
23442017
23442024
23442081
23442088
23442179
23442181
23442185
23442186
23442188
23442193
23442200
23442209
23442210
23442212
23442216
23442224
23442241
23442242
23442244
23442248
23442272
23442305
23442312
23442336
23442817
23442824
23442848
23442977
23442984
23443201
23443208
23443232
23443328
23444225
23444232
23444256
23444352
23453779
23453781
23453785
23453809
23453816
23454033
23454040
23454049
23454050
23454052
23454056
23454064
23454176
23454257
23454264
23454289
23454296
23454481
23454488
23454497
23454498
23454500
23454504
23454512
23454529
23454530
23454532
23454536
23454544
23454560
23454624
23454656
23455072
23455136
23455520
23455552
23455616
23456096
23456544
23456576
23456640
23457865
23457873
23457896
23458113
23458120
23458344
23458369
23458376
23458568
23458592
23475849
23475873
23475880
23477297
23477521
23477552
23477777
23477808
23483164
23483224
23484044
23484104
23485264
23485776
23486032
23499545
23499548
23499561
23499576
23499596
23499604
23499608
23499672
23500184
23500329
23500364
23500425
23500428
23500440
23500449
23500456
23500488
23500568
23500680
23500688
23501592
23501704
23501712
23502104
23502216
23502224
23502360
23502472
23502480
23507729
23507736
23507752
23507760
23508520
23508609
23508616
23515928
23515976
23515984
23516744
23516808
23538737
23538961
23539217
23542817
23543041
23543072
23543297
23543328
23544156
23544412
23544604
23544664
23544772
23545732
23545792
23546308
23546704
23546756
23546816
23547216
23547268
23547328
23547472
23548236
23548492
23548684
23548744
23550784
23551296
23551552
23560540
23560550
23560761
23560796
23560985
23560988
23560998
23561001
23561016
23561030
23561036
23561044
23561048
23561060
23561112
23561156
23561624
23561880
23562008
23562052
23562116
23562120
23562692
23563032
23563076
23563140
23563144
23563544
23563588
23563652
23563656
23563800
23564620
23564841
23564876
23565065
23565068
23565080
23565096
23565124
23565128
23565192
23565704
23565960
23566088
23566208
23567112
23567232
23567624
23567744
23567880
23568000
23568738
23568740
23568945
23568952
23569169
23569176
23569185
23569186
23569188
23569192
23569200
23569218
23569220
23569248
23569312
23569824
23570208
23570304
23571104
23571232
23571328
23571616
23571744
23571840
23572000
23572096
23573032
23573256
23573280
23576920
23576930
23577176
23577368
23577378
23577410
23577412
23577416
23577424
23577440
23577536
23578432
23578496
23579072
23579456
23579520
23579968
23580032
23581000
23581256
23581448
23585568
23736487
23736493
23736494
23737443
23737513
23737891
23737897
23737905
23737923
23737953
23737993
23738017
23738024
23738129
23738145
23738160
23739441
23739681
23739696
23739921
23739937
23739952
23744679
23744683
23744924
23745228
23746083
23746115
23746145
23746384
23746835
23746851
23746866
23747408
23752869
23752873
23752876
23753825
23754273
23754305
23754801
23755025
23755041
23755056
23769251
23769253
23769257
23769265
23769505
23769512
23769520
23769761
23769768
23770657
23770664
23785633
23798182
23799345
23799569
23799974
23800102
23800162
23800198
23800228
23800642
23800881
23800930
23801121
23801122
23801154
23801361
23801377
23801378
23801410
23803425
23803649
23803680
23804961
23805216
23805441
23805472
23806364
23806374
23806916
23807824
23807876
23807936
23808275
23808291
23808294
23808306
23808354
23808418
23808802
23808834
23808836
23808848
23808864
23808900
23808960
23809856
23810444
23811904
23812355
23812386
23812928
23814564
23816241
23816356
23816465
23816481
23816482
23816484
23816496
23816544
23816580
23816608
23816992
23817024
23817312
23817504
23817536
23817760
23817792
23830705
23830945
23830946
23830948
23830952
23830960
23831456
23831968
23832352
23832448
23832868
23832992
23833472
23834785
23835040
23847328
24000033
24070976
24184603
24184605
24184606
24184633
24184634
24184636
24184665
24184666
24184668
24184696
24184711
24184715
24184717
24184718
24184723
24184725
24184726
24184729
24184732
24184739
24184741
24184742
24184745
24184746
24184748
24184753
24184754
24184756
24184760
24184771
24184774
24184777
24184778
24184780
24184785
24184786
24184788
24184792
24184801
24184802
24184804
24184808
24185315
24185317
24185318
24185322
24185324
24185330
24185332
24185795
24185798
24185801
24185802
24185804
24185809
24185810
24185812
24185816
24185825
24185826
24185828
24185832
24186217
24186220
24186225
24186226
24186228
24186232
24186337
24186338
24186340
24186344
24186391
24186395
24186397
24186398
24186411
24186413
24186414
24186419
24186422
24186425
24186426
24186428
24186443
24186445
24186451
24186453
24186454
24186457
24186458
24186460
24186473
24186476
24186481
24186482
24186484
24186488
24186503
24186507
24186509
24186515
24186517
24186518
24186521
24186524
24186531
24186533
24186534
24186537
24186538
24186540
24186545
24186546
24186548
24186552
24186563
24186569
24186577
24186578
24186580
24186584
24186593
24186594
24186596
24186600
24186643
24186649
24186652
24186665
24186673
24186674
24186680
24186700
24186705
24186706
24186708
24186712
24186758
24186761
24186764
24186769
24186772
24186776
24186785
24186786
24186788
24186792
24186818
24186820
24186824
24188697
24188700
24188713
24188714
24188716
24188728
24188745
24188746
24188748
24188760
24188776
24188803
24188805
24188806
24188809
24188812
24188817
24188820
24188824
24188833
24188834
24188836
24188840
24188848
24188865
24188866
24188868
24188872
24188880
24188896
24189410
24189412
24189889
24189890
24189892
24189896
24189904
24189920
24190305
24190306
24190308
24190312
24190320
24190432
24190483
24190489
24190499
24190502
24190505
24190506
24190508
24190513
24190514
24190520
24190531
24190533
24190534
24190537
24190538
24190540
24190545
24190546
24190548
24190552
24190561
24190562
24190564
24190568
24190576
24190595
24190597
24190598
24190601
24190604
24190609
24190612
24190616
24190625
24190626
24190628
24190632
24190640
24190657
24190658
24190660
24190664
24190672
24190688
24190723
24190729
24190732
24190737
24190744
24190753
24190754
24190760
24190768
24190785
24190786
24190788
24190792
24190800
24190816
24190849
24190852
24190856
24190864
24190880
24190912
24192824
24192856
24192899
24192901
24192902
24192905
24192906
24192908
24192913
24192914
24192916
24192920
24192929
24192930
24192932
24192936
24192944
24192961
24192962
24192964
24192968
24192976
24192992
24193475
24193478
24193482
24193490
24193506
24193508
24193985
24193986
24193988
24193992
24194000
24194016
24194354
24194386
24194416
24194466
24194498
24194528
24194601
24194609
24194610
24194616
24194633
24194636
24194641
24194642
24194644
24194648
24194672
24194691
24194693
24194694
24194697
24194705
24194706
24194708
24194712
24194721
24194722
24194724
24194728
24194736
24194753
24194754
24194756
24194760
24194768
24194784
24194825
24194833
24194834
24194840
24194864
24194896
24194945
24194946
24194948
24194952
24194960
24194976
24195008
24196936
24196993
24196994
24196996
24197000
24197008
24197024
24197056
24197570
24198080
24198434
24198466
24198496
24198689
24198690
24198696
24198704
24198721
24198722
24198724
24198728
24198736
24198752
24198800
24198816
24198848
24198913
24198914
24198920
24198928
24198944
24198976
24199040
24201048
24201091
24201094
24201097
24201098
24201100
24201105
24201106
24201108
24201112
24201121
24201122
24201124
24201128
24201136
24201154
24201156
24201160
24201168
24201184
24201550
24201558
24201580
24201588
24201638
24201667
24201670
24201674
24201682
24201697
24201698
24201700
24201704
24201712
24202060
24202068
24202118
24202124
24202132
24202148
24202178
24202180
24202184
24202192
24202208
24202546
24202578
24202608
24202658
24202690
24202720
24202793
24202796
24202801
24202802
24202804
24202808
24202833
24202834
24202836
24202840
24202864
24202913
24202914
24202916
24202920
24202928
24202960
24202976
24203020
24203025
24203026
24203028
24203032
24203056
24203088
24203138
24203140
24203144
24203152
24203168
24203200
24205185
24205186
24205188
24205192
24205200
24205216
24205248
24205638
24205668
24205762
24205792
24206148
24206212
24206272
24206626
24206658
24206688
24206881
24206882
24206884
24206888
24206896
24206928
24206944
24207008
24207040
24207105
24207106
24207108
24207112
24207120
24207136
24207168
24207232
24209281
24209282
24209284
24209288
24209296
24209312
24209344
24209740
24209748
24209857
24209858
24209860
24209864
24209872
24209888
24210308
24210368
24210736
24210768
24210848
24210880
24210992
24211104
24211136
24211216
24211328
24213376
24213828
24213952
24214816
24214848
24215072
24217478
24217481
24217484
24217489
24217492
24217496
24217505
24217506
24217508
24217512
24217520
24217538
24217540
24217544
24217552
24217568
24217957
24217958
24217964
24217972
24218082
24218084
24218438
24218444
24218452
24218468
24218502
24218508
24218516
24218532
24218562
24218564
24218568
24218576
24218592
24218977
24218978
24218980
24218984
24218992
24219104
24219171
24219173
24219174
24219177
24219185
24219186
24219188
24219192
24219233
24219234
24219236
24219240
24219248
24219297
24219298
24219300
24219304
24219312
24219360
24219398
24219401
24219404
24219409
24219412
24219416
24219425
24219426
24219428
24219432
24219440
24219458
24219460
24219464
24219472
24219488
24219524
24219528
24219536
24219552
24219584
24221584
24221600
24221632
24222052
24222532
24222596
24222656
24223072
24223280
24223328
24223392
24223489
24223492
24223496
24223504
24223520
24223552
24223616
24225696
24225728
24226118
24226148
24226242
24226628
24226692
24226752
24227106
24227138
24227168
24227424
24227488
24227585
24227586
24227588
24227592
24227600
24227616
24227648
24227712
24233920
24234307
24234310
24234314
24234322
24234337
24234338
24234340
24234344
24234352
24234402
24234434
24234464
24234818
24234820
24234824
24234832
24234848
24234882
24234884
24234888
24234896
24234912
24234944
24235298
24235330
24235360
24235616
24235778
24235780
24235784
24235792
24235808
24235840
24235904
24238402
24238432
24238912
24238976
24242497
24242498
24242500
24242504
24242512
24242528
24242624
24243008
24243072
24243488
24243520
24253388
24253396
24253400
24254233
24254236
24254264
24254296
24254345
24254348
24254353
24254356
24254360
24254369
24254376
24254384
24254408
24254416
24255432
24255440
24255763
24255794
24255820
24255825
24255826
24255828
24255832
24255856
24255944
24255952
24256019
24256025
24256028
24256041
24256049
24256050
24256056
24256076
24256081
24256082
24256084
24256088
24256112
24256137
24256140
24256145
24256148
24256152
24256161
24256168
24256176
24256200
24256208
24256273
24256280
24256304
24256336
24256392
24256400
24257478
24257508
24258438
24258441
24258449
24258465
24258466
24258468
24258472
24258480
24258498
24258528
24259522
24259552
24259896
24259974
24260001
24260002
24260004
24260008
24260016
24260034
24260064
24260121
24260137
24260152
24260230
24260233
24260241
24260257
24260258
24260260
24260264
24260272
24260290
24260320
24260512
24262424
24262536
24262544
24262560
24263984
24264016
24264096
24264209
24264210
24264216
24264232
24264240
24264272
24264328
24264336
24264352
24264464
24265628
24265638
24265670
24265676
24265684
24265688
24265700
24266630
24266636
24266644
24266658
24266660
24266690
24266692
24266696
24266704
24266720
24267596
24267654
24267660
24267668
24267684
24267714
24267716
24267720
24267728
24267744
24268108
24268120
24268166
24268180
24268194
24268196
24268226
24268228
24268232
24268240
24268256
24268316
24268376
24268436
24268450
24268452
24268496
24268512
24268676
24268736
24269764
24269768
24270616
24270724
24270728
24270736
24270784
24271748
24271808
24272200
24272208
24272272
24272320
24272401
24272402
24272404
24272408
24272432
24272456
24272464
24272516
24272520
24272528
24272576
24272656
24273860
24274820
24274848
24274880
24275844
24275904
24276416
24276612
24276640
24276672
24280592
24282012
24282022
24282054
24282060
24282068
24282072
24282084
24282905
24282908
24282936
24282964
24282968
24283014
24283017
24283020
24283025
24283028
24283032
24283041
24283042
24283044
24283048
24283056
24283074
24283076
24283080
24283088
24283104
24283974
24283980
24283988
24284004
24284038
24284044
24284052
24284068
24284098
24284100
24284104
24284112
24284128
24284486
24284500
24284504
24284516
24284610
24284612
24284616
24284624
24284640
24284697
24284700
24284710
24284713
24284728
24284756
24284760
24284772
24284809
24284817
24284820
24284824
24284833
24284834
24284836
24284840
24284848
24284880
24284896
24284952
24284996
24285060
24285064
24285072
24285088
24285120
24286100
24286148
24286160
24286993
24286996
24287000
24287024
24287056
24287105
24287108
24287112
24287120
24287136
24287168
24288068
24288132
24288192
24288592
24288704
24288785
24288788
24288792
24288801
24288816
24288836
24288848
24288897
24288900
24288904
24288912
24288928
24288960
24289040
24289152
24290212
24290242
24290244
24290272
24291089
24291096
24291120
24291201
24291202
24291204
24291208
24291216
24291232
24291264
24292164
24292228
24292288
24292800
24292881
24292888
24292897
24292898
24292900
24292904
24292912
24292930
24292932
24292960
24292993
24292994
24292996
24293000
24293008
24293024
24293056
24293152
24293248
24295184
24295296
24296976
24296992
24297088
24298324
24298392
24298402
24298434
24298436
24298440
24298448
24298464
24299288
24299344
24299394
24299396
24299400
24299408
24299424
24299456
24300354
24300356
24300360
24300368
24300384
24300418
24300420
24300424
24300432
24300448
24300480
24300992
24301080
24301090
24301136
24301152
24301200
24301216
24301376
24301440
24302480
24302528
24303376
24303488
24304448
24304512
24305168
24305216
24305280
24306592
24306624
24307584
24308544
24308608
24309280
24309312
24309376
24314822
24314828
24314836
24314840
24314852
24315228
24315302
24315352
24315362
24315449
24315484
24315545
24315548
24315569
24315576
24315608
24315673
24315676
24315704
24315736
24315782
24315785
24315788
24315793
24315796
24315800
24315809
24315810
24315812
24315816
24315842
24315844
24315848
24316358
24316364
24316372
24316386
24316388
24316614
24316620
24316628
24316644
24316866
24316868
24316872
24316979
24317041
24317042
24317094
24317154
24317203
24317234
24317260
24317265
24317266
24317268
24317272
24317318
24317346
24317378
24317380
24317384
24317459
24317465
24317468
24317481
24317489
24317490
24317496
24317516
24317521
24317522
24317524
24317528
24317574
24317577
24317580
24317585
24317588
24317592
24317601
24317602
24317604
24317608
24317634
24317636
24317640
24317713
24317720
24317828
24317832
24318916
24318920
24319308
24319432
24319529
24319564
24319625
24319628
24319640
24319649
24319656
24319688
24319753
24319756
24319768
24319784
24319816
24319873
24319876
24319880
24319888
24319904
24319936
24320452
24320708
24320960
24321059
24321121
24321122
24321283
24321314
24321345
24321346
24321348
24321352
24321360
24321376
24321472
24321539
24321545
24321548
24321553
24321560
24321569
24321570
24321576
24321584
24321601
24321602
24321604
24321608
24321616
24321632
24321665
24321668
24321672
24321680
24321696
24321728
24321793
24321800
24321856
24321920
24323012
24323238
24323241
24323256
24323298
24323462
24323522
24323640
24323718
24323721
24323736
24323745
24323746
24323748
24323752
24323760
24323778
24323808
24323864
24323969
24323970
24323972
24323976
24323984
24324000
24324032
24324546
24324548
24324802
24324804
24324832
24325056
24325161
24325169
24325170
24325176
24325232
24325281
24325282
24325284
24325288
24325296
24325344
24325394
24325424
24325456
24325506
24325536
24325568
24325641
24325649
24325650
24325656
24325680
24325712
24325761
24325762
24325764
24325768
24325776
24325792
24325824
24325904
24326016
24327336
24327720
24327816
24327840
24327944
24328064
24329249
24329250
24329256
24329264
24329312
24329376
24329474
24329504
24329536
24329729
24329730
24329736
24329744
24329760
24329792
24329856
24331204
24331430
24331490
24331608
24331654
24331660
24331668
24331672
24331684
24331714
24331716
24331720
24331728
24331744
24331864
24331910
24331916
24331924
24331928
24331938
24331940
24331970
24331972
24331976
24331984
24332000
24332056
24332162
24332164
24332168
24332176
24332192
24332224
24332620
24332628
24332738
24332740
24332744
24332752
24332768
24332876
24332884
24332994
24332996
24333000
24333008
24333024
24333188
24333248
24333361
24333362
24333474
24333580
24333585
24333586
24333588
24333592
24333616
24333648
24333698
24333700
24333704
24333712
24333728
24333760
24333836
24333841
24333842
24333844
24333848
24333872
24333904
24333954
24333956
24333960
24333968
24333984
24334016
24334096
24334208
24335688
24335748
24335752
24335808
24335944
24336004
24336008
24336064
24336136
24336256
24336708
24336832
24336964
24337088
24337441
24337442
24337665
24337666
24337668
24337672
24337680
24337696
24337728
24337792
24337921
24337922
24337924
24337928
24337936
24337952
24337984
24338048
24339620
24339680
24339844
24339904
24340100
24340128
24340160
24340352
24340928
24341184
24341552
24341664
24341776
24341888
24342032
24342144
24347526
24347532
24347540
24347556
24347586
24347588
24347592
24347600
24347616
24347750
24347814
24347874
24347974
24347980
24347988
24348002
24348004
24348038
24348066
24348098
24348100
24348104
24348112
24348128
24348198
24348201
24348209
24348230
24348236
24348244
24348260
24348294
24348297
24348300
24348305
24348308
24348312
24348321
24348322
24348324
24348328
24348336
24348354
24348356
24348360
24348368
24348384
24348422
24348425
24348428
24348433
24348436
24348440
24348449
24348450
24348452
24348456
24348464
24348482
24348484
24348488
24348496
24348512
24348548
24348552
24348560
24348576
24348608
24349062
24349124
24349254
24349260
24349268
24349380
24349508
24349572
24349632
24349734
24349794
24349958
24349986
24350018
24350020
24350024
24350032
24350048
24350144
24350214
24350217
24350220
24350225
24350228
24350232
24350241
24350242
24350244
24350248
24350256
24350274
24350276
24350280
24350288
24350304
24350340
24350344
24350352
24350368
24350468
24350472
24350480
24350496
24351620
24351680
24352068
24352192
24352289
24352324
24352385
24352388
24352392
24352400
24352416
24352448
24352513
24352516
24352520
24352528
24352544
24352576
24352640
24354112
24354305
24354308
24354312
24354320
24354336
24354368
24354432
24355716
24355776
24355938
24355940
24356001
24356002
24356004
24356008
24356016
24356064
24356162
24356164
24356226
24356256
24356288
24356385
24356386
24356388
24356392
24356400
24356418
24356420
24356448
24356481
24356482
24356484
24356488
24356496
24356512
24356544
24356609
24356610
24356612
24356616
24356624
24356640
24356672
24356736
24357921
24357922
24357924
24357928
24357936
24357984
24358048
24358146
24358176
24358208
24358401
24358402
24358404
24358408
24358416
24358432
24358464
24358528
24360096
24363844
24363906
24363908
24363912
24363920
24363936
24363968
24364130
24364194
24364354
24364356
24364360
24364368
24364384
24364418
24364420
24364424
24364432
24364448
24364480
24364578
24364610
24364612
24364616
24364624
24364640
24364674
24364676
24364680
24364688
24364704
24364736
24364802
24364804
24364808
24364816
24364832
24364864
24364928
24365378
24365380
24365384
24365392
24365408
24365444
24365504
24365634
24365636
24365640
24365648
24365664
24365760
24365888
24365952
24366114
24366338
24366340
24366344
24366352
24366368
24366400
24366464
24366594
24366596
24366600
24366608
24366624
24366656
24366720
24368704
24372384
24372800
24385081
24385116
24385159
24385163
24385165
24385166
24385177
24385180
24385187
24385189
24385193
24385194
24385196
24385201
24385208
24385219
24385225
24385226
24385228
24385240
24385249
24385256
24385305
24385308
24385336
24385368
24385417
24385420
24385425
24385428
24385432
24385441
24385448
24385456
24385480
24385488
24386332
24386380
24386388
24386441
24386444
24386449
24386452
24386456
24386465
24386472
24386480
24386504
24386512
24386835
24386857
24386865
24386866
24386872
24386898
24386928
24386977
24386984
24386992
24387091
24387097
24387100
24387113
24387121
24387122
24387128
24387148
24387153
24387154
24387156
24387160
24387184
24387209
24387212
24387217
24387220
24387224
24387233
24387240
24387248
24387272
24387280
24387345
24387352
24387408
24387464
24387472
24389255
24389259
24389261
24389273
24389283
24389285
24389286
24389289
24389290
24389292
24389297
24389304
24389315
24389321
24389345
24389346
24389348
24389352
24389510
24389513
24389521
24389537
24389538
24389540
24389544
24389552
24389570
24389600
24390534
24390537
24390545
24390561
24390562
24390564
24390568
24390576
24390594
24390624
24390937
24390953
24390968
24391046
24391057
24391073
24391074
24391076
24391080
24391088
24391106
24391136
24391193
24391209
24391224
24391305
24391313
24391329
24391330
24391332
24391336
24391344
24391392
24391584
24393272
24393350
24393353
24393354
24393356
24393368
24393377
24393378
24393380
24393384
24393392
24393410
24393416
24393440
24393496
24393608
24393616
24393632
24394632
24394640
24394656
24395025
24395026
24395032
24395048
24395056
24395088
24395152
24395168
24395281
24395282
24395288
24395304
24395312
24395344
24395400
24395408
24395424
24395536
24397475
24397477
24397478
24397482
24397484
24397537
24397538
24397540
24397544
24397702
24397708
24397716
24397730
24397732
24397762
24397764
24397768
24397776
24397792
24398620
24398680
24398726
24398732
24398740
24398754
24398756
24398786
24398788
24398792
24398800
24398816
24399192
24399266
24399268
24399312
24399328
24399522
24399524
24399584
24399748
24399808
24401496
24401541
24401542
24401545
24401546
24401548
24401556
24401560
24401569
24401570
24401572
24401576
24401601
24401602
24401604
24401608
24401616
24401632
24401688
24401796
24401800
24401808
24401856
24402768
24402820
24402824
24402832
24402880
24403248
24403280
24403473
24403474
24403476
24403480
24403504
24403528
24403536
24403588
24403592
24403600
24403648
24403728
24405641
24405665
24405666
24405668
24405672
24405728
24405892
24405920
24405952
24406916
24406944
24406976
24407456
24407712
24409732
24409736
24409760
24409792
24411664
24413753
24413849
24413859
24413861
24413862
24413865
24413866
24413868
24413873
24413880
24413921
24413922
24413924
24413928
24413977
24413980
24414008
24414036
24414040
24414086
24414089
24414092
24414097
24414100
24414104
24414113
24414114
24414116
24414120
24414128
24414146
24414148
24414152
24414160
24414176
24415110
24415116
24415121
24415124
24415128
24415137
24415138
24415140
24415144
24415152
24415170
24415172
24415176
24415184
24415200
24415526
24415544
24415588
24415649
24415650
24415652
24415656
24415664
24415712
24415769
24415782
24415785
24415800
24415844
24415889
24415905
24415906
24415908
24415912
24415920
24415968
24416024
24416068
24416132
24416136
24416144
24416160
24417833
24417841
24417868
24417876
24417923
24417925
24417926
24417929
24417932
24417937
24417940
24417944
24417953
24417954
24417956
24417960
24417968
24417985
24417986
24417988
24417992
24418000
24418016
24418065
24418068
24418072
24418096
24418128
24418177
24418180
24418184
24418192
24418208
24418240
24419216
24419232
24419264
24419632
24419744
24419857
24419860
24419864
24419873
24419888
24419908
24419920
24419969
24419972
24419976
24419984
24420000
24420032
24420112
24420224
24421937
24421944
24422025
24422033
24422040
24422049
24422050
24422052
24422056
24422112
24422161
24422168
24422192
24422273
24422274
24422276
24422280
24422288
24422304
24422336
24423312
24423328
24423728
24423840
24423953
24423960
24423969
24423970
24423972
24423976
24423984
24424032
24424065
24424080
24424096
24424224
24424320
24426032
24426113
24426114
24426116
24426120
24426128
24426144
24426176
24426256
24426368
24428048
24428064
24428160
24430241
24430242
24430244
24430248
24430304
24430360
24430416
24430466
24430468
24430472
24430480
24430496
24430528
24431504
24432162
24432224
24432288
24432448
24432512
24434256
24434305
24434306
24434308
24434312
24434320
24434336
24434368
24434448
24434560
24436240
24436288
24436352
24438432
24438656
24440352
24445023
24445053
24445054
24445143
24445147
24445150
24445278
24445308
24445414
24445501
24445502
24445533
24445534
24445564
24445625
24445660
24445725
24445726
24445756
24445788
24445849
24445852
24445862
24445865
24445880
24445894
24445900
24445908
24445912
24445924
24446043
24446046
24446103
24446107
24446110
24446137
24446163
24446170
24446374
24446377
24446392
24446434
24446521
24446556
24446617
24446620
24446641
24446648
24446680
24446745
24446748
24446776
24446808
24446854
24446857
24446860
24446865
24446868
24446872
24446881
24446882
24446884
24446888
24446914
24446916
24446920
24447063
24447070
24447175
24447179
24447187
24447190
24447206
24447430
24447458
24447460
24447580
24447654
24447657
24447665
24447700
24447716
24447772
24447820
24447828
24447878
24447881
24447884
24447889
24447892
24447896
24447905
24447906
24447908
24447912
24447938
24447940
24447944
24448023
24448027
24448030
24448051
24448057
24448075
24448083
24448086
24448090
24448113
24448114
24448135
24448139
24448147
24448150
24448166
24448169
24448177
24448195
24448210
24448226
24448275
24448297
24448305
24448306
24448312
24448338
24448390
24448417
24448418
24448420
24448424
24448450
24448531
24448537
24448540
24448553
24448561
24448562
24448568
24448593
24448594
24448596
24448600
24448649
24448657
24448660
24448664
24448673
24448674
24448676
24448680
24448785
24448792
24448900
24448904
24449118
24449223
24449227
24449230
24449628
24449705
24449740
24449820
24449929
24449932
24449944
24449960
24449988
24449992
24450123
24450126
24450183
24450187
24450190
24450217
24450243
24450250
24450472
24450601
24450636
24450697
24450700
24450712
24450721
24450728
24450760
24450825
24450828
24450840
24450856
24450888
24450945
24450948
24450952
24450960
24450976
24451008
24451143
24451150
24451267
24451270
24451660
24451745
24451780
24451852
24451908
24451969
24451972
24451976
24451984
24452000
24452032
24452103
24452107
24452110
24452115
24452131
24452137
24452145
24452163
24452166
24452170
24452178
24452193
24452194
24452227
24452230
24452257
24452290
24452355
24452385
24452386
24452392
24452418
24452448
24452512
24452611
24452617
24452620
24452625
24452632
24452641
24452642
24452648
24452673
24452674
24452676
24452680
24452688
24452704
24452737
24452740
24452744
24452752
24452768
24452800
24452865
24452872
24452992
24453213
24453214
24453244
24453319
24453323
24453325
24453326
24453334
24453338
24453340
24453350
24453468
24453574
24453692
24453724
24453798
24453801
24453816
24453830
24453860
24453916
24454022
24454025
24454040
24454084
24454234
24454236
24454279
24454283
24454285
24454286
24454294
24454297
24454298
24454300
24454310
24454313
24454328
24454339
24454342
24454345
24454346
24454354
24454360
24454370
24454534
24454537
24454552
24454594
24454712
24454790
24454793
24454808
24454817
24454818
24454820
24454824
24454832
24454850
24454880
24454936
24455041
24455042
24455044
24455048
24455056
24455072
24455104
24455245
24455246
24455254
24455260
24455363
24455365
24455366
24455370
24455372
24455378
24455380
24455394
24455396
24455618
24455620
24455841
24455842
24455844
24455848
24455856
24455874
24455876
24455904
24456065
24456066
24456068
24456072
24456080
24456096
24456128
24456203
24456205
24456206
24456211
24456214
24456217
24456218
24456220
24456233
24456241
24456242
24456248
24456265
24456268
24456273
24456274
24456276
24456280
24456304
24456323
24456325
24456326
24456329
24456330
24456332
24456337
24456338
24456340
24456344
24456353
24456354
24456356
24456360
24456368
24456385
24456386
24456388
24456392
24456400
24456416
24456457
24456465
24456466
24456472
24456496
24456528
24456577
24456578
24456580
24456584
24456592
24456608
24456640
24456713
24456721
24456722
24456728
24456752
24456784
24456833
24456834
24456836
24456840
24456848
24456864
24456896
24456976
24457088
24457308
24457414
24457418
24457420
24457896
24458120
24458314
24458316
24458374
24458377
24458378
24458380
24458392
24458408
24458434
24458440
24458632
24458792
24458888
24458912
24459016
24459136
24459334
24459340
24459458
24459460
24459936
24460160
24460291
24460294
24460297
24460298
24460300
24460305
24460306
24460312
24460321
24460322
24460328
24460336
24460353
24460354
24460356
24460360
24460368
24460384
24460417
24460418
24460420
24460424
24460432
24460448
24460480
24460545
24460546
24460552
24460560
24460608
24460672
24460801
24460802
24460808
24460816
24460832
24460864
24460928
24461406
24461511
24461515
24461526
24461530
24461542
24461766
24461796
24461916
24461990
24462040
24462052
24462108
24462214
24462220
24462228
24462232
24462244
24462276
24462426
24462471
24462475
24462486
24462490
24462502
24462531
24462546
24462562
24462680
24462726
24462756
24462786
24462788
24462792
24462800
24462816
24462936
24463000
24463010
24463012
24463072
24463128
24463234
24463236
24463240
24463248
24463264
24463296
24463435
24463446
24463450
24463555
24463570
24463586
24463810
24463840
24463956
24463960
24464034
24464080
24464096
24464140
24464148
24464258
24464260
24464264
24464272
24464288
24464320
24464395
24464403
24464406
24464410
24464433
24464434
24464466
24464515
24464530
24464546
24464658
24464688
24464720
24464770
24464800
24464832
24464913
24464914
24464920
24464944
24464976
24465056
24465168
24465280
24465606
24465610
24466116
24466120
24466308
24466312
24466506
24466566
24466570
24466626
24466760
24466880
24467016
24467076
24467080
24467136
24467208
24467328
24467526
24467530
24467650
24468036
24468040
24468160
24468228
24468352
24468483
24468486
24468490
24468498
24468513
24468610
24468800
24468993
24468996
24469000
24469008
24469120
24469596
24469701
24469702
24469705
24469708
24469716
24469720
24469732
24469956
24470180
24470212
24470404
24470616
24470661
24470662
24470665
24470668
24470676
24470680
24470692
24470721
24470728
24470736
24470752
24470916
24470976
24471172
24471200
24471232
24471424
24471625
24471628
24471636
24471640
24471745
24471746
24471748
24471752
24471760
24471776
24472000
24472224
24472256
24472448
24472585
24472588
24472593
24472594
24472596
24472600
24472624
24472656
24472705
24472706
24472708
24472712
24472720
24472736
24472768
24472848
24472960
24473104
24473216
24475720
24476673
24476800
24477775
24477783
24477787
24477790
24477799
24477803
24477805
24477806
24477811
24477813
24477814
24477895
24477899
24477907
24477910
24477926
24478023
24478027
24478030
24478035
24478038
24478051
24478053
24478054
24478058
24478060
24478066
24478068
24478150
24478178
24478180
24478247
24478251
24478253
24478254
24478259
24478261
24478262
24478265
24478279
24478283
24478285
24478291
24478293
24478294
24478300
24478309
24478310
24478313
24478316
24478321
24478324
24478374
24478377
24478385
24478436
24478471
24478475
24478477
24478478
24478483
24478485
24478486
24478489
24478492
24478499
24478501
24478502
24478505
24478506
24478508
24478513
24478514
24478516
24478520
24478531
24478534
24478537
24478538
24478540
24478545
24478546
24478548
24478552
24478561
24478562
24478564
24478568
24478576
24478598
24478601
24478604
24478609
24478612
24478616
24478625
24478626
24478628
24478632
24478640
24478658
24478660
24478664
24478672
24478688
24478791
24478795
24478803
24478806
24478822
24478855
24478859
24478867
24478870
24478886
24478889
24478897
24478915
24478930
24478946
24479046
24479074
24479076
24479110
24479137
24479138
24479140
24479144
24479152
24479170
24479200
24479270
24479273
24479281
24479332
24479369
24479377
24479393
24479394
24479396
24479400
24479408
24479456
24479494
24479497
24479500
24479505
24479508
24479512
24479521
24479522
24479524
24479528
24479536
24479554
24479556
24479560
24479568
24479584
24479620
24479624
24479632
24479648
24479815
24479819
24479827
24479830
24479846
24480070
24480098
24480100
24480294
24480297
24480305
24480356
24480518
24480521
24480524
24480529
24480532
24480536
24480545
24480546
24480548
24480552
24480560
24480578
24480580
24480584
24480592
24480608
24480644
24480648
24480656
24480672
24480775
24480779
24480787
24480790
24480806
24480809
24480817
24480835
24480850
24480866
24481030
24481057
24481058
24481060
24481064
24481072
24481090
24481120
24481184
24481289
24481297
24481304
24481313
24481314
24481316
24481320
24481328
24481376
24481540
24481544
24481552
24481863
24481867
24481870
24481875
24481878
24481891
24481893
24481894
24481987
24481990
24482115
24482118
24482146
24482148
24482339
24482341
24482342
24482345
24482353
24482371
24482373
24482374
24482380
24482388
24482401
24482404
24482465
24482500
24482563
24482565
24482566
24482569
24482572
24482580
24482584
24482593
24482594
24482596
24482600
24482608
24482625
24482626
24482628
24482632
24482640
24482656
24482689
24482692
24482696
24482704
24482720
24482752
24482883
24482886
24482947
24482950
24482977
24483010
24483232
24483361
24483396
24483457
24483460
24483464
24483472
24483488
24483520
24483585
24483588
24483592
24483600
24483616
24483648
24483712
24483907
24483910
24484385
24484420
24484609
24484612
24484616
24484624
24484640
24484672
24484867
24484870
24484897
24484930
24485152
24485377
24485380
24485384
24485408
24485440
24485504
24485959
24485963
24485965
24485966
24485971
24485973
24485974
24485978
24485980
24485987
24485989
24485990
24485994
24485996
24486002
24486004
24486083
24486085
24486086
24486090
24486092
24486098
24486100
24486114
24486116
24486211
24486213
24486214
24486218
24486220
24486226
24486228
24486242
24486244
24486338
24486340
24486435
24486437
24486438
24486441
24486442
24486444
24486450
24486452
24486456
24486467
24486469
24486470
24486474
24486476
24486482
24486484
24486497
24486500
24486504
24486512
24486561
24486562
24486564
24486568
24486576
24486594
24486596
24486624
24486659
24486661
24486662
24486665
24486666
24486668
24486673
24486674
24486676
24486680
24486689
24486690
24486692
24486696
24486704
24486721
24486722
24486724
24486728
24486736
24486752
24486785
24486786
24486788
24486792
24486800
24486816
24486848
24486979
24486981
24486982
24486986
24486988
24486994
24486996
24487010
24487012
24487043
24487045
24487049
24487050
24487052
24487057
24487058
24487060
24487073
24487074
24487076
24487080
24487088
24487105
24487106
24487112
24487120
24487136
24487234
24487236
24487297
24487298
24487300
24487304
24487312
24487328
24487360
24487457
24487458
24487460
24487464
24487472
24487490
24487492
24487520
24487553
24487554
24487556
24487560
24487568
24487584
24487616
24487681
24487682
24487684
24487688
24487696
24487712
24487744
24487808
24488003
24488005
24488006
24488010
24488012
24488018
24488020
24488034
24488036
24488130
24488258
24488260
24488481
24488482
24488484
24488488
24488496
24488514
24488516
24488544
24488608
24488705
24488706
24488708
24488712
24488720
24488736
24488768
24488832
24488963
24488965
24488966
24488969
24488970
24488972
24488977
24488978
24488980
24488993
24488994
24488996
24489000
24489008
24489025
24489026
24489028
24489032
24489040
24489056
24489089
24489090
24489092
24489096
24489104
24489120
24489152
24489217
24489218
24489220
24489224
24489232
24489248
24489280
24489344
24489473
24489474
24489476
24489480
24489488
24489536
24489600
24490054
24490066
24490068
24490308
24490536
24490656
24490756
24490760
24490784
24491137
24491168
24492098
24493057
24493058
24493184
24494151
24494163
24494166
24494170
24494179
24494182
24494185
24494186
24494193
24494194
24494275
24494290
24494306
24494403
24494406
24494409
24494410
24494417
24494418
24494433
24494434
24494436
24494440
24494448
24494530
24494560
24494627
24494633
24494634
24494641
24494642
24494659
24494665
24494673
24494674
24494689
24494696
24494704
24494754
24494816
24494851
24494854
24494857
24494858
24494860
24494865
24494866
24494868
24494872
24494881
24494882
24494884
24494888
24494896
24494916
24494920
24494928
24494944
24494978
24494980
24494984
24494992
24495008
24495040
24495171
24495186
24495202
24495235
24495250
24495266
24495426
24495456
24495490
24495520
24495650
24495712
24495776
24495874
24495876
24495880
24495888
24495904
24495936
24496195
24496210
24496226
24496450
24496480
24496674
24496736
24496898
24496900
24496904
24496912
24496928
24496960
24497024
24497155
24497170
24497186
24497410
24497440
24497696
24498246
24498258
24498497
24498760
24498768
24498948
24498952
24498976
24499776
24500290
24501250
24502342
24502353
24502354
24502356
24502360
24502376
24502384
24502465
24502480
24502496
24502593
24502596
24502600
24502608
24502720
24502824
24502856
24502864
24502944
24503044
24503048
24503072
24503361
24503376
24503425
24503456
24503872
24504385
24504386
24504392
24504400
24504416
24505345
24505346
24505472
24506448
24515356
24515480
24515992
24516233
24516236
24516248
24516257
24516264
24516296
24516376
24516488
24516496
24517512
24517520
24517912
24518024
24518032
24518168
24518280
24518288
24520326
24520329
24520353
24520354
24520356
24520360
24520386
24520416
24520608
24521632
24522144
24522400
24524424
24524448
24527812
24528546
24528548
24528608
24528772
24528832
24529348
24529796
24529856
24530308
24530368
24532616
24532672
24536708
24536736
24536768
24544025
24544028
24544056
24544084
24544088
24544152
24544196
24544664
24544905
24544920
24544929
24544930
24544932
24544936
24544992
24545048
24545156
24545160
24545168
24545732
24546072
24546116
24546180
24546184
24546192
24546584
24546628
24546692
24546696
24546704
24546840
24546960
24548116
24548120
24548144
24548176
24548240
24548752
24548993
24549000
24549008
24549024
24549056
24549136
24549248
24550160
24550672
24550784
24551040
24552216
24552240
24552352
24552864
24553089
24553090
24553092
24553096
24553120
24553152
24554144
24554272
24554656
24554880
24555136
24560408
24560464
24560576
24561312
24562112
24562496
24562560
24563072
24576348
24576604
24576796
24576920
24576964
24577432
24577688
24577816
24577924
24577928
24578500
24578756
24578948
24578952
24579121
24579345
24579352
24579460
24579464
24579601
24579608
24579716
24579720
24581000
24581512
24581768
24581896
24582016
24583432
24583552
24583688
24583808
24585888
24586912
24587312
24587424
24587536
24587648
24587792
24587904
24592836
24593092
24593284
24593796
24593856
24594112
24594880
24595136
24595328
24595728
24595840
24596096
24608870
24609094
24609100
24609108
24609124
24609220
24609321
24609350
24609356
24609364
24609476
24609542
24609545
24609548
24609556
24609560
24609569
24609570
24609572
24609576
24609584
24609604
24609608
24609616
24609668
24609672
24609680
24610116
24610180
24610184
24610192
24610372
24610440
24610448
24610564
24610568
24610576
24611140
24611396
24611588
24611592
24611600
24612100
24612104
24612112
24612356
24612360
24613188
24613636
24613640
24613664
24617284
24617512
24617632
24617732
24617736
24617760
24618144
24625476
24625480
24625488
24625600
24625736
24625744
24625924
24625928
24625952
24626752
24647443
24647449
24647452
24647459
24647465
24647473
24647474
24647480
24647491
24647500
24647505
24647506
24647508
24647512
24647521
24647561
24647569
24647572
24647576
24647585
24647592
24647600
24647624
24647632
24648803
24648817
24648818
24649057
24649235
24649241
24649244
24649251
24649257
24649265
24649266
24649272
24649283
24649292
24649297
24649298
24649300
24649304
24649313
24649353
24649356
24649361
24649364
24649368
24649377
24649384
24649392
24649416
24649424
24649489
24649496
24649505
24649608
24649616
24651539
24651545
24651561
24651569
24651570
24651576
24651601
24651602
24651632
24651665
24651681
24651682
24651684
24651688
24651696
24651714
24651744
24652851
24652913
24652914
24652966
24653026
24653106
24653168
24653218
24653280
24653331
24653337
24653353
24653361
24653362
24653368
24653393
24653394
24653424
24653449
24653457
24653473
24653474
24653476
24653480
24653488
24653536
24653585
24653616
24653728
24655633
24655634
24655640
24655649
24655650
24655656
24655664
24655696
24655712
24655760
24655776
24656946
24656994
24657008
24657186
24657248
24657425
24657426
24657432
24657441
24657442
24657448
24657456
24657474
24657488
24657504
24657544
24657552
24657568
24657680
24657696
24659731
24659740
24659762
24659793
24659794
24659796
24659800
24659824
24659860
24659874
24659876
24659920
24659936
24661075
24661105
24661106
24661218
24661330
24661360
24661442
24661472
24661523
24661554
24661585
24661616
24661666
24661668
24661728
24661840
24661892
24661952
24663825
24663826
24663828
24663832
24663856
24663888
24663904
24663952
24665155
24665158
24665162
24665170
24665185
24665186
24665282
24665410
24665440
24665617
24665618
24665620
24665624
24665633
24665634
24665648
24665665
24665666
24665668
24665672
24665680
24665696
24665732
24665736
24665744
24665792
24665872
24665920
24667921
24667952
24667984
24669233
24669266
24669296
24669348
24669408
24669488
24669520
24669600
24669632
24669713
24669744
24669776
24669856
24673346
24673376
24673568
24673600
24673808
24673824
24673856
24676121
24676152
24676180
24676184
24676241
24676244
24676248
24676272
24676304
24677478
24677602
24677732
24677913
24677926
24677929
24677944
24677988
24678033
24678049
24678050
24678052
24678056
24678064
24678168
24678212
24678276
24678280
24678288
24680240
24680272
24680336
24682001
24682004
24682008
24682017
24682032
24682052
24682064
24682113
24682116
24682120
24682128
24682144
24682176
24682256
24682368
24684336
24685666
24685668
24685730
24685792
24685858
24685920
24686097
24686104
24686113
24686114
24686116
24686120
24686128
24686176
24686209
24686224
24686240
24686368
24686464
24690192
24690208
24690304
24693858
24694082
24694112
24694306
24694368
24694432
24694592
24694656
24697922
24698432
24698496
24702048
24702240
24702272
24707996
24708006
24708038
24708044
24708052
24708056
24708068
24708466
24708578
24708659
24708665
24708691
24708721
24708761
24708785
24708792
24708883
24708889
24708892
24708905
24708913
24708914
24708920
24708940
24708945
24708946
24708948
24708952
24708998
24709001
24709004
24709009
24709012
24709016
24709025
24709026
24709028
24709032
24709058
24709060
24709064
24709475
24709478
24709490
24709602
24709604
24709715
24709745
24709798
24709860
24709916
24709926
24709955
24709958
24709964
24709969
24709970
24709972
24709976
24709985
24709986
24709988
24710022
24710028
24710036
24710052
24710082
24710084
24710088
24710243
24710246
24710257
24710258
24710370
24710497
24710498
24710500
24710675
24710681
24710691
24710694
24710697
24710705
24710706
24710712
24710723
24710737
24710738
24710753
24710754
24710756
24710793
24710801
24710817
24710818
24710820
24710824
24710929
24710936
24710945
24710946
24710978
24710980
24711044
24711048
24711884
24712076
24712132
24712136
24712546
24712739
24712745
24712753
24712771
24712780
24712801
24712841
24712844
24712856
24712865
24712872
24712904
24712963
24712969
24712972
24712977
24712984
24712993
24712994
24713000
24713025
24713026
24713028
24713032
24713089
24713092
24713096
24713104
24713120
24713152
24713570
24713795
24713804
24713825
24713924
24713996
24714049
24714050
24714052
24714056
24714116
24714176
24714337
24714338
24714755
24714761
24714764
24714769
24714776
24714785
24714786
24714792
24714817
24714818
24714820
24714824
24714881
24714884
24714888
24714896
24714912
24714944
24715009
24715016
24715942
24715974
24716004
24716166
24716228
24716841
24716849
24716850
24716856
24716882
24716912
24716934
24716937
24716952
24716961
24716962
24716964
24716968
24716976
24716994
24717024
24717065
24717073
24717074
24717080
24717104
24717136
24717185
24717186
24717188
24717192
24717200
24717216
24717248
24717606
24717666
24717862
24717891
24717894
24717906
24717921
24717924
24717936
24717988
24718018
24718020
24718048
24718086
24718145
24718146
24718148
24718160
24718212
24718272
24718371
24718374
24718386
24718433
24718434
24718436
24718448
24718498
24718560
24718626
24718688
24718851
24718854
24718857
24718865
24718866
24718872
24718881
24718882
24718896
24718913
24718914
24718916
24718928
24718944
24718977
24718978
24718980
24718984
24718992
24719008
24719040
24719105
24719106
24719120
24719136
24719168
24719232
24720929
24720936
24720944
24720962
24720992
24721032
24721056
24721153
24721154
24721160
24721184
24721216
24721280
24721986
24722016
24722466
24722528
24722945
24722946
24722952
24722960
24722976
24723008
24723072
24724134
24724196
24724358
24724364
24724372
24724376
24724388
24724420
24724818
24724848
24724930
24724960
24725041
24725042
24725073
24725074
24725104
24725154
24725156
24725216
24725260
24725265
24725266
24725268
24725272
24725296
24725328
24725378
24725380
24725384
24725392
24725408
24725440
24725827
24725830
24725842
24725857
24725860
24725872
24725954
24725984
24726051
24726054
24726065
24726066
24726083
24726097
24726098
24726113
24726116
24726128
24726178
24726240
24726275
24726278
24726284
24726289
24726290
24726292
24726296
24726305
24726308
24726320
24726340
24726352
24726402
24726404
24726408
24726416
24726432
24726464
24726595
24726610
24726626
24726850
24726880
24727043
24727057
24727058
24727073
24727074
24727076
24727088
24727200
24727298
24727300
24727312
24727328
24727360
24727424
24728260
24728264
24728452
24728456
24728898
24728928
24729121
24729153
24729154
24729156
24729160
24729168
24729184
24729224
24729280
24729345
24729346
24729348
24729352
24729376
24729408
24729472
24729922
24729952
24730145
24730146
24730177
24730178
24730180
24730184
24730192
24730208
24730304
24730369
24730370
24730372
24730376
24730384
24730400
24730496
24730690
24731137
24731138
24731140
24731144
24731168
24731200
24731264
24732324
24732356
24732548
24733008
24733232
24733264
24733316
24733344
24733376
24734241
24734244
24734256
24734273
24734276
24734288
24734368
24734400
24734465
24734468
24734480
24734592
24735008
24735040
24735233
24735236
24735248
24735360
24737344
24740518
24740580
24740742
24740748
24740756
24740772
24740802
24740804
24740808
24740816
24741218
24741220
24741414
24741417
24741425
24741476
24741513
24741521
24741537
24741538
24741540
24741544
24741552
24741638
24741641
24741644
24741649
24741652
24741656
24741665
24741666
24741668
24741672
24741680
24741698
24741700
24741704
24741712
24741764
24741768
24741776
24742242
24742244
24742438
24742500
24742662
24742668
24742676
24742692
24742722
24742724
24742728
24742736
24742788
24743010
24743433
24743441
24743457
24743458
24743460
24743464
24743472
24743684
24743688
24744644
24744836
24744896
24745505
24745540
24745601
24745608
24745616
24745632
24745664
24745729
24745732
24745736
24745744
24745760
24745792
24745856
24746564
24746756
24746816
24747521
24747524
24747528
24747552
24747584
24747648
24748708
24748738
24748740
24748768
24748932
24748992
24749601
24749602
24749604
24749608
24749616
24749634
24749636
24749664
24749697
24749698
24749700
24749704
24749712
24749728
24749760
24749825
24749826
24749828
24749832
24749840
24749856
24749888
24750628
24750658
24750660
24750688
24750852
24750912
24751138
24751200
24751617
24751618
24751620
24751624
24751632
24751680
24751744
24756898
24756960
24757122
24757124
24757128
24757136
24757152
24757184
24757570
24757600
24757794
24757856
24757920
24758018
24758020
24758024
24758032
24758048
24758080
24758594
24758624
24758818
24758880
24759042
24759044
24759048
24759056
24759072
24759104
24761920
24765088
24766016
24776871
24776878
24777420
24777827
24778275
24778281
24778289
24778307
24778316
24778337
24778377
24778380
24778392
24778401
24778408
24778440
24778513
24778520
24778529
24778632
24780305
24780312
24780321
24780424
24780967
24780974
24781030
24781222
24781478
24781510
24781540
24781990
24782050
24782377
24782385
24782470
24782473
24782497
24782498
24782500
24782504
24782530
24782560
24782609
24782640
24782752
24783014
24783238
24784401
24784432
24784544
24785062
24786465
24786472
24786480
24786498
24786528
24786568
24786592
24786720
24789159
24789163
24789165
24789166
24789222
24789404
24789414
24789670
24789732
24789956
24790182
24790242
24790690
24790692
24790752
24790864
24790916
24790976
24791091
24791206
24791315
24791324
24791346
24791430
24791436
24791444
24791458
24791460
24791492
24791888
24791940
24792000
24792400
24792452
24792512
24792656
24793253
24793254
24793257
24793258
24793492
24793800
24794209
24794448
24794657
24794689
24794690
24794692
24794696
24794704
24794720
24794760
24794816
24794944
24795186
24795409
24795410
24795412
24795416
24795426
24795440
24795472
24795524
24795536
24795728
24795920
24796432
24796736
24797349
24797350
24797353
24797356
24797412
24797604
24797860
24798372
24798432
24798880
24798912
24799396
24799505
24799536
24799620
24799648
24801444
24801448
24802880
24803600
24805543
24805550
24805606
24805798
24806054
24806116
24806340
24806502
24806566
24806626
24806950
24806953
24807012
24807049
24807064
24807073
24807074
24807076
24807080
24807192
24807236
24807300
24807304
24807590
24807718
24807814
24807876
24808260
24808324
24808772
24808984
24809638
24811041
24811076
24811137
24811144
24811152
24811168
24811200
24813184
24813734
24813794
24813796
24814244
24814274
24814304
24814692
24814754
24814816
24815137
24815140
24815144
24815170
24815172
24815200
24815233
24815234
24815240
24815264
24815296
24815392
24817280
24821923
24821926
24821929
24821930
24821986
24822178
24822434
24822496
24822720
24822946
24823392
24823456
24823616
24823970
24824088
24824098
24824194
24824196
24824208
24824224
24824256
24825216
24826017
24826018
24827456
24828176
24830113
24830114
24830116
24830120
24830176
24830368
24830624
24831136
24831552
24832160
24834208
24838566
24839108
24839729
24839832
24839953
24839960
24840068
24840072
24840358
24840486
24840582
24840644
24840900
24841028
24841092
24841540
24841745
24841752
24841761
24841796
24841860
24841864
24843809
24843912
24844033
24844040
24845825
24845832
24846502
24846726
24847920
24848032
24848422
24848646
24849921
24850048
24854694
24854918
24854924
24854932
24854948
24854980
24855428
24855888
24855940
24856000
24856144
24856256
24856614
24856626
24856738
24856838
24856844
24856849
24856850
24856852
24856856
24856868
24856880
24856900
24856912
24856962
24856964
24856976
24856992
24857024
24857156
24857168
24857280
24857348
24857360
24857860
24857872
24857984
24858116
24858240
24859012
24860224
24860706
24860930
24860932
24860944
24862884
24863108
24864804
24864928
24865028
24865040
24871078
24871302
24871364
24871812
24872260
24872516
24872584
24872708
24872712
24872998
24873222
24873284
24873540
24873732
24874500
24874504
24887458
24887682
24887684
24887712
24887744
24888896
24889378
24889602
24889604
24889616
24895648
24908696
24909347
24909353
24909361
24909379
24909388
24909409
24909449
24909452
24909464
24909473
24909480
24909512
24909585
24909592
24909601
24909704
24910385
24910609
24910616
24910625
24910728
24910867
24910897
24910915
24910930
24911137
24911377
24911384
24911393
24911496
24913449
24913457
24913569
24913570
24913572
24913576
24913632
24913681
24913712
24913824
24914481
24914705
24914736
24914848
24914963
24914969
24914993
24915025
24915026
24915089
24915217
24915248
24915360
24915473
24915504
24915616
24917537
24917544
24917552
24917570
24917600
24917640
24917664
24917792
24918576
24918800
24918816
24919057
24919058
24919088
24919106
24919120
24919176
24919184
24919312
24921028
24921762
24921764
24921824
24921936
24921988
24922048
24922960
24923012
24923072
24923155
24925729
24925761
24925762
24925764
24925768
24925776
24925792
24925832
24925888
24926016
24926800
24926992
24927250
24927298
24927808
24929952
24931345
24931408
24933952
24937368
24937412
24938022
24938025
24938084
24938145
24938146
24938148
24938152
24938264
24938308
24938372
24938376
24939288
24939332
24939396
24939400
24941456
24942113
24942148
24942209
24942216
24942224
24942240
24942272
24943376
24944256
24945568
24946080
24946209
24946212
24946216
24946272
24946336
24946464
24947360
24947488
24947729
24947856
24947872
24948096
24951936
24953792
24954464
24954528
24954688
24958528
24970136
24970180
24970323
24970801
24971025
24971032
24971140
24971144
24971347
24971825
24972049
24972056
24972100
24972164
24972168
24972307
24972337
24972817
24974216
24974403
24974881
24974984
24975105
24975112
24975427
24975905
24976129
24976136
24976387
24976417
24976450
24976897
24976904
24977606
24978514
24978569
24978992
24979104
24979538
24979650
24980016
24980128
24980240
24980486
24980489
24980497
24980498
24980528
24980560
24980609
24980610
24980612
24980616
24980624
24980640
24980672
24980752
24980864
24981120
24983618
24984577
24984578
24984704
24986500
24988432
24991296
24991810
24992770
24994896
24995920
24996992
25002884
25002888
25003780
25003784
25004804
25004808
25010848
25011329
25011360
25012290
25013249
25013250
25013376
25040417
25040520
25044640
25056832
25076384
25076896
26298711
26298727
26298734
26298742
26298854
26299207
26299214
26299222
26299238
26299334
26300230
26302822
26303302
26306918
26307014
26307044
26307397
26307398
26307404
26307412
26307428
26307524
26307910
26307940
26308420
26311492
26323366
26340164
26340228
26340288
26341122
26341184
26366924
26366932
26367820
26371014
26371044
26395590
26395604
26395608
26395620
26396444
26396500
26396504
26396550
26396556
26396564
26396578
26396580
26396610
26396612
26396616
26396624
26396640
26397510
26397516
26397524
26397540
26397574
26397580
26397588
26397604
26397634
26397636
26397640
26397648
26397664
26398532
26398596
26398656
26399696
26400532
26400580
26400592
26400644
26400704
26401604
26401668
26401728
26404738
26404740
26404800
26405700
26405764
26405824
26460998
26461004
26461062
26461068
26461076
26461092
26461122
26461124
26461128
26461136
26461152
26461286
26461350
26461410
26461510
26461516
26461524
26461538
26461540
26461574
26461580
26461588
26461602
26461604
26461634
26461636
26461640
26461648
26461664
26461766
26461772
26461780
26461796
26461830
26461836
26461844
26461858
26461860
26461890
26461892
26461896
26461904
26461920
26462020
26462084
26462144
26462598
26462604
26462660
26462916
26463620
26463680
26463936
26465092
26465156
26465216
26465604
26465668
26465728
26465860
26465984
26466692
26469188
26469252
26469312
26469476
26469538
26469540
26469600
26469698
26469700
26469762
26469764
26469824
26469954
26469956
26470018
26470080
26470788
26482255
26482263
26482267
26482279
26482283
26482285
26482286
26482293
26482300
26482403
26482405
26482409
26482417
26482503
26482510
26482518
26482627
26486363
26486365
26486366
26486396
26486483
26486489
26486490
26486499
26486501
26486502
26486505
26486506
26486508
26486520
26486723
26486726
26486729
26486730
26486738
26486754
26486756
26486760
26488530
26488546
26488548
26490451
26490454
26490458
26490460
26490467
26490469
26490476
26490484
26490563
26490566
26490570
26490578
26490584
26490593
26490594
26490596
26490600
26490608
26490694
26490700
26490818
26490824
26490832
26490848
26492610
26492616
26498643
26498673
26498723
26498725
26498785
26498883
26498892
26498897
26498898
26498900
26498904
26498913
26498928
26499016
26499024
26500944
26502819
26502821
26502822
26502826
26502828
26502881
26502882
26502884
26502888
26503046
26503074
26503076
26503106
26503136
26504742
26504785
26504786
26504801
26504802
26504804
26504816
26504866
26504868
26504928
26505026
26505056
26506864
26506914
26506916
26506976
26507088
26508866
26508880
26508896
26519203
26519205
26519206
26519217
26519265
26519266
26519315
26519317
26519321
26519322
26519324
26519345
26519346
26519348
26519352
26519377
26519378
26519380
26519384
26519408
26519427
26519429
26519430
26519433
26519434
26519436
26519441
26519442
26519444
26519448
26519457
26519458
26519460
26519464
26519472
26519489
26519490
26519492
26519496
26519504
26519520
26521361
26521377
26521378
26521380
26521384
26521392
26521410
26521440
26521504
26523312
26523360
26523409
26523410
26523412
26523416
26523425
26523426
26523428
26523432
26523440
26523458
26523460
26523472
26523488
26523521
26523522
26523524
26523528
26523536
26523552
26523584
26525456
26525472
26535810
26535812
26535872
26558559
26558589
26558590
26558814
26558829
26558830
26558844
26558950
26559069
26559100
26559309
26559310
26559324
26559340
26559398
26559430
26559436
26559444
26559448
26559460
26559910
26559970
26560332
26560344
26560390
26560418
26560420
26560450
26560452
26560456
26560870
26560994
26561350
26561356
26561364
26561380
26561414
26561442
26561444
26561474
26561476
26561480
26562370
26562639
26562647
26562663
26562669
26562670
26562887
26562894
26562918
26562924
26563143
26563149
26563150
26563164
26563173
26563180
26563276
26563397
26563398
26563404
26563412
26563428
26563524
26563528
26563907
26563938
26564163
26564193
26564417
26564418
26564420
26564424
26564432
26564448
26564544
26565444
26565568
26566464
26566735
26566749
26566750
26566765
26566766
26566780
26566855
26566859
26566861
26566862
26566870
26566874
26566876
26566886
26566989
26566990
26567004
26567110
26567245
26567246
26567260
26567276
26567334
26567366
26567396
26567500
26567558
26567620
26567755
26567757
26567758
26567770
26567772
26567815
26567819
26567821
26567822
26567830
26567834
26567836
26567846
26567875
26567878
26567881
26567882
26567890
26567896
26567906
26568070
26568130
26568326
26568354
26568356
26568386
26568416
26568578
26568580
26568640
26568775
26568781
26568782
26568790
26568796
26568806
26568899
26568901
26568902
26568906
26568908
26568914
26568916
26568930
26568932
26569030
26569154
26569156
26569286
26569316
26569378
26569380
26569410
26569412
26569440
26569540
26569602
26569604
26569664
26569735
26569741
26569742
26569750
26569756
26569766
26569795
26569797
26569798
26569801
26569804
26569809
26569810
26569812
26569816
26569825
26569826
26569828
26569840
26569859
26569861
26569862
26569866
26569868
26569874
26569876
26569890
26569892
26569921
26569922
26569924
26569928
26569936
26569952
26569990
26570049
26570050
26570052
26570064
26570080
26570114
26570116
26570176
26570246
26570305
26570306
26570308
26570320
26570336
26570370
26570372
26570432
26570560
26570823
26570830
26570838
26570844
26570854
26570860
26570950
26570954
26570956
26571078
26571084
26571334
26571340
26571588
26571843
26571846
26571850
26571858
26571914
26571916
26572098
26572354
26572384
26572608
26572870
26572876
26572994
26573830
26573836
26573889
26573890
26573896
26573904
26573920
26573954
26573956
26574016
26574400
26583119
26583127
26583131
26583143
26583147
26583149
26583150
26583155
26583157
26583158
26583162
26583164
26583267
26583269
26583270
26583282
26583367
26583371
26583373
26583374
26583379
26583381
26583382
26583386
26583388
26583395
26583397
26583398
26583402
26583404
26583410
26583412
26583491
26583493
26583494
26583498
26583500
26583506
26583508
26583522
26583524
26583623
26583627
26583629
26583630
26583635
26583637
26583638
26583642
26583644
26583651
26583653
26583654
26583658
26583660
26583668
26583717
26583718
26583724
26583732
26583747
26583749
26583750
26583754
26583756
26583762
26583764
26583777
26583778
26583780
26583784
26583792
26583877
26583878
26583884
26583942
26583972
26584001
26584002
26584004
26584008
26584016
26584032
26584418
26584420
26584643
26584645
26584646
26584658
26584674
26584676
26584800
26587207
26587219
26587221
26587222
26587235
26587237
26587238
26587242
26587244
26587250
26587252
26587362
26587459
26587461
26587462
26587466
26587468
26587474
26587476
26587492
26587586
26587588
26587717
26587718
26587722
26587724
26587730
26587732
26587812
26587842
26587872
26587972
26588096
26588738
26599495
26599507
26599509
26599510
26599523
26599525
26599526
26599530
26599532
26599538
26599540
26599650
26599747
26599749
26599750
26599754
26599756
26599762
26599764
26599780
26599874
26599876
26599971
26599973
26599978
26599980
26599986
26599988
26600005
26600006
26600010
26600012
26600018
26600020
26600040
26600048
26600098
26600100
26600130
26600160
26600195
26600197
26600198
26600202
26600204
26600210
26600212
26600226
26600228
26600257
26600260
26600264
26600272
26600288
26600322
26600324
26600384
26600770
26600772
26600834
26600836
26600896
26600996
26601026
26601056
26601218
26601220
26601280
26601794
26602242
26602244
26603590
26603602
26603844
26604292
26628940
26629708
26629772
26629832
26633862
26633890
26633892
26633922
26633952
26657564
26657620
26657624
26657732
26658466
26658468
26658528
26658692
26658752
26659268
26659652
26659716
26659776
26660164
26660228
26660288
26661652
26661700
26661712
26662468
26662592
26666626
26666688
26722406
26722630
26722636
26722644
26722660
26722756
26722886
26722892
26722900
26723140
26723204
26723264
26723652
26723716
26723776
26723908
26724032
26726724
26730820
26890407
26890411
26890956
26891843
26894503
26894507
26894509
26894510
26894566
26894758
26895014
26895046
26895076
26895526
26895586
26896006
26896034
26896036
26896066
26896096
26896550
26896774
26898598
26898602
26898604
26900034
26927267
26927269
26927270
26927330
26927522
26927524
26927778
26927780
26927810
26927840
26928676
26928706
26928736
26929442
26929444
26931362
26992802
26993026
28396484
28396870
28396900
28397380
28412868
28413828
28429248
28429664
28430082
28430084
28430088
28430096
28430112
28430144
28430208
28460996
28462020
28462916
28477318
28477324
28477332
28477348
28477380
28478404
28479364
28481412
28485508
28493592
28493648
28493698
28493700
28493704
28493712
28493728
28493760
28494784
28495680
28495744
28497728
28525508
28525900
28526020
28526156
28526276
28527300
28527940
28528196
28529988
28530244
28542118
28542342
28542404
28542598
28542604
28542612
28542628
28542660
28542852
28543428
28543684
28544644
28558498
28558658
28558660
28558664
28558672
28558688
28558722
28558724
28558728
28558736
28558752
28558784
28558914
28558916
28558920
28558928
28558944
28558978
28558984
28558992
28559008
28559040
28559106
28559108
28559112
28559136
28559168
28559940
28560064
28560418
28560642
28560644
28560648
28560656
28560768
28560898
28560900
28560904
28560960
28561024
28566688
28579660
28579668
28579784
28579792
28581460
28581584
28583874
28583904
28585572
28585696
28591900
28591960
28592006
28592012
28592020
28592034
28592036
28592066
28592068
28592072
28593702
28593745
28593761
28593762
28593764
28593826
28593828
28593986
28593988
28594052
28596048
28596100
28596104
28596112
28596160
28597840
28597856
28597904
28598080
28600196
28600224
28600256
28601892
28601952
28602016
28602176
28608390
28608396
28608401
28608404
28608408
28608417
28608418
28608420
28608424
28608450
28608452
28608456
28610086
28610104
28610148
28610209
28610210
28610212
28610216
28610328
28610372
28610436
28610440
28612496
28612512
28612544
28614192
28614304
28614416
28614528
28616592
28616608
28618288
28618400
28618528
28618624
28624784
28626752
28626816
28640467
28640738
28641100
28641218
28641220
28641224
28642375
28642406
28642499
28642530
28642630
28642660
28642754
28642916
28643140
28644423
28644430
28644547
28644554
28644940
28645064
28645188
28645312
28646470
28646594
28646980
28647104
28648525
28648526
28648540
28648643
28648646
28648649
28648650
28648658
28648664
28648674
28648898
28649154
28649184
28649408
28650565
28650566
28650572
28650580
28650596
28650689
28650690
28650692
28650696
28650704
28650720
28650820
28650944
28651076
28651200
28652614
28654784
28655695
28655725
28655726
28655815
28655819
28655846
28655950
28655980
28656070
28656100
28656205
28656236
28656294
28656356
28656460
28656518
28656524
28656532
28656536
28656548
28656580
28656715
28656775
28656779
28656806
28656835
28656866
28657030
28657060
28657090
28657314
28657316
28657420
28657538
28657540
28657544
28657735
28657766
28657859
28657890
28657990
28658020
28658114
28658276
28658338
28658500
28658562
28658564
28658568
28658695
28658726
28658755
28658786
28658819
28658850
28658950
28658980
28659010
28659074
28659236
28659460
28659783
28659790
28659798
28659813
28659814
28659910
28659914
28660038
28660068
28660293
28660294
28660300
28660308
28660424
28660548
28660612
28660616
28660806
28660810
28660874
28661320
28661384
28661508
28661830
28661954
28662340
28662464
28662790
28662850
28662914
28663360
28663886
28663900
28663916
28664005
28664006
28664009
28664012
28664020
28664024
28664036
28664140
28664260
28664396
28664484
28664708
28664905
28664920
28664965
28664969
28664972
28664980
28664996
28665025
28665040
28665056
28665220
28665280
28665504
28665536
28665925
28665926
28665932
28665940
28665956
28666049
28666050
28666056
28666064
28666080
28666180
28666304
28666436
28666528
28666560
28666885
28666886
28666892
28666900
28666916
28666946
28667009
28667010
28667012
28667016
28667024
28667040
28667072
28667140
28667264
28667396
28667520
28667988
28668228
28672079
28672087
28672091
28672103
28672107
28672109
28672110
28672115
28672117
28672118
28672199
28672203
28672211
28672230
28672327
28672331
28672334
28672339
28672342
28672355
28672357
28672358
28672362
28672364
28672370
28672372
28672454
28672482
28672484
28672551
28672555
28672557
28672558
28672563
28672565
28672566
28672569
28672583
28672587
28672589
28672595
28672597
28672613
28672614
28672617
28672620
28672625
28672628
28672678
28672681
28672689
28672740
28672775
28672779
28672781
28672782
28672787
28672789
28672790
28672793
28672796
28672803
28672805
28672806
28672809
28672810
28672812
28672817
28672818
28672820
28672824
28672835
28672838
28672841
28672842
28672844
28672849
28672850
28672852
28672856
28672865
28672866
28672868
28672872
28672902
28672905
28672908
28672913
28672916
28672920
28672929
28672930
28672932
28672936
28672962
28672964
28672968
28673095
28673099
28673107
28673126
28673159
28673163
28673171
28673190
28673193
28673201
28673219
28673250
28673350
28673378
28673380
28673414
28673441
28673442
28673444
28673448
28673474
28673574
28673577
28673585
28673636
28673673
28673681
28673697
28673698
28673700
28673704
28673798
28673801
28673804
28673809
28673812
28673816
28673825
28673826
28673828
28673832
28673858
28673860
28673864
28673924
28673928
28674119
28674123
28674131
28674150
28674374
28674402
28674404
28674598
28674601
28674609
28674660
28674822
28674825
28674828
28674833
28674836
28674840
28674849
28674850
28674852
28674856
28674882
28674884
28674888
28674948
28674952
28675079
28675083
28675091
28675110
28675113
28675121
28675139
28675170
28675334
28675361
28675362
28675364
28675368
28675394
28675593
28675601
28675617
28675618
28675620
28675624
28675844
28675848
28676167
28676179
28676182
28676195
28676197
28676198
28676291
28676294
28676419
28676422
28676452
28676643
28676645
28676649
28676677
28676678
28676684
28676692
28676769
28676867
28676869
28676870
28676873
28676876
28676884
28676888
28676897
28676898
28676900
28676904
28676929
28676932
28676936
28676944
28676960
28676993
28676996
28677000
28677008
28677024
28677056
28677187
28677190
28677251
28677281
28677536
28677665
28677761
28677776
28677792
28677889
28677892
28677896
28677920
28677952
28678211
28678214
28678689
28678913
28678916
28678920
28678928
28678944
28679171
28679174
28679201
28679234
28679681
28679688
28680263
28680270
28680275
28680277
28680278
28680282
28680284
28680291
28680293
28680294
28680298
28680300
28680306
28680308
28680387
28680389
28680390
28680394
28680396
28680402
28680404
28680418
28680420
28680515
28680517
28680518
28680522
28680524
28680530
28680532
28680548
28680642
28680644
28680739
28680741
28680745
28680746
28680748
28680754
28680756
28680760
28680773
28680774
28680778
28680780
28680786
28680788
28680808
28680816
28680865
28680866
28680868
28680872
28680880
28680898
28680928
28680963
28680965
28680966
28680969
28680970
28680972
28680978
28680980
28680984
28680994
28680996
28681000
28681025
28681028
28681032
28681040
28681056
28681089
28681090
28681092
28681096
28681104
28681120
28681152
28681283
28681285
28681286
28681290
28681298
28681300
28681316
28681347
28681349
28681353
28681354
28681356
28681361
28681362
28681364
28681377
28681378
28681380
28681384
28681392
28681409
28681424
28681440
28681538
28681540
28681601
28681602
28681604
28681608
28681616
28681632
28681664
28681761
28681764
28681768
28681776
28681794
28681796
28681824
28681857
28681858
28681864
28681872
28681888
28681920
28681985
28681986
28681988
28681992
28682016
28682048
28682307
28682309
28682310
28682314
28682316
28682322
28682324
28682338
28682340
28682434
28682562
28682564
28682785
28682786
28682788
28682792
28682800
28682818
28682820
28682848
28682912
28683009
28683010
28683012
28683016
28683024
28683040
28683267
28683269
28683270
28683273
28683274
28683276
28683281
28683282
28683284
28683297
28683298
28683300
28683304
28683312
28683329
28683330
28683336
28683344
28683360
28683393
28683394
28683424
28683456
28683521
28683522
28683524
28683528
28683536
28683777
28683778
28683780
28683784
28683840
28683904
28684370
28684372
28684612
28684840
28684960
28685060
28685064
28685441
28685472
28686402
28687361
28687362
28688467
28688483
28688489
28688490
28688497
28688498
28688579
28688610
28688707
28688710
28688714
28688722
28688737
28688740
28688744
28688752
28688834
28688864
28688931
28688937
28688938
28688946
28688969
28688977
28689000
28689008
28689058
28689120
28689155
28689158
28689161
28689162
28689164
28689170
28689172
28689176
28689185
28689186
28689188
28689192
28689200
28689220
28689224
28689232
28689282
28689284
28689288
28689296
28689312
28689344
28689475
28689539
28689570
28689730
28689760
28689794
28689824
28690016
28690080
28690178
28690180
28690184
28690208
28690240
28690499
28690530
28690754
28690784
28690978
28691040
28691202
28691204
28691208
28691216
28691232
28691459
28691490
28691714
28692562
28693072
28693252
28693256
28694594
28695554
28696657
28696658
28696660
28696664
28696680
28696688
28696769
28696784
28696800
28696897
28696900
28696904
28696912
28697024
28697128
28697160
28697168
28697248
28697348
28697352
28697665
28697680
28697729
28697760
28698689
28698690
28698696
28698704
28698720
28699649
28699650
28700752
28722116
28723076
28723652
28724036
28724100
28724548
28724612
28738329
28738332
28738360
28738388
28738392
28738456
28738500
28738968
28739224
28739352
28739460
28739464
28740036
28740376
28740420
28740484
28740488
28740888
28740932
28740996
28741000
28741144
28742420
28742424
28742468
28742480
28742544
28743056
28743312
28744464
28745344
28746520
28746656
28747168
28748448
28748960
28754712
28754768
28754880
28756416
28757376
28787020
28787140
28787276
28787588
28788100
28789060
28789316
28790020
28790276
28791108
28803398
28803404
28803412
28803428
28803524
28803625
28803660
28803668
28803846
28803849
28803852
28803860
28803864
28803876
28803880
28803908
28803912
28803972
28803976
28804420
28804484
28804488
28804676
28804744
28804868
28804872
28805444
28805700
28805892
28805896
28806404
28806408
28806660
28806664
28807492
28807940
28807944
28811588
28811816
28811936
28812036
28812040
28812448
28819780
28819784
28819792
28819904
28820040
28820048
28820228
28820232
28847840
28855827
28855843
28855858
28855889
28855905
28855906
28855908
28855970
28855972
28856098
28856130
28856132
28856196
28859921
28859952
28860000
28860176
28860224
28864017
28864048
28864080
28864096
28864288
28864320
28872516
28872580
28888896
28888960
28902882
28903362
28903364
28903368
28907456
28911298
28911328
28911552
28913344
28918438
28918500
28918662
28918668
28918676
28918680
28918692
28918724
28919107
28919110
28919122
28919137
28919138
28919140
28919331
28919334
28919345
28919346
28919363
28919377
28919393
28919394
28919396
28919458
28919460
28919555
28919558
28919564
28919569
28919570
28919572
28919576
28919585
28919586
28919588
28919618
28919620
28919682
28919684
28919688
28920355
28920358
28920369
28920370
28920387
28920401
28920417
28920418
28920420
28920482
28920579
28920582
28920588
28920593
28920594
28920596
28920600
28920609
28920610
28920612
28920642
28920644
28920706
28920708
28920712
28921154
28921347
28921361
28921377
28921378
28921380
28921602
28921604
28922756
28922760
28923232
28923425
28923457
28923458
28923472
28923649
28923650
28923652
28923656
28923680
28924449
28924450
28924481
28924482
28924496
28924512
28924673
28924674
28924676
28924680
28924704
28925441
28925442
28926628
28926852
28927298
28927328
28927521
28927524
28927536
28927553
28927554
28927556
28927568
28927648
28927680
28927745
28927746
28927748
28928545
28928546
28928548
28928560
28928577
28928578
28928580
28928592
28928608
28928672
28928704
28928769
28928770
28928772
28928800
28929537
28929538
28929540
28929600
28934822
28934884
28935046
28935052
28935060
28935076
28935106
28935108
28935112
28935522
28935524
28935718
28935780
28935844
28935942
28935948
28935956
28935972
28936002
28936004
28936008
28936068
28936804
28937026
28937028
28937032
28937092
28937764
28937988
28939140
28939200
28940036
28940096
28943012
28943042
28943072
28943236
28943296
28943908
28943938
28943940
28943968
28944064
28944132
28944192
28944962
28944964
28944992
28945924
28945984
28951202
28951264
28951426
28951428
28951432
28951440
28951456
28951488
28951904
28952160
28952224
28952322
28952324
28952328
28952384
28953122
28953184
28953346
28953348
28953352
28953360
28953376
28959392
28972744
28976354
28976834
28976864
28983463
28983467
28983469
28983470
28983526
28983708
28983718
28983974
28984036
28984260
28984486
28984546
28984994
28984996
28985220
28985395
28985510
28985619
28985628
28985635
28985638
28985650
28985698
28985734
28985740
28985748
28985762
28985764
28985796
28986146
28986178
28986180
28986244
28986466
28986658
28986690
28986692
28986756
28986914
28987557
28987558
28987561
28987562
28987796
28988104
28988513
28988752
28988961
28988993
28989000
28989008
28989064
28989490
28989714
28989716
28989730
28989776
28989828
28990032
28991653
28991654
28991657
28991660
28991716
28991908
28992164
28992676
28992736
28993184
28993700
28993826
28993828
28993888
28993924
28993952
28994656
28995748
28995752
28999910
29000358
29000420
29000644
29000806
29000870
29000930
29001254
29001316
29001380
29001540
29001604
29002180
29002564
29002628
29003076
29008098
29008100
29008578
29008608
29008996
29009120
29009444
29016227
29016230
29016233
29016234
29016290
29016482
29016738
29016800
29017024
29017250
29017760
29018274
29018402
29018498
29018500
29018528
29018560
29020321
29020322
29024417
29024418
29024420
29024424
29024480
29024672
29024928
29025440
29026464
29028512
29048998
29049222
29049228
29049236
29049252
29049284
29049732
29050178
29050180
29050244
29050626
29050628
29050915
29050918
29050930
29050978
29051042
29051139
29051142
29051148
29051154
29051156
29051170
29051172
29051202
29051204
29051266
29051268
29051426
29051458
29051460
29051650
29051652
29051938
29052162
29052164
29052418
29052420
29053316
29055010
29055234
29055236
29057188
29057412
29059106
29059108
29059168
29059232
29059330
29059332
29065668
29066564
29067012
29067588
29067844
29068804
29081762
29081986
29081988
29082016
29082048
29083682
29083906
29083908
29089952
29104008
29109570
29115332
29116292
29116770
29117218
29117250
29117252
29117316
29117730
29117762
29117986
29124960
29131672
29131716
29132568
29132612
29132676
29132680
29133592
29133636
29133700
29133704
29135760
29139872
29140384
29141664
29148096
29164484
29164627
29165378
29165380
29165444
29165448
29166404
29166468
29166659
29166690
29166914
29173830
29173954
29174790
29174850
29174914
29180804
29180995
29181250
29181698
29181700
29182019
29182050
29182274
29182498
29182722
29182724
29182979
29183010
29183234
29189185
29189200
29190209
29190210
29190224
29190240
29191169
29191170
29197188
29197192
29198084
29198088
29199108
29199112
29205152
29205633
29205664
29206594
29207553
29207554
29270688
29271200
32575249
32575265
32575266
32575298
32579344
32579360
32579392
32583456
32583488
32583552
32591680
32704152
32704280
32704388
32704392
32705220
32705634
32705826
32705858
32705860
32706065
32706072
32706081
32706082
32706114
32706116
32706180
32706184
32708232
32708360
32710145
32710152
32712352
32713762
32713824
32713986
32714241
32714242
32720260
32720320
32721600
32721954
32722178
32722180
32722434
32722436
32736580
32736704
32736904
32736928
32737028
32737032
32738820
32738824
32834332
32834380
32834456
32834500
32835352
32835460
32835464
32836420
32836484
32836488
32838412
32838536
32839432
32841820
32842889
32843424
32843846
32843970
32844448
32844803
32844806
32844809
32844817
32844818
32844833
32844834
32844865
32844866
32844880
32844929
32844930
32845057
32845058
32845313
32845314
32848897
32848898
32850700
32850820
32852740
32861185
32861186
32874578
32874820
32875048
32875168
32875268
32875272
32890960
32997700
32998148
32998152
33166881
33169574
33177766
33179938
33185956
33218720
33243524
33245442
54744460
54744520
54744716
54744776
54744964
54745024
54745796
54746048
54746380
54746440
54746500
54746560
54746636
54746696
54746756
54746816
54748550
54749060
54749892
54750342
54750596
54750852
54777160
54777224
54777416
54777480
54777608
54778560
54779144
54779400
54880454
54881414
54894679
54894683
54894685
54894686
54894950
54895161
54895385
54895398
54895401
54895416
54895430
54895460
54895769
54896544
54896838
54897568
54897689
54897734
54897798
54897801
54897809
54897858
54898080
54898336
54899241
54899465
54899496
54899849
54901769
54901889
54911059
54911065
54911066
54913218
54914114
54914178
55018041
55018281
55021900
55022121
55022156
55022404
55025990
55026201
55026438
55026441
55026456
55026500
55030281
55030536
55038280
55038536
55038728
55789190
55789196
55789204
55789218
55789220
55789250
55789256
55789444
55790274
55790276
55790280
55790620
55790668
55790680
55790726
55790732
55790740
55790754
55790756
55790786
55790792
55790980
55791236
55794368
55794700
55794760
55797378
55798464
55798914
55821848
55821896
55821904
55821954
55821960
55821968
55821984
55823040
55825928
55918812
55919556
55919832
55920516
55920732
55920852
55921092
55921540
55921752
55924812
55925832
55929026
55929986
55935063
55935067
55935069
55935070
55935196
55935324
55935334
55935545
55935580
55935782
55935785
55935800
55935814
55935820
55935828
55935832
55935844
55935940
55936092
55936216
55936836
55937116
55937236
55937476
55937860
55938132
55938136
55938372
55939164
55939404
55939625
55939660
55939880
55939908
55939912
55941196
55942216
55943254
55943258
55943260
55943494
55943721
55943736
55943942
55943945
55943960
55944004
55944329
55944864
55945286
55945410
55945888
55946246
55946249
55946369
55946370
55946400
55947816
55948040
55951443
55951449
55951450
55951452
55951576
55951704
55951960
55952152
55952196
55952200
55952208
55952472
55953496
55953616
55955544
55955784
55956040
55956232
55959634
55959640
55961666
55962626
55986052
55986628
55987076
55987588
56003012
56003396
56003908
56052356
56066140
56066601
56066616
56066636
56066644
56066648
56066884
56068676
56070696
56070728
56074761
56074776
56078856
56082520
56082968
56083016
56087048
56821401
56821404
56821425
56821432
56821464
56821638
56821641
56821644
56821649
56821656
56821665
56821672
56821704
56822950
56823116
56823128
56823174
56823240
56823321
56823324
56823337
56823352
56823372
56823384
56823430
56823433
56823436
56823441
56823448
56823457
56823464
56823496
56823576
56823688
56825481
56825484
56825496
56825505
56825512
56825544
56825729
56825732
56825736
56827208
56827401
56827404
56827416
56827432
56827464
56827521
56827524
56827528
56827656
56829585
56829592
56829825
56829828
56829832
56831110
56831497
56831512
56831617
56831620
56831624
56833665
56833672
56835592
56837784
56838024
56839244
56839256
56839302
56839368
56839436
56839448
56839560
56839692
56839704
56839816
56841864
56843336
56843784
56854168
56854278
56854281
56854284
56854289
56854296
56854305
56854306
56854312
56854338
56854344
56854408
56855234
56855240
56855622
56855640
56855650
56855746
56855752
56855814
56855842
56855874
56855880
56856070
56856073
56856076
56856081
56856088
56856097
56856098
56856104
56856130
56856136
56856200
56856328
56858369
56858372
56858376
56860161
56860168
56862465
56862468
56862472
56864002
56864257
56864258
56864264
56870664
56872194
56872450
56872456
56960153
56961222
56962073
56962182
56962185
56962193
56964233
56966153
56966273
56967388
56968408
56969308
56970328
56983639
56983643
56983645
56983646
56983772
56983900
56983910
56984121
56984156
56984345
56984348
56984358
56984361
56984376
56984390
56984396
56984408
56984472
56984668
56984792
56985240
56985368
56985692
56986392
56986504
56986712
56987160
56987740
56987980
56988201
56988425
56988428
56988440
56988456
56988484
56988488
56988552
56989448
56990472
56991827
56991829
56991834
56991836
56992100
56992312
56992536
56992548
56992552
56992580
56992672
56992913
56993184
56993986
56994464
56994833
56994882
56994945
56994946
56994976
56996392
56996616
56996993
56998913
57000019
57000025
57000026
57000028
57000152
57000280
57000536
57000728
57001048
57002072
57004120
57004360
57004808
57008209
57008216
57022344
57023368
57024024
57024136
57056008
57056776
57082776
57083544
57083784
57084808
57085464
57085576
57086856
57087624
57089544
57114716
57114950
57114956
57115161
57115164
57115192
57115224
57115288
57115398
57115401
57115404
57115416
57115432
57115464
57115528
57116184
57116424
57117208
57117320
57117448
57118216
57119044
57119241
57119244
57119256
57119272
57119304
57119368
57119492
57119496
57120264
57121288
57123140
57123352
57123588
57123592
57127432
57131096
57131336
57131544
57131784
57135624
57224721
57226785
57227009
57228801
57247512
57249304
57251592
57283276
57283683
57284131
57284137
57284145
57284163
57284172
57284193
57284233
57284236
57284248
57284257
57284264
57284296
57284369
57284376
57284385
57284488
57286161
57286168
57286177
57286280
57291843
57292291
57292297
57292305
57292321
57292353
57292417
57292424
57292545
57294337
57299109
57299113
57299116
57299340
57299348
57299596
57300035
57300065
57300304
57300483
57300492
57300513
57300616
57301011
57301251
57301260
57301266
57301268
57301328
57302096
57308225
57308673
57315980
57316040
57316873
57316876
57316888
57316897
57316904
57316936
57317000
57317128
57318920
57325057
57325064
57331873
57331880
57332360
57333256
57345688
57345816
57345928
57347601
57347608
57347720
57349665
57349768
57349889
57349896
57351681
57351688
57357825
57360774
57360780
57362451
57362566
57362700
57364868
57366531
57366786
57366788
57368964
57378328
57378568
57380360
57382408
57393538
57395330
57395458
57486353
57490433
57546273
57546376
57554433
57578120
57579016
57870212
57870216
57871896
57872004
57872008
57875976
57904648
57999580
58000280
58000324
58000600
58001048
58001284
58001288
58001620
58001860
58002308
58002312
58002520
58002968
58004360
58005128
58007048
58008713
58009794
58010753
58010754
58015956
58015960
58016196
58016644
58032211
58032213
58032214
58032220
58032340
58032454
58032460
58032468
58032484
58032580
58032681
58032724
58032902
58032905
58032908
58032916
58032920
58032932
58032936
58032964
58032968
58033028
58033032
58033236
58033476
58033924
58033928
58034260
58034500
58034948
58034952
58036308
58036548
58036996
58037000
58040402
58040404
58040644
58040872
58040992
58041092
58041096
58041473
58041504
58042434
58043393
58043394
58048593
58048594
58048596
58048600
58048720
58048836
58048840
58048848
58049104
58049284
58049288
58049616
58050640
58052688
58056784
58066820
58066824
58067844
58067848
58082692
58131096
58132104
58133128
58135176
58163284
58163524
58163721
58163724
58163732
58163736
58163752
58163784
58163848
58163972
58163976
58164744
58165768
58167816
58171912
58179664
58180104
58263320
58263428
58263432
58265105
58265112
58267393
58267400
58295620
58296068
58296072
58327270
58327780
58328004
58328230
58328617
58328713
58328728
58328737
58328740
58328744
58328856
58328964
58328968
58329540
58330648
58331848
58332227
58332675
58332681
58332684
58332689
58332696
58332705
58332712
58332737
58332744
58332801
58332808
58332929
58332936
58334721
58334728
58336777
58336897
58340865
58340872
58343589
58343590
58343593
58343596
58343652
58343814
58343820
58343828
58343844
58343876
58344100
58344324
58344612
58344836
58345636
58345740
58345860
58347684
58347688
58347908
58348168
58348609
58348624
58349057
58349064
58349586
58349648
58349826
58349828
58351780
58352004
58360034
58360036
58360260
58360994
58361353
58361368
58361384
58361608
58362180
58365441
58365448
58376353
58376354
58376356
58376360
58376578
58376580
58378498
58378500
58380448
58384544
58394136
58394248
58398209
58398216
58409124
58409348
58415106
58426888
58443778
58593928
58594817
58594824
61162588
61186131
61186133
61186134
61186374
61186404
61186976
61187209
61187217
61187488
61187744
61191297
61194323
61194325
61194326
61194332
61194452
61194580
61194596
61194836
61195028
61195044
61195088
61195348
61195472
61196372
61198420
61198660
61199108
61202513
61202516
61202756
61203204
61325396
61325636
61325640
62226515
62226517
62226518
62226524
62226644
62226758
62226764
62226772
62226788
62226884
62227028
62227268
62227332
62227336
62227540
62227780
62230612
62230852
62234706
62234708
62234948
62235296
62235777
62235808
62242897
62242898
62242900
62242904
62243024
62243140
62243144
62243152
62243408
62243588
62243592
62243920
62244944
62246992
62251088
62373968
65211921
65211928
65339612
65340312
65340508
65340632
65341080
65341208
65342483
65342513
65342531
65342545
65342546
65342552
65342562
65342753
65342754
65342993
65343000
65343009
65343010
65344392
65346563
65346593
65346625
65347073
65348745
65349826
65350659
65350662
65350665
65350673
65350674
65350689
65350690
65350721
65350722
65350785
65350786
65350913
65350914
65351169
65351170
65354753
65354754
65355992
65358851
65358866
65358882
65367041
65367042
65372243
65372245
65372246
65372252
65372713
65372937
65372952
65372968
65376340
65376580
65377028
65377032
65380434
65380436
65380676
65380904
65381024
65381124
65381128
65381505
65381536
65382466
65383425
65383426
65388625
65388626
65388628
65388632
65392720
65396816
65408289
65408290
65471128
65473569
65473570
65475208
65481729
65481730
65503753
65503768
65503784
65504008
65507848
65511944
65873986
65874945
65874946
66399233
66399234
66420820
66421060
66421508
66421512
66437200
84234415
84234423
84234427
84234663
84234667
84234669
84234670
84234678
84234682
84234684
84234726
84234730
84234732
84235173
84235174
84235180
84235686
84235690
84235945
84242599
84242605
84242823
84242827
84242829
84242830
84242854
84242858
84242860
84243333
84243334
84243364
84243591
84243595
84243597
84243603
84243609
84243610
84243619
84243625
84243626
84243651
84243657
84243843
84243849
84243850
84243874
84243880
84244099
84244105
84244106
84244129
84244136
84244353
84244354
84244384
84245635
84245637
84245638
84245649
84245650
84245665
84245889
84245890
84245920
84255063
84255067
84255069
84255070
84255079
84255083
84255085
84255086
84255094
84255098
84255100
84255206
84255511
84255515
84255517
84255518
84255527
84255533
84255542
84255545
84255546
84255548
84255573
84255574
84255604
84255641
84255654
84255672
84256102
84256166
84256184
84256313
84256433
84256537
84256550
84256553
84256568
84256582
84256612
84256646
84256649
84256657
84256673
84256674
84256676
84256680
84256688
84256706
84256736
84258720
84259143
84259147
84259149
84259150
84259174
84259178
84259180
84259371
84259373
84259374
84259385
84259403
84259405
84259406
84259433
84259436
84259497
84259591
84259595
84259597
84259598
84259609
84259622
84259625
84259626
84259628
84259640
84259653
84259654
84259657
84259658
84259684
84259688
84259721
84259752
84260233
84260264
84260393
84260513
84260617
84260648
84260737
84260768
84261641
84261672
84261761
84261792
84275463
84275469
84275470
84275494
84275500
84275973
84275974
84276004
84386150
84386585
84386598
84386616
84390441
84390665
84390696
84398343
84398349
84398350
84398364
84398374
84398380
84398412
84398476
84398853
84398854
84398860
85262823
85262829
85262830
85262838
85262844
85263031
85263037
85263038
85263093
85263100
85263271
85263277
85263278
85263286
85263292
85263333
85263334
85263340
85263543
85263549
85263550
85263783
85263789
85263790
85263798
85263804
85263846
85264053
85264060
85264293
85264294
85264300
85264615
85264621
85264622
85264629
85264630
85264869
85264870
85264876
85265063
85265069
85265070
85265077
85265078
85265125
85265126
85265132
85265317
85265318
85265324
85265575
85265581
85265582
85265589
85265590
85265638
85265829
85265830
85265836
85266085
85266086
85266092
85266918
85266924
85267111
85267117
85267118
85267173
85267180
85267366
85267372
85267428
85267623
85267629
85267630
85267878
85267884
85268133
85268140
85268388
85268709
85268710
85268964
85269157
85269158
85269220
85269412
85269669
85269670
85269924
85270180
85270983
85270989
85270990
85270998
85271004
85271014
85271207
85271213
85271214
85271222
85271228
85271239
85271245
85271246
85271254
85271260
85271269
85271276
85271284
85271431
85271437
85271438
85271446
85271452
85271462
85271493
85271494
85271500
85271508
85271695
85271703
85271709
85271710
85271719
85271725
85271726
85271734
85271740
85271751
85271757
85271766
85271772
85271782
85271943
85271949
85271950
85271958
85271964
85271974
85272006
85272199
85272205
85272206
85272214
85272220
85272229
85272230
85272236
85272244
85272292
85272453
85272454
85272460
85272468
85272484
85272516
85272775
85272781
85272782
85272789
85272790
85272796
85272805
85272806
85272812
85272820
85273029
85273030
85273036
85273044
85273060
85273253
85273254
85273260
85273268
85273285
85273286
85273292
85273300
85273316
85273477
85273478
85273484
85273492
85273508
85273540
85273735
85273741
85273742
85273749
85273750
85273765
85273766
85273772
85273780
85273797
85273798
85273812
85273828
85273989
85273990
85273996
85274004
85274020
85274052
85274245
85274246
85274252
85274260
85274276
85274500
85275078
85275084
85275302
85275308
85275340
85275364
85275526
85275532
85275588
85275798
85275814
85275820
85276038
85276044
85276300
85276324
85276548
85276869
85276870
85276884
85276900
85277124
85277348
85277572
85277829
85277830
85277860
85278084
85279143
85279147
85279149
85279150
85279158
85279162
85279164
85279413
85279417
85279420
85279653
85279657
85279660
85279668
85279672
85279929
85279930
85280166
85280169
85280170
85280184
85280440
85280676
85280680
85280935
85280939
85280941
85280942
85280949
85280950
85280998
85281189
85281190
85281194
85281196
85281204
85281252
85281445
85281446
85281449
85281452
85281460
85281508
85281700
85281704
85281958
85281961
85281962
85282212
85282216
85282468
85282472
85283238
85283242
85283244
85283493
85283497
85283500
85283748
85283752
85284003
85284009
85284010
85284258
85284264
85284513
85284520
85284768
85285027
85285029
85285030
85285282
85285284
85285537
85285540
85285792
85286049
85286050
85286304
85286560
85287303
85287307
85287309
85287310
85287318
85287322
85287324
85287559
85287563
85287565
85287566
85287574
85287578
85287580
85287589
85287593
85287596
85287604
85287608
85287813
85287817
85287820
85287828
85287832
85288086
85288090
85288105
85288106
85288120
85288152
85288326
85288329
85288330
85288585
85288586
85288600
85288616
85288840
85289125
85289126
85289130
85289132
85289140
85289157
85289158
85289172
85289188
85289349
85289350
85289354
85289356
85289364
85289380
85289412
85289605
85289606
85289610
85289612
85289620
85289636
85289640
85289860
85289864
85290117
85290118
85290121
85290122
85290148
85290152
85290372
85290632
85291398
85291402
85291404
85291658
85291660
85291684
85291688
85291908
85291912
85292194
85292200
85292418
85292680
85292704
85293218
85293220
85293442
85293444
85293698
85293728
85294209
85294210
85294240
85295590
85295911
85295915
85295917
85295918
85295926
85295930
85295932
85295973
85295980
85295988
85296038
85296100
85296486
85296550
85296610
85296934
85296996
85297058
85297060
85297382
85297510
85297634
85297636
85297830
85297892
85297958
85298020
85298082
85298084
85298278
85298342
85298402
85298470
85298532
85298594
85298596
85298726
85298788
85298850
85298852
85300006
85300010
85300012
85300068
85303750
85303974
85303992
85304036
85304071
85304075
85304077
85304078
85304086
85304090
85304092
85304133
85304137
85304140
85304148
85304152
85304198
85304201
85304216
85304260
85304486
85304504
85304546
85304646
85304710
85304713
85304770
85304873
85304888
85304969
85304984
85304993
85304994
85304996
85305000
85305008
85305056
85305094
85305097
85305112
85305156
85305217
85305218
85305220
85305224
85305248
85305446
85305570
85305572
85305670
85305794
85305796
85305894
85305897
85305912
85305926
85305956
85306017
85306018
85306020
85306024
85306032
85306050
85306080
85306118
85306121
85306136
85306180
85306241
85306242
85306244
85306248
85306272
85306375
85306379
85306381
85306382
85306390
85306394
85306406
85306409
85306424
85306437
85306438
85306441
85306452
85306456
85306468
85306499
85306501
85306502
85306506
85306514
85306529
85306530
85306532
85306536
85306544
85306561
85306562
85306576
85306592
85306630
85306633
85306692
85306753
85306754
85306756
85306886
85306889
85306904
85307009
85307010
85307016
85307040
85308166
85308170
85308172
85308228
85308232
85308296
85308968
85309064
85309088
85309192
85309992
85310112
85310216
85310470
85310474
85310504
85310594
85310624
85310984
85312293
85312297
85312300
85312308
85312312
85312420
85312806
85312930
85313316
85313830
85313954
85313956
85314212
85314340
85314598
85314722
85314852
85315108
85316388
85316392
85320453
85320457
85320460
85320468
85320472
85320580
85320966
85321090
85321376
85321476
85321990
85322114
85322116
85322246
85322276
85322370
85322400
85322500
85322757
85322758
85322761
85322788
85322881
85322882
85322912
85323012
85324548
85324552
85410204
85410460
85410700
85410708
85410712
85411480
85411720
85412006
85412230
85412236
85412244
85412500
85412744
85414284
85414540
85414788
85414792
85415560
85416324
85420196
85420420
85442844
85443100
85443340
85443348
85443352
85443460
85444356
85444996
85445380
85445892
85446924
85447180
85447428
85447432
85611212
85612108
85612172
85612232
85617030
85617060
85672358
85674150
85674374
85680294
85680518
85682340
85682564
85795030
85795036
85795046
85795270
85795494
85795718
85795917
85795932
85795975
85795990
85796006
85796230
85796941
85796942
85796956
85797061
85797062
85797902
85798022
85801030
85801990
85803430
85805222
85808163
85808673
85809187
85809442
85810209
85810210
85811366
85811590
85811876
85812100
85812235
85812237
85812250
85812361
85813259
85813262
85813274
85813382
85813386
85813412
85813636
85814281
85816323
85816338
85817347
85817354
85817410
85817858
85818370
85829702
85829826
85830662
85830786
85873292
85874188
85874312
87360412
87360937
87360938
87360940
87361193
87361194
87361196
87361417
87361420
87362726
87364492
87364548
87364552
87365028
87365284
87365288
87365508
87365512
87366052
87366308
87366532
87369098
87369100
87369108
87369160
87369353
87369354
87369356
87369364
87369368
87369384
87369416
87370885
87371140
87373188
87374212
87380868
87381408
87381664
87393577
87393592
87393697
87393698
87393700
87393704
87393833
87393848
87393953
87393954
87393956
87393960
87397672
87397928
87401737
87401857
87401858
87401860
87401888
87401993
87402008
87402113
87402120
87402144
87403680
87491020
87495108
87495112
87495308
87495368
87523660
87523668
87523672
87523780
87524888
87527752
87692876
87692937
87693000
87697064
87753126
87754918
87755142
87761062
87761286
87763108
87769254
87769478
87769484
87769492
87771404
87883961
87884198
87884201
87884966
87884969
87892152
87892180
87892358
87892420
87893156
87893160
89466505
89466520
89466536
89466760
89467560
89467784
89499145
89499160
89499176
89499400
89500320
89500420
90511009
90515096
90515336
90515880
90516360
90547976
90548996
90641288
90673480
91685528
91717960
91718164
118964888
283191234
283207556
283317464
291675220
291675224
291675460
292719940
